machine_id,status,temperature,vibration,rpm,timestamp,cumulative_hours,daily_hours
1,running,95.84,0.5,817,2025-04-28 18:48:27,748.25,0.0
2,running,112.54,0.79,1060,2025-04-28 18:48:27,729.49,0.0
3,running,60,0.47,814,2025-04-28 18:48:27,744.92,0.0
4,idle,60.0,0.2,0,2025-04-28 18:48:27,778.92,0.0
5,running,132.94,0.48,210,2025-04-28 18:48:27,689.37,0.0
6,running,164.88,0.8,52,2025-04-28 18:48:27,766.44,0.0
7,idle,60.0,0.2,0,2025-04-28 18:48:27,675.79,0.0
8,running,69.2,0.66,313,2025-04-28 18:48:27,671.82,0.0
9,idle,60.0,0.2,0,2025-04-28 18:48:27,700.89,0.0
10,running,77.19,0.51,338,2025-04-28 18:48:27,692.34,0.0
1,idle,60.0,0.2,0,2025-04-28 18:48:29,775.91,0.07
2,running,123.89,0.9,991,2025-04-28 18:48:29,724.89,0.08
3,running,165.25,0.9,0,2025-04-28 18:48:29,728.2,0.07
4,running,265.09,0.9,1372,2025-04-28 18:48:29,702.71,0.08
5,idle,60.0,0.2,0,2025-04-28 18:48:29,796.09,0.07
6,running,129.52,0.31,78,2025-04-28 18:48:29,768.21,0.07
7,running,112.54,0.38,0,2025-04-28 18:48:29,651.36,0.07
8,running,135.64,0.64,825,2025-04-28 18:48:29,655.78,0.07
9,idle,60.0,0.2,0,2025-04-28 18:48:29,679.54,0.07
10,running,86.75,0.37,290,2025-04-28 18:48:29,685.75,0.08
1,running,160.23,0.64,1067,2025-04-28 18:48:37,748.25,0.01
2,running,204.71,0.9,907,2025-04-28 18:48:37,729.5,0.01
3,running,60,0.52,61,2025-04-28 18:48:37,744.92,0.01
4,running,60,0.38,0,2025-04-28 18:48:37,778.92,0.0
5,idle,60.0,0.2,0,2025-04-28 18:48:37,689.37,0.0
6,error,60.0,0.2,0,2025-04-28 18:48:37,766.44,0.0
7,running,136.36,0.58,69,2025-04-28 18:48:37,675.79,0.0
8,running,70.97,0.83,378,2025-04-28 18:48:37,671.82,0.01
9,running,60,0.23,717,2025-04-28 18:48:37,700.89,0.0
10,running,109.4,0.69,959,2025-04-28 18:48:37,692.34,0.01
1,idle,60.0,0.2,0,2025-04-28 18:48:39,775.91,0.07
2,running,181.14,0.9,744,2025-04-28 18:48:39,724.89,0.08
3,running,218.8,0.9,372,2025-04-28 18:48:39,728.21,0.08
4,running,300,0.9,821,2025-04-28 18:48:39,702.71,0.08
5,running,60,0.37,907,2025-04-28 18:48:39,796.09,0.07
6,running,201.0,0.35,0,2025-04-28 18:48:39,768.21,0.07
7,running,75.77,0.79,0,2025-04-28 18:48:39,651.36,0.07
8,running,227.05,0.9,981,2025-04-28 18:48:39,655.78,0.07
9,running,60,0.41,113,2025-04-28 18:48:39,679.55,0.08
10,running,69.42,0.37,350,2025-04-28 18:48:39,685.75,0.08
1,running,133.08,0.9,1338,2025-04-28 18:48:47,748.25,0.01
2,running,222.52,0.9,1177,2025-04-28 18:48:47,729.5,0.01
3,running,122.74,0.71,0,2025-04-28 18:48:47,744.92,0.01
4,running,101.65,0.68,0,2025-04-28 18:48:47,778.92,0.01
5,idle,60.0,0.2,0,2025-04-28 18:48:47,689.37,0.0
6,running,118.82,0.3,43,2025-04-28 18:48:47,766.44,0.01
7,idle,60.0,0.2,0,2025-04-28 18:48:47,675.79,0.0
8,running,60,0.9,0,2025-04-28 18:48:47,671.82,0.01
9,idle,60.0,0.2,0,2025-04-28 18:48:47,700.89,0.0
10,running,125.93,0.66,1271,2025-04-28 18:48:47,692.34,0.01
1,running,62.75,0.2,0,2025-04-28 18:48:49,775.91,0.07
2,running,165.97,0.9,330,2025-04-28 18:48:49,724.9,0.09
3,idle,60.0,0.2,0,2025-04-28 18:48:49,728.21,0.08
4,running,300,0.9,795,2025-04-28 18:48:49,702.71,0.08
5,running,135.76,0.54,230,2025-04-28 18:48:49,796.1,0.08
6,running,241.88,0.63,0,2025-04-28 18:48:49,768.21,0.07
7,running,64.46,0.9,370,2025-04-28 18:48:49,651.36,0.07
8,running,208.14,0.9,1530,2025-04-28 18:48:49,655.79,0.08
9,running,145.87,0.63,690,2025-04-28 18:48:49,679.55,0.08
10,running,151.56,0.87,1302,2025-04-28 18:48:49,685.75,0.08
1,running,174.64,0.9,2180,2025-04-28 18:48:57,748.26,0.01
2,running,300,0.9,1201,2025-04-28 18:48:57,729.5,0.01
3,running,182.85,0.89,0,2025-04-28 18:48:57,744.93,0.01
4,running,71.06,0.9,4,2025-04-28 18:48:57,778.93,0.01
5,running,74.95,0.29,213,2025-04-28 18:48:57,689.38,0.01
6,running,207.71,0.4,0,2025-04-28 18:48:57,766.44,0.01
7,running,81.94,0.35,694,2025-04-28 18:48:57,675.79,0.01
8,running,60,0.9,75,2025-04-28 18:48:57,671.82,0.01
9,running,69.29,0.33,611,2025-04-28 18:48:57,700.9,0.01
10,running,140.18,0.9,690,2025-04-28 18:48:57,692.35,0.01
1,running,73.22,0.48,0,2025-04-28 18:48:59,775.91,0.07
2,running,147.89,0.9,336,2025-04-28 18:48:59,724.9,0.09
3,running,60,0.21,781,2025-04-28 18:48:59,728.21,0.08
4,running,300,0.9,188,2025-04-28 18:48:59,702.72,0.09
5,running,195.16,0.5,0,2025-04-28 18:48:59,796.1,0.08
6,running,237.02,0.84,0,2025-04-28 18:48:59,768.22,0.08
7,running,119.05,0.87,127,2025-04-28 18:48:59,651.37,0.08
8,running,161.93,0.9,1022,2025-04-28 18:48:59,655.79,0.08
9,running,98.82,0.84,1117,2025-04-28 18:48:59,679.55,0.08
10,running,120.39,0.9,1107,2025-04-28 18:48:59,685.75,0.08
1,idle,60.0,0.2,0,2025-04-28 18:49:07,748.26,0.01
2,running,300,0.9,707,2025-04-28 18:49:07,729.5,0.01
3,running,216.07,0.9,0,2025-04-28 18:49:07,744.93,0.01
4,idle,60.0,0.2,0,2025-04-28 18:49:07,778.93,0.01
5,running,63.88,0.65,718,2025-04-28 18:49:07,689.38,0.01
6,running,204.34,0.61,0,2025-04-28 18:49:07,766.44,0.01
7,running,60,0.63,740,2025-04-28 18:49:07,675.79,0.01
8,running,60,0.9,1007,2025-04-28 18:49:07,671.83,0.01
9,running,167.06,0.47,629,2025-04-28 18:49:07,700.9,0.01
10,running,99.92,0.9,947,2025-04-28 18:49:07,692.35,0.01
1,running,121.92,0.79,0,2025-04-28 18:49:09,775.92,0.08
2,idle,60.0,0.2,0,2025-04-28 18:49:09,724.9,0.09
3,running,60,0.4,1074,2025-04-28 18:49:09,728.21,0.08
4,idle,60.0,0.2,0,2025-04-28 18:49:09,702.72,0.09
5,running,287.3,0.46,0,2025-04-28 18:49:09,796.1,0.08
6,running,239.28,0.9,0,2025-04-28 18:49:09,768.22,0.08
7,running,147.8,0.9,682,2025-04-28 18:49:09,651.37,0.08
8,running,238.73,0.9,44,2025-04-28 18:49:09,655.79,0.08
9,running,116.67,0.9,644,2025-04-28 18:49:09,679.55,0.08
10,idle,60.0,0.2,0,2025-04-28 18:49:09,685.75,0.08
1,running,88.0,0.67,336,2025-04-28 18:49:17,748.26,0.01
2,running,300,0.9,1016,2025-04-28 18:49:17,729.51,0.02
3,running,214.27,0.9,244,2025-04-28 18:49:17,744.93,0.02
4,running,137.35,0.39,0,2025-04-28 18:49:17,778.93,0.01
5,running,60,0.71,942,2025-04-28 18:49:17,689.38,0.01
6,running,227.53,0.66,357,2025-04-28 18:49:17,766.45,0.01
7,running,148.31,0.9,766,2025-04-28 18:49:17,675.8,0.01
8,idle,60.0,0.2,0,2025-04-28 18:49:17,671.83,0.01
9,running,258.0,0.7,965,2025-04-28 18:49:17,700.9,0.01
10,running,167.19,0.86,363,2025-04-28 18:49:17,692.35,0.02
1,idle,60.0,0.2,0,2025-04-28 18:49:19,775.92,0.08
2,running,140.56,0.61,0,2025-04-28 18:49:19,724.9,0.09
3,running,60.88,0.57,1237,2025-04-28 18:49:19,728.21,0.08
4,idle,60.0,0.2,0,2025-04-28 18:49:19,702.72,0.09
5,running,300,0.49,0,2025-04-28 18:49:19,796.1,0.08
6,running,275.52,0.9,0,2025-04-28 18:49:19,768.22,0.08
7,idle,60.0,0.2,0,2025-04-28 18:49:19,651.37,0.08
8,idle,60.0,0.2,0,2025-04-28 18:49:19,655.79,0.08
9,running,103.97,0.9,69,2025-04-28 18:49:19,679.56,0.09
10,idle,60.0,0.2,0,2025-04-28 18:49:19,685.75,0.08
1,idle,60.0,0.2,0,2025-04-28 18:49:27,748.26,0.01
2,idle,60.0,0.2,0,2025-04-28 18:49:27,729.51,0.02
3,running,206.23,0.9,491,2025-04-28 18:49:27,744.93,0.02
4,running,202.53,0.48,308,2025-04-28 18:49:27,778.93,0.01
5,running,60,0.7,1779,2025-04-28 18:49:27,689.39,0.01
6,running,241.93,0.9,428,2025-04-28 18:49:27,766.45,0.02
7,running,179.82,0.9,1336,2025-04-28 18:49:27,675.8,0.01
8,running,92.98,0.19,0,2025-04-28 18:49:27,671.83,0.02
9,running,285.19,0.87,1483,2025-04-28 18:49:27,700.91,0.01
10,running,191.56,0.89,1060,2025-04-28 18:49:27,692.35,0.02
1,running,67.7,0.46,142,2025-04-28 18:49:29,775.92,0.08
2,running,218.37,0.58,352,2025-04-28 18:49:29,724.9,0.09
3,running,80.77,0.9,1349,2025-04-28 18:49:29,728.22,0.09
4,error,60.0,0.2,0,2025-04-28 18:49:29,702.72,0.09
5,idle,60.0,0.2,0,2025-04-28 18:49:29,796.1,0.08
6,running,300,0.9,0,2025-04-28 18:49:29,768.22,0.08
7,running,60,0.16,540,2025-04-28 18:49:29,651.37,0.08
8,running,104.06,0.23,0,2025-04-28 18:49:29,655.79,0.08
9,idle,60.0,0.2,0,2025-04-28 18:49:29,679.56,0.09
10,running,94.45,0.63,260,2025-04-28 18:49:29,685.76,0.09
1,running,60,0.6,695,2025-04-28 18:49:37,748.26,0.02
2,running,147.78,0.57,0,2025-04-28 18:49:37,729.51,0.02
3,running,179.21,0.9,1459,2025-04-28 18:49:37,744.94,0.02
4,running,246.13,0.9,0,2025-04-28 18:49:37,778.94,0.02
5,running,90.79,0.9,1059,2025-04-28 18:49:37,689.39,0.02
6,running,300,0.9,1043,2025-04-28 18:49:37,766.45,0.02
7,running,274.7,0.89,2140,2025-04-28 18:49:37,675.8,0.02
8,error,60.0,0.2,0,2025-04-28 18:49:37,671.83,0.02
9,running,277.29,0.9,1856,2025-04-28 18:49:37,700.91,0.02
10,idle,60.0,0.2,0,2025-04-28 18:49:37,692.35,0.02
1,running,119.1,0.86,779,2025-04-28 18:49:39,775.92,0.08
2,running,182.79,0.83,123,2025-04-28 18:49:39,724.91,0.1
3,idle,60.0,0.2,0,2025-04-28 18:49:39,728.22,0.09
4,idle,60.0,0.2,0,2025-04-28 18:49:39,702.72,0.09
5,running,60,0.23,0,2025-04-28 18:49:39,796.11,0.09
6,running,292.25,0.9,492,2025-04-28 18:49:39,768.23,0.09
7,running,60,0.21,143,2025-04-28 18:49:39,651.37,0.08
8,running,116.95,0.36,596,2025-04-28 18:49:39,655.8,0.09
9,error,60.0,0.2,0,2025-04-28 18:49:39,679.56,0.09
10,running,191.55,0.76,37,2025-04-28 18:49:39,685.76,0.09
1,running,70.23,0.81,0,2025-04-28 18:49:47,748.27,0.02
2,running,244.15,0.77,62,2025-04-28 18:49:47,729.51,0.02
3,error,60.0,0.2,0,2025-04-28 18:49:47,744.94,0.02
4,running,300,0.9,714,2025-04-28 18:49:47,778.94,0.02
5,running,73.78,0.9,1731,2025-04-28 18:49:47,689.39,0.02
6,running,300,0.87,353,2025-04-28 18:49:47,766.46,0.02
7,running,300,0.9,2951,2025-04-28 18:49:47,675.81,0.02
8,running,149.62,0.35,0,2025-04-28 18:49:47,671.83,0.02
9,running,238.69,0.9,2173,2025-04-28 18:49:47,700.91,0.02
10,running,152.49,0.6,739,2025-04-28 18:49:47,692.36,0.02
1,running,126.62,0.82,1646,2025-04-28 18:49:49,775.92,0.08
2,error,60.0,0.2,0,2025-04-28 18:49:49,724.91,0.1
3,error,60.0,0.2,0,2025-04-28 18:49:49,728.22,0.09
4,running,104.95,0.21,0,2025-04-28 18:49:49,702.72,0.09
5,running,72.17,0.64,0,2025-04-28 18:49:49,796.11,0.09
6,running,300,0.9,687,2025-04-28 18:49:49,768.23,0.09
7,idle,60.0,0.2,0,2025-04-28 18:49:49,651.37,0.08
8,running,177.57,0.37,0,2025-04-28 18:49:49,655.8,0.09
9,running,126.1,0.39,0,2025-04-28 18:49:49,679.56,0.09
10,running,269.24,0.9,0,2025-04-28 18:49:49,685.76,0.09
1,running,60,0.83,0,2025-04-28 18:49:57,748.27,0.02
2,running,231.53,0.84,0,2025-04-28 18:49:57,729.51,0.03
3,running,129.07,0.46,0,2025-04-28 18:49:57,744.94,0.03
4,running,253.84,0.9,1131,2025-04-28 18:49:57,778.94,0.02
5,idle,60.0,0.2,0,2025-04-28 18:49:57,689.39,0.02
6,running,261.46,0.9,22,2025-04-28 18:49:57,766.46,0.03
7,running,300,0.9,2794,2025-04-28 18:49:57,675.81,0.02
8,idle,60.0,0.2,0,2025-04-28 18:49:57,671.83,0.02
9,running,220.11,0.9,1521,2025-04-28 18:49:57,700.91,0.02
10,idle,60.0,0.2,0,2025-04-28 18:49:57,692.36,0.02
1,running,137.22,0.9,2433,2025-04-28 18:49:59,775.93,0.09
2,running,94.92,0.2,0,2025-04-28 18:49:59,724.91,0.1
3,running,92.92,0.67,0,2025-04-28 18:49:59,728.22,0.09
4,running,120.95,0.66,0,2025-04-28 18:49:59,702.72,0.09
5,running,151.89,0.82,400,2025-04-28 18:49:59,796.11,0.09
6,running,300,0.9,650,2025-04-28 18:49:59,768.23,0.09
7,idle,60.0,0.2,0,2025-04-28 18:49:59,651.37,0.08
8,running,192.98,0.36,486,2025-04-28 18:49:59,655.8,0.09
9,running,122.77,0.71,676,2025-04-28 18:49:59,679.56,0.09
10,running,300,0.9,0,2025-04-28 18:49:59,685.77,0.1
1,running,144.77,0.9,372,2025-04-28 18:50:07,748.27,0.03
2,running,226.6,0.9,476,2025-04-28 18:50:07,729.52,0.03
3,running,154.99,0.85,0,2025-04-28 18:50:07,744.94,0.03
4,running,300,0.9,841,2025-04-28 18:50:07,778.94,0.03
5,running,60,0.45,0,2025-04-28 18:50:07,689.39,0.02
6,running,300,0.9,860,2025-04-28 18:50:07,766.46,0.03
7,running,300,0.9,2719,2025-04-28 18:50:07,675.81,0.03
8,idle,60.0,0.2,0,2025-04-28 18:50:07,671.83,0.02
9,running,283.2,0.9,977,2025-04-28 18:50:07,700.92,0.03
10,idle,60.0,0.2,0,2025-04-28 18:50:07,692.36,0.02
1,error,60.0,0.2,0,2025-04-28 18:50:09,775.93,0.09
2,idle,60.0,0.2,0,2025-04-28 18:50:09,724.91,0.1
3,running,98.61,0.72,0,2025-04-28 18:50:09,728.22,0.09
4,error,60.0,0.2,0,2025-04-28 18:50:09,702.72,0.09
5,running,133.99,0.9,1397,2025-04-28 18:50:09,796.12,0.1
6,running,296.85,0.9,488,2025-04-28 18:50:09,768.24,0.1
7,running,89.2,0.27,0,2025-04-28 18:50:09,651.38,0.09
8,running,194.12,0.8,0,2025-04-28 18:50:09,655.81,0.1
9,idle,60.0,0.2,0,2025-04-28 18:50:09,679.56,0.09
10,running,268.47,0.9,0,2025-04-28 18:50:09,685.77,0.1
1,running,141.93,0.9,0,2025-04-28 18:50:17,748.27,0.03
2,running,178.1,0.9,998,2025-04-28 18:50:17,729.52,0.03
3,running,249.93,0.9,401,2025-04-28 18:50:17,744.94,0.03
4,running,300,0.89,704,2025-04-28 18:50:17,778.95,0.03
5,running,60,0.45,0,2025-04-28 18:50:17,689.4,0.03
6,running,300,0.9,250,2025-04-28 18:50:17,766.46,0.03
7,idle,60.0,0.2,0,2025-04-28 18:50:17,675.81,0.03
8,running,60,0.26,217,2025-04-28 18:50:17,671.84,0.02
9,running,300,0.9,788,2025-04-28 18:50:17,700.92,0.03
10,running,135.32,0.67,0,2025-04-28 18:50:17,692.36,0.03
1,running,107.55,0.49,709,2025-04-28 18:50:19,775.93,0.09
2,running,68.66,0.43,782,2025-04-28 18:50:19,724.91,0.1
3,idle,60.0,0.2,0,2025-04-28 18:50:19,728.22,0.09
4,running,96.56,0.55,681,2025-04-28 18:50:19,702.73,0.1
5,running,159.56,0.9,551,2025-04-28 18:50:19,796.12,0.1
6,idle,60.0,0.2,0,2025-04-28 18:50:19,768.24,0.1
7,running,95.86,0.58,282,2025-04-28 18:50:19,651.38,0.09
8,running,242.64,0.9,0,2025-04-28 18:50:19,655.81,0.1
9,running,60,0.6,14,2025-04-28 18:50:19,679.57,0.1
10,running,291.72,0.9,270,2025-04-28 18:50:19,685.77,0.1
1,running,140.1,0.86,778,2025-04-28 18:50:27,748.28,0.03
2,running,212.01,0.9,753,2025-04-28 18:50:27,729.52,0.03
3,running,243.05,0.9,943,2025-04-28 18:50:27,744.95,0.03
4,idle,60.0,0.2,0,2025-04-28 18:50:27,778.95,0.03
5,running,60,0.78,0,2025-04-28 18:50:27,689.4,0.03
6,running,300,0.9,687,2025-04-28 18:50:27,766.47,0.03
7,idle,60.0,0.2,0,2025-04-28 18:50:27,675.81,0.03
8,running,60,0.64,625,2025-04-28 18:50:27,671.84,0.03
9,running,300,0.9,583,2025-04-28 18:50:27,700.92,0.03
10,running,185.79,0.87,421,2025-04-28 18:50:27,692.36,0.03
1,running,97.56,0.9,794,2025-04-28 20:14:25,748.28,0.03
2,error,60.0,0.2,0,2025-04-28 20:14:25,729.52,0.03
3,running,300,0.9,286,2025-04-28 20:14:25,744.95,0.03
4,running,111.62,0.7,446,2025-04-28 20:14:25,778.95,0.03
5,running,60,0.9,200,2025-04-28 20:14:25,689.4,0.03
6,running,300,0.9,0,2025-04-28 20:14:25,766.47,0.03
7,running,60,0.47,945,2025-04-28 20:14:25,675.81,0.03
8,running,80.09,0.64,3,2025-04-28 20:14:25,671.84,0.03
9,running,300,0.9,359,2025-04-28 20:14:25,700.92,0.03
10,running,207.24,0.84,467,2025-04-28 20:14:25,692.36,0.03
1,idle,60.0,0.2,0,2025-04-28 20:14:35,748.28,0.03
2,running,60,0.29,562,2025-04-28 20:14:35,729.52,0.03
3,running,300,0.9,1110,2025-04-28 20:14:35,744.96,0.04
4,running,144.27,0.68,0,2025-04-28 20:14:35,778.96,0.04
5,idle,60.0,0.2,0,2025-04-28 20:14:35,689.4,0.03
6,running,251.37,0.9,0,2025-04-28 20:14:35,766.48,0.04
7,running,130.48,0.68,793,2025-04-28 20:14:35,675.82,0.04
8,running,133.9,0.9,0,2025-04-28 20:14:35,671.85,0.04
9,running,300,0.9,794,2025-04-28 20:14:35,700.93,0.04
10,running,175.51,0.9,28,2025-04-28 20:14:35,692.37,0.04
1,running,112.31,0.42,0,2025-04-28 20:14:45,748.29,0.04
2,running,91.98,0.34,166,2025-04-28 20:14:45,729.53,0.04
3,running,300,0.9,571,2025-04-28 20:14:45,744.96,0.04
4,idle,60.0,0.2,0,2025-04-28 20:14:45,778.96,0.04
5,idle,60.0,0.2,0,2025-04-28 20:14:45,689.4,0.03
6,running,300,0.9,305,2025-04-28 20:14:45,766.48,0.04
7,running,203.44,0.9,273,2025-04-28 20:14:45,675.82,0.04
8,running,218.52,0.9,979,2025-04-28 20:14:45,671.85,0.04
9,running,300,0.9,1253,2025-04-28 20:14:45,700.93,0.04
10,running,210.05,0.9,0,2025-04-28 20:14:45,692.37,0.04
1,idle,60.0,0.2,0,2025-04-28 20:14:55,748.29,0.04
2,running,147.04,0.46,498,2025-04-28 20:14:55,729.53,0.04
3,running,300,0.9,1156,2025-04-28 20:14:55,744.96,0.04
4,running,124.28,0.5,882,2025-04-28 20:14:55,778.96,0.04
5,running,79.92,0.28,0,2025-04-28 20:14:55,689.41,0.04
6,running,300,0.9,820,2025-04-28 20:14:55,766.48,0.04
7,running,172.9,0.9,0,2025-04-28 20:14:55,675.82,0.04
8,running,264.04,0.9,682,2025-04-28 20:14:55,671.85,0.04
9,idle,60.0,0.2,0,2025-04-28 20:14:55,700.93,0.04
10,running,201.56,0.89,0,2025-04-28 20:14:55,692.37,0.04
1,running,104.55,0.41,908,2025-04-28 20:15:05,748.29,0.04
2,running,213.77,0.48,1019,2025-04-28 20:15:05,729.53,0.04
3,running,266.32,0.9,2017,2025-04-28 20:15:05,744.96,0.04
4,running,113.21,0.84,0,2025-04-28 20:15:05,778.96,0.04
5,running,130.08,0.57,0,2025-04-28 20:15:05,689.41,0.04
6,running,300,0.9,1494,2025-04-28 20:15:05,766.48,0.04
7,running,255.98,0.9,23,2025-04-28 20:15:05,675.82,0.04
8,running,300,0.9,620,2025-04-28 20:15:05,671.85,0.04
9,running,118.98,0.38,0,2025-04-28 20:15:05,700.93,0.04
10,idle,60.0,0.2,0,2025-04-28 20:15:05,692.37,0.04
1,running,161.18,0.9,1163,2025-04-28 20:15:15,748.29,0.04
2,running,236.04,0.72,266,2025-04-28 20:15:15,729.53,0.04
3,running,300,0.9,2750,2025-04-28 20:15:15,744.97,0.05
4,running,78.56,0.9,807,2025-04-28 20:15:15,778.96,0.04
5,running,142.76,0.9,635,2025-04-28 20:15:15,689.41,0.04
6,running,300,0.89,1720,2025-04-28 20:15:15,766.49,0.05
7,running,300,0.9,82,2025-04-28 20:15:15,675.83,0.05
8,idle,60.0,0.2,0,2025-04-28 20:15:15,671.85,0.04
9,running,122.6,0.5,84,2025-04-28 20:15:15,700.93,0.04
10,running,60,0.25,0,2025-04-28 20:15:15,692.37,0.04
1,idle,60.0,0.2,0,2025-04-28 20:15:25,748.29,0.04
2,running,219.35,0.9,264,2025-04-28 20:15:25,729.54,0.05
3,running,289.1,0.9,2465,2025-04-28 20:15:25,744.97,0.05
4,running,85.97,0.9,313,2025-04-28 20:15:25,778.97,0.05
5,running,199.05,0.9,75,2025-04-28 20:15:25,689.41,0.04
6,running,300,0.86,1521,2025-04-28 20:15:25,766.49,0.05
7,running,300,0.9,0,2025-04-28 20:15:25,675.83,0.05
8,running,128.35,0.5,275,2025-04-28 20:15:25,671.86,0.05
9,running,99.65,0.9,0,2025-04-28 20:15:25,700.94,0.05
10,running,72.94,0.73,319,2025-04-28 20:15:25,692.38,0.05
1,running,98.19,0.26,0,2025-04-28 20:15:35,748.29,0.04
2,running,255.88,0.89,723,2025-04-28 20:15:35,729.54,0.05
3,running,280.51,0.89,2299,2025-04-28 20:15:35,744.97,0.05
4,running,178.85,0.9,629,2025-04-28 20:15:35,778.97,0.05
5,idle,60.0,0.2,0,2025-04-28 20:15:35,689.41,0.04
6,running,300,0.83,2482,2025-04-28 20:15:35,766.49,0.05
7,running,300,0.9,871,2025-04-28 20:15:35,675.83,0.05
8,running,208.16,0.72,384,2025-04-28 20:15:35,671.86,0.05
9,running,199.15,0.9,0,2025-04-28 20:15:35,700.94,0.05
10,running,106.64,0.9,0,2025-04-28 20:15:35,692.38,0.05
1,running,91.17,0.54,0,2025-04-28 20:15:45,748.3,0.05
2,running,300,0.9,1142,2025-04-28 20:15:45,729.54,0.05
3,running,300,0.9,2503,2025-04-28 20:15:45,744.97,0.05
4,running,182.42,0.9,1264,2025-04-28 20:15:45,778.97,0.05
5,running,60,0.69,738,2025-04-28 20:15:45,689.42,0.05
6,running,269.75,0.9,2707,2025-04-28 20:15:45,766.49,0.05
7,idle,60.0,0.2,0,2025-04-28 20:15:45,675.83,0.05
8,idle,60.0,0.2,0,2025-04-28 20:15:45,671.86,0.05
9,running,208.02,0.9,0,2025-04-28 20:15:45,700.94,0.05
10,running,176.88,0.9,0,2025-04-28 20:15:45,692.38,0.05
1,running,131.07,0.9,0,2025-04-28 20:15:55,748.3,0.05
2,running,300,0.9,597,2025-04-28 20:15:55,729.54,0.05
3,running,300,0.9,1628,2025-04-28 20:15:55,744.98,0.06
4,running,235.04,0.87,1679,2025-04-28 20:15:55,778.97,0.05
5,running,152.53,0.78,225,2025-04-28 20:15:55,689.42,0.05
6,idle,60.0,0.2,0,2025-04-28 20:15:55,766.49,0.05
7,idle,60.0,0.2,0,2025-04-28 20:15:55,675.83,0.05
8,idle,60.0,0.2,0,2025-04-28 20:15:55,671.86,0.05
9,running,179.78,0.9,228,2025-04-28 20:15:55,700.94,0.05
10,running,241.36,0.9,0,2025-04-28 20:15:55,692.38,0.05
1,error,60.0,0.2,0,2025-04-28 20:16:05,748.3,0.05
2,running,300,0.9,864,2025-04-28 20:16:05,729.55,0.06
3,running,300,0.9,1398,2025-04-28 20:16:05,744.98,0.06
4,running,185.12,0.9,2142,2025-04-28 20:16:05,778.98,0.06
5,running,126.83,0.82,0,2025-04-28 20:16:05,689.42,0.05
6,idle,60.0,0.2,0,2025-04-28 20:16:05,766.49,0.05
7,running,95.33,0.23,0,2025-04-28 20:16:05,675.83,0.05
8,running,141.1,0.57,0,2025-04-28 20:16:05,671.86,0.05
9,idle,60.0,0.2,0,2025-04-28 20:16:05,700.94,0.05
10,running,226.91,0.9,0,2025-04-28 20:16:05,692.39,0.06
1,running,153.13,0.64,897,2025-04-28 20:16:15,748.3,0.05
2,running,300,0.9,775,2025-04-28 20:16:15,729.55,0.06
3,running,300,0.9,1461,2025-04-28 20:16:15,744.98,0.06
4,running,210.01,0.9,1260,2025-04-28 20:16:15,778.98,0.06
5,idle,60.0,0.2,0,2025-04-28 20:16:15,689.42,0.05
6,running,76.38,0.41,144,2025-04-28 20:16:15,766.5,0.06
7,running,83.03,0.63,190,2025-04-28 20:16:15,675.84,0.06
8,running,171.32,0.84,663,2025-04-28 20:16:15,671.86,0.05
9,running,140.31,0.23,0,2025-04-28 20:16:15,700.95,0.06
10,idle,60.0,0.2,0,2025-04-28 20:16:15,692.39,0.06
1,error,60.0,0.2,0,2025-04-28 20:16:25,748.3,0.05
2,running,300,0.9,810,2025-04-28 20:16:25,729.55,0.06
3,idle,60.0,0.2,0,2025-04-28 20:16:25,744.98,0.06
4,idle,60.0,0.2,0,2025-04-28 20:16:25,778.98,0.06
5,running,84.03,0.47,960,2025-04-28 20:16:25,689.42,0.05
6,running,173.46,0.9,1052,2025-04-28 20:16:25,766.5,0.06
7,running,127.92,0.83,430,2025-04-28 20:16:25,675.84,0.06
8,running,218.79,0.9,0,2025-04-28 20:16:25,671.87,0.06
9,error,60.0,0.2,0,2025-04-28 20:16:25,700.95,0.06
10,running,60,0.5,0,2025-04-28 20:16:25,692.39,0.06
1,error,60.0,0.2,0,2025-04-28 20:16:35,748.3,0.05
2,running,288.22,0.9,1123,2025-04-28 20:16:35,729.56,0.07
3,running,110.5,0.52,514,2025-04-28 20:16:35,744.99,0.07
4,running,156.04,0.39,0,2025-04-28 20:16:35,778.98,0.06
5,running,159.68,0.9,1233,2025-04-28 20:16:35,689.43,0.06
6,running,248.9,0.9,375,2025-04-28 20:16:35,766.5,0.06
7,error,60.0,0.2,0,2025-04-28 20:16:35,675.84,0.06
8,idle,60.0,0.2,0,2025-04-28 20:16:35,671.87,0.06
9,running,118.47,0.5,318,2025-04-28 20:16:35,700.95,0.06
10,running,60,0.9,645,2025-04-28 20:16:35,692.39,0.06
1,error,60.0,0.2,0,2025-04-28 20:16:45,748.3,0.05
2,running,300,0.9,224,2025-04-28 20:16:45,729.56,0.07
3,idle,60.0,0.2,0,2025-04-28 20:16:45,744.99,0.07
4,idle,60.0,0.2,0,2025-04-28 20:16:45,778.98,0.06
5,running,151.82,0.9,2113,2025-04-28 20:16:45,689.43,0.06
6,running,252.37,0.86,0,2025-04-28 20:16:45,766.51,0.07
7,running,137.76,0.33,322,2025-04-28 20:16:45,675.84,0.06
8,running,138.35,0.62,0,2025-04-28 20:16:45,671.87,0.06
9,running,107.04,0.9,279,2025-04-28 20:16:45,700.95,0.06
10,running,60,0.9,9,2025-04-28 20:16:45,692.4,0.07
1,running,145.01,0.69,0,2025-04-28 20:16:55,748.3,0.05
2,idle,60.0,0.2,0,2025-04-28 20:16:55,729.56,0.07
3,running,158.04,0.16,0,2025-04-28 20:16:55,744.99,0.07
4,running,88.57,0.26,0,2025-04-28 20:16:55,778.99,0.07
5,running,179.04,0.9,2824,2025-04-28 20:16:55,689.43,0.06
6,running,233.78,0.9,869,2025-04-28 20:16:55,766.51,0.07
7,running,108.97,0.41,1184,2025-04-28 20:16:55,675.85,0.07
8,running,96.36,0.9,0,2025-04-28 20:16:55,671.87,0.06
9,running,141.86,0.9,615,2025-04-28 20:16:55,700.96,0.07
10,running,60,0.9,379,2025-04-28 20:16:55,692.4,0.07
1,running,212.15,0.74,0,2025-04-28 20:17:05,748.31,0.06
2,idle,60.0,0.2,0,2025-04-28 20:17:05,729.56,0.07
3,running,194.96,0.36,0,2025-04-28 20:17:05,744.99,0.07
4,running,109.66,0.76,702,2025-04-28 20:17:05,778.99,0.07
5,running,206.12,0.9,2650,2025-04-28 20:17:05,689.44,0.07
6,running,183.86,0.9,533,2025-04-28 20:17:05,766.51,0.07
7,running,153.95,0.63,2107,2025-04-28 20:17:05,675.85,0.07
8,idle,60.0,0.2,0,2025-04-28 20:17:05,671.87,0.06
9,idle,60.0,0.2,0,2025-04-28 20:17:05,700.96,0.07
10,running,95.98,0.9,0,2025-04-28 20:17:05,692.4,0.07
1,running,284.95,0.9,327,2025-04-28 20:17:15,748.31,0.06
2,running,79.85,0.21,0,2025-04-28 20:17:15,729.56,0.07
3,running,253.4,0.67,0,2025-04-28 20:17:15,744.99,0.07
4,running,150.35,0.87,1324,2025-04-28 20:17:15,778.99,0.07
5,running,198.63,0.9,2735,2025-04-28 20:17:15,689.44,0.07
6,running,270.4,0.86,228,2025-04-28 20:17:15,766.51,0.07
7,running,155.16,0.59,3032,2025-04-28 20:17:15,675.85,0.07
8,running,93.08,0.66,533,2025-04-28 20:17:15,671.88,0.07
9,idle,60.0,0.2,0,2025-04-28 20:17:15,700.96,0.07
10,running,81.11,0.9,589,2025-04-28 20:17:15,692.4,0.07
1,running,300,0.9,0,2025-04-28 20:17:25,748.31,0.06
2,running,92.65,0.21,0,2025-04-28 20:17:25,729.56,0.07
3,running,300,0.9,897,2025-04-28 20:17:25,745.0,0.08
4,running,236.37,0.9,1013,2025-04-28 20:17:25,778.99,0.07
5,running,246.32,0.9,3320,2025-04-28 20:17:25,689.44,0.07
6,idle,60.0,0.2,0,2025-04-28 20:17:25,766.51,0.07
7,running,154.06,0.65,3540,2025-04-28 20:17:25,675.85,0.07
8,running,62.08,0.63,284,2025-04-28 20:17:25,671.88,0.07
9,error,60.0,0.2,0,2025-04-28 20:17:25,700.96,0.07
10,running,84.53,0.9,78,2025-04-28 20:17:25,692.41,0.08
1,running,300,0.9,0,2025-04-28 20:17:35,748.32,0.07
2,running,89.51,0.43,916,2025-04-28 20:17:35,729.57,0.08
3,running,274.75,0.9,1465,2025-04-28 20:17:35,745.0,0.08
4,running,192.65,0.9,551,2025-04-28 20:17:35,779.0,0.08
5,idle,60.0,0.2,0,2025-04-28 20:17:35,689.44,0.07
6,idle,60.0,0.2,0,2025-04-28 20:17:35,766.51,0.07
7,running,195.09,0.61,3315,2025-04-28 20:17:35,675.86,0.08
8,running,75.63,0.9,0,2025-04-28 20:17:35,671.88,0.07
9,running,60,0.23,791,2025-04-28 20:17:35,700.96,0.07
10,idle,60.0,0.2,0,2025-04-28 20:17:35,692.41,0.08
1,running,271.61,0.9,52,2025-04-28 20:17:45,748.32,0.07
2,error,60.0,0.2,0,2025-04-28 20:17:45,729.57,0.08
3,running,295.3,0.9,2018,2025-04-28 20:17:45,745.0,0.08
4,running,270.43,0.9,853,2025-04-28 20:17:45,779.0,0.08
5,running,60,0.27,728,2025-04-28 20:17:45,689.44,0.07
6,running,158.1,0.3,941,2025-04-28 20:17:45,766.52,0.08
7,running,191.97,0.88,4273,2025-04-28 20:17:45,675.86,0.08
8,running,128.35,0.9,27,2025-04-28 20:17:45,671.88,0.07
9,running,60,0.59,425,2025-04-28 20:17:45,700.96,0.07
10,idle,60.0,0.2,0,2025-04-28 20:17:45,692.41,0.08
1,idle,60.0,0.2,0,2025-04-28 20:17:55,748.32,0.07
2,idle,60.0,0.2,0,2025-04-28 20:17:55,729.57,0.08
3,running,283.18,0.9,2103,2025-04-28 20:17:55,745.01,0.09
4,idle,60.0,0.2,0,2025-04-28 20:17:55,779.0,0.08
5,running,60,0.46,1457,2025-04-28 20:17:55,689.45,0.08
6,running,197.95,0.38,605,2025-04-28 20:17:55,766.52,0.08
7,running,168.21,0.9,4143,2025-04-28 20:17:55,675.86,0.08
8,running,144.42,0.9,0,2025-04-28 20:17:55,671.89,0.08
9,running,126.5,0.78,503,2025-04-28 20:17:55,700.96,0.07
10,running,114.17,0.28,0,2025-04-28 20:17:55,692.41,0.08
1,running,60,0.39,0,2025-04-28 20:18:05,748.32,0.07
2,running,60,0.3,0,2025-04-28 20:18:05,729.57,0.08
3,running,300,0.9,1125,2025-04-28 20:18:05,745.01,0.09
4,idle,60.0,0.2,0,2025-04-28 20:18:05,779.0,0.08
5,running,144.75,0.9,2167,2025-04-28 20:18:05,689.45,0.08
6,running,278.77,0.47,1198,2025-04-28 20:18:05,766.52,0.08
7,running,205.85,0.9,4599,2025-04-28 20:18:05,675.87,0.09
8,running,131.97,0.9,0,2025-04-28 20:18:05,671.89,0.08
9,running,196.14,0.9,1076,2025-04-28 20:18:05,700.97,0.08
10,running,207.82,0.58,0,2025-04-28 20:18:05,692.41,0.08
1,running,61.77,0.63,820,2025-04-28 20:18:15,748.32,0.07
2,running,156.32,0.64,345,2025-04-28 20:18:15,729.57,0.08
3,running,300,0.9,215,2025-04-28 20:18:15,745.01,0.09
4,running,60,0.29,277,2025-04-28 20:18:15,779.0,0.08
5,running,103.08,0.9,2068,2025-04-28 20:18:15,689.45,0.08
6,running,240.72,0.53,1497,2025-04-28 20:18:15,766.53,0.09
7,running,244.88,0.9,4423,2025-04-28 20:18:15,675.87,0.09
8,running,129.74,0.9,0,2025-04-28 20:18:15,671.89,0.08
9,running,184.79,0.9,934,2025-04-28 20:18:15,700.97,0.08
10,running,268.87,0.9,0,2025-04-28 20:18:15,692.42,0.09
1,running,60,0.74,118,2025-04-28 20:18:25,748.33,0.08
2,running,195.66,0.9,305,2025-04-28 20:18:25,729.58,0.09
3,running,296.33,0.9,0,2025-04-28 20:18:25,745.01,0.09
4,idle,60.0,0.2,0,2025-04-28 20:18:25,779.0,0.08
5,running,101.65,0.87,1573,2025-04-28 20:18:25,689.46,0.09
6,running,209.87,0.54,2255,2025-04-28 20:18:25,766.53,0.09
7,running,300,0.9,4590,2025-04-28 20:18:25,675.87,0.09
8,running,91.16,0.9,480,2025-04-28 20:18:25,671.9,0.09
9,running,249.36,0.9,1782,2025-04-28 20:18:25,700.97,0.08
10,running,300,0.9,0,2025-04-28 20:18:25,692.42,0.09
1,running,60,0.9,0,2025-04-28 20:18:35,748.33,0.08
2,running,270.72,0.9,1231,2025-04-28 20:18:35,729.58,0.09
3,running,300,0.9,149,2025-04-28 20:18:35,745.02,0.1
4,running,62.47,0.3,0,2025-04-28 20:18:35,779.01,0.09
5,idle,60.0,0.2,0,2025-04-28 20:18:35,689.46,0.09
6,idle,60.0,0.2,0,2025-04-28 20:18:35,766.53,0.09
7,running,300,0.9,3805,2025-04-28 20:18:35,675.87,0.09
8,error,60.0,0.2,0,2025-04-28 20:18:35,671.9,0.09
9,running,300,0.9,2651,2025-04-28 20:18:35,700.98,0.09
10,running,297.23,0.9,925,2025-04-28 20:18:35,692.42,0.09
1,idle,60.0,0.2,0,2025-04-28 20:18:45,748.33,0.08
2,running,300,0.9,1854,2025-04-28 20:18:45,729.58,0.09
3,running,300,0.9,433,2025-04-28 20:18:45,745.02,0.1
4,running,65.82,0.29,0,2025-04-28 20:18:45,779.01,0.09
5,running,60,0.57,0,2025-04-28 20:18:45,689.46,0.09
6,running,123.88,0.27,0,2025-04-28 20:18:45,766.53,0.09
7,running,300,0.9,3587,2025-04-28 20:18:45,675.88,0.1
8,running,152.68,0.42,860,2025-04-28 20:18:45,671.9,0.09
9,running,300,0.9,2557,2025-04-28 20:18:45,700.98,0.09
10,running,300,0.9,1111,2025-04-28 20:18:45,692.42,0.09
1,running,147.68,0.2,903,2025-04-28 20:18:55,748.33,0.08
2,running,300,0.9,1601,2025-04-28 20:18:55,729.58,0.09
3,idle,60.0,0.2,0,2025-04-28 20:18:55,745.02,0.1
4,idle,60.0,0.2,0,2025-04-28 20:18:55,779.01,0.09
5,running,101.25,0.79,294,2025-04-28 20:18:55,689.46,0.09
6,running,198.36,0.32,934,2025-04-28 20:18:55,766.53,0.09
7,running,300,0.9,3461,2025-04-28 20:18:55,675.88,0.1
8,running,136.63,0.85,471,2025-04-28 20:18:55,671.9,0.09
9,idle,60.0,0.2,0,2025-04-28 20:18:55,700.98,0.09
10,running,300,0.9,119,2025-04-28 20:18:55,692.43,0.1
1,running,173.78,0.48,1585,2025-04-28 20:19:05,748.34,0.09
2,running,300,0.9,1452,2025-04-28 20:19:05,729.59,0.1
3,running,60,0.3,925,2025-04-28 20:19:05,745.02,0.1
4,running,100.91,0.47,0,2025-04-28 20:19:05,779.01,0.09
5,running,74.5,0.9,0,2025-04-28 20:19:05,689.46,0.09
6,running,226.01,0.5,817,2025-04-28 20:19:05,766.54,0.1
7,running,300,0.9,3841,2025-04-28 20:19:05,675.88,0.1
8,running,138.5,0.86,593,2025-04-28 20:19:05,671.9,0.09
9,running,76.23,0.65,163,2025-04-28 20:19:05,700.98,0.09
10,running,300,0.9,1100,2025-04-28 20:19:05,692.43,0.1
1,error,60.0,0.2,0,2025-04-28 20:19:15,748.34,0.09
2,running,300,0.9,1015,2025-04-28 20:19:15,729.59,0.1
3,running,60,0.36,1558,2025-04-28 20:19:15,745.02,0.11
4,running,168.08,0.76,0,2025-04-28 20:19:15,779.01,0.09
5,running,60,0.9,604,2025-04-28 20:19:15,689.47,0.1
6,idle,60.0,0.2,0,2025-04-28 20:19:15,766.54,0.1
7,running,286.9,0.9,2946,2025-04-28 20:19:15,675.88,0.11
8,running,94.56,0.9,134,2025-04-28 20:19:15,671.91,0.1
9,error,60.0,0.2,0,2025-04-28 20:19:15,700.98,0.09
10,running,300,0.9,489,2025-04-28 20:19:15,692.43,0.1
1,running,70.03,0.45,0,2025-04-28 20:19:25,748.34,0.09
2,error,60.0,0.2,0,2025-04-28 20:19:25,729.59,0.1
3,running,115.83,0.83,1392,2025-04-28 20:19:25,745.03,0.11
4,running,215.54,0.9,0,2025-04-28 20:19:25,779.02,0.1
5,running,60,0.9,1480,2025-04-28 20:19:25,689.47,0.1
6,running,138.88,0.16,0,2025-04-28 20:19:25,766.54,0.1
7,running,242.84,0.9,3190,2025-04-28 20:19:25,675.89,0.11
8,running,157.96,0.9,0,2025-04-28 20:19:25,671.91,0.1
9,running,60.26,0.68,0,2025-04-28 20:19:25,700.98,0.09
10,running,256.39,0.88,0,2025-04-28 20:19:25,692.43,0.11
1,running,60,0.72,0,2025-04-28 20:19:35,748.34,0.09
2,running,60,0.53,0,2025-04-28 20:19:35,729.59,0.1
3,running,149.32,0.78,1519,2025-04-28 20:19:35,745.03,0.11
4,idle,60.0,0.2,0,2025-04-28 20:19:35,779.02,0.1
5,running,76.95,0.9,2007,2025-04-28 20:19:35,689.47,0.1
6,error,60.0,0.2,0,2025-04-28 20:19:35,766.54,0.1
7,idle,60.0,0.2,0,2025-04-28 20:19:35,675.89,0.11
8,running,223.67,0.9,881,2025-04-28 20:19:35,671.91,0.1
9,running,138.97,0.9,0,2025-04-28 20:19:35,700.99,0.1
10,running,295.24,0.9,283,2025-04-28 20:19:35,692.44,0.11
1,running,60,0.76,191,2025-04-28 20:19:45,748.34,0.09
2,idle,60.0,0.2,0,2025-04-28 20:19:45,729.59,0.1
3,idle,60.0,0.2,0,2025-04-28 20:19:45,745.03,0.11
4,running,142.39,0.54,0,2025-04-28 20:19:45,779.02,0.1
5,running,101.58,0.9,2719,2025-04-28 20:19:45,689.47,0.11
6,idle,60.0,0.2,0,2025-04-28 20:19:45,766.54,0.1
7,running,60,0.21,13,2025-04-28 20:19:45,675.89,0.11
8,running,300,0.9,187,2025-04-28 20:19:45,671.91,0.11
9,running,231.6,0.9,336,2025-04-28 20:19:45,700.99,0.1
10,running,287.26,0.9,0,2025-04-28 20:19:45,692.44,0.11
1,idle,60.0,0.2,0,2025-04-28 20:19:55,748.34,0.09
2,idle,60.0,0.2,0,2025-04-28 20:19:55,729.59,0.1
3,running,105.68,0.64,0,2025-04-28 20:19:55,745.03,0.11
4,running,199.57,0.81,295,2025-04-28 20:19:55,779.02,0.1
5,running,170.92,0.9,2641,2025-04-28 20:19:55,689.48,0.11
6,running,83.23,0.64,0,2025-04-28 20:19:55,766.54,0.1
7,running,89.81,0.54,0,2025-04-28 20:19:55,675.89,0.11
8,running,290.04,0.9,0,2025-04-28 20:19:55,671.92,0.11
9,running,183.11,0.9,660,2025-04-28 20:19:55,700.99,0.1
10,running,300,0.9,57,2025-04-28 20:19:55,692.44,0.11
1,running,60,0.62,119,2025-04-28 20:20:05,748.35,0.1
2,idle,60.0,0.2,0,2025-04-28 20:20:05,729.59,0.1
3,idle,60.0,0.2,0,2025-04-28 20:20:05,745.03,0.11
4,running,214.67,0.89,398,2025-04-28 20:20:05,779.02,0.11
5,running,194.79,0.9,3367,2025-04-28 20:20:05,689.48,0.11
6,running,68.55,0.9,141,2025-04-28 20:20:05,766.54,0.11
7,running,145.08,0.65,198,2025-04-28 20:20:05,675.9,0.12
8,running,300,0.88,0,2025-04-28 20:20:05,671.92,0.11
9,running,215.6,0.9,1520,2025-04-28 20:20:05,700.99,0.11
10,idle,60.0,0.2,0,2025-04-28 20:20:05,692.44,0.11
1,running,84.55,0.87,0,2025-04-28 20:20:15,748.35,0.1
2,running,60,0.65,0,2025-04-28 20:20:15,729.59,0.11
3,running,60,0.35,0,2025-04-28 20:20:15,745.04,0.12
4,running,199.79,0.87,155,2025-04-28 20:20:15,779.03,0.11
5,error,60.0,0.2,0,2025-04-28 20:20:15,689.48,0.11
6,running,129.02,0.9,0,2025-04-28 20:20:15,766.55,0.11
7,running,104.07,0.81,335,2025-04-28 20:20:15,675.9,0.12
8,running,300,0.9,0,2025-04-28 20:20:15,671.92,0.11
9,running,258.6,0.9,1997,2025-04-28 20:20:15,701.0,0.11
10,running,60,0.59,569,2025-04-28 20:20:15,692.45,0.12
1,running,142.09,0.84,0,2025-04-28 20:20:25,748.35,0.1
2,running,102.42,0.9,456,2025-04-28 20:20:25,729.6,0.11
3,running,158.6,0.66,0,2025-04-28 20:20:25,745.04,0.12
4,idle,60.0,0.2,0,2025-04-28 20:20:25,779.03,0.11
5,running,120.43,0.51,4,2025-04-28 20:20:25,689.48,0.11
6,running,207.2,0.9,157,2025-04-28 20:20:25,766.55,0.11
7,running,140.42,0.9,0,2025-04-28 20:20:25,675.9,0.12
8,running,272.18,0.89,0,2025-04-28 20:20:25,671.93,0.12
9,running,300,0.9,2189,2025-04-28 20:20:25,701.0,0.11
10,running,60,0.65,0,2025-04-28 20:20:25,692.45,0.12
1,running,171.42,0.85,0,2025-04-29 09:53:23,748.35,0.0
2,error,60.0,0.2,0,2025-04-29 09:53:23,729.6,0.11
3,running,155.75,0.75,501,2025-04-29 09:53:23,745.04,0.0
4,running,116.68,0.63,519,2025-04-29 09:53:23,779.03,0.0
5,idle,60.0,0.2,0,2025-04-29 09:53:23,689.48,0.11
6,running,300,0.9,0,2025-04-29 09:53:23,766.55,0.0
7,running,137.74,0.9,0,2025-04-29 09:53:23,675.9,0.0
8,running,257.47,0.9,0,2025-04-29 09:53:23,671.93,0.0
9,running,300,0.9,3011,2025-04-29 09:53:23,701.0,0.0
10,running,81.38,0.9,0,2025-04-29 09:53:23,692.45,0.0
1,running,227.24,0.9,547,2025-04-29 09:53:33,748.36,0.01
2,error,60.0,0.2,0,2025-04-29 09:53:33,729.6,0.11
3,running,132.32,0.9,57,2025-04-29 09:53:33,745.05,0.01
4,idle,60.0,0.2,0,2025-04-29 09:53:33,779.03,0.0
5,running,60,0.24,889,2025-04-29 09:53:33,689.48,0.0
6,running,300,0.9,0,2025-04-29 09:53:33,766.56,0.01
7,idle,60.0,0.2,0,2025-04-29 09:53:33,675.9,0.0
8,running,232.54,0.9,0,2025-04-29 09:53:33,671.94,0.01
9,running,300,0.9,3038,2025-04-29 09:53:33,701.01,0.01
10,running,78.26,0.9,0,2025-04-29 09:53:33,692.46,0.01
1,running,191.49,0.9,185,2025-04-29 09:53:43,748.36,0.01
2,running,100.19,0.37,0,2025-04-29 09:53:43,729.6,0.0
3,running,209.91,0.9,0,2025-04-29 09:53:43,745.05,0.01
4,running,123.59,0.6,719,2025-04-29 09:53:43,779.04,0.01
5,running,60,0.6,1309,2025-04-29 09:53:43,689.49,0.01
6,running,282.83,0.9,0,2025-04-29 09:53:43,766.56,0.01
7,running,113.75,0.5,546,2025-04-29 09:53:43,675.91,0.01
8,running,300,0.9,0,2025-04-29 09:53:43,671.94,0.01
9,running,300,0.9,3532,2025-04-29 09:53:43,701.01,0.01
10,running,153.57,0.9,990,2025-04-29 09:53:43,692.46,0.01
1,running,278.4,0.9,9,2025-04-29 09:53:53,748.36,0.01
2,idle,60.0,0.2,0,2025-04-29 09:53:53,729.6,0.0
3,running,221.29,0.9,616,2025-04-29 09:53:53,745.05,0.01
4,running,212.42,0.9,774,2025-04-29 09:53:53,779.04,0.01
5,running,60,0.9,1357,2025-04-29 09:53:53,689.49,0.01
6,running,285.36,0.89,674,2025-04-29 09:53:53,766.56,0.01
7,running,83.14,0.5,962,2025-04-29 09:53:53,675.91,0.01
8,idle,60.0,0.2,0,2025-04-29 09:53:53,671.94,0.01
9,error,60.0,0.2,0,2025-04-29 09:53:53,701.01,0.01
10,running,178.04,0.9,720,2025-04-29 09:53:53,692.46,0.01
1,running,300,0.9,550,2025-04-29 09:54:03,748.36,0.01
2,running,121.71,0.65,0,2025-04-29 09:54:03,729.61,0.01
3,running,245.73,0.9,1570,2025-04-29 09:54:03,745.05,0.01
4,running,180.49,0.9,1554,2025-04-29 09:54:03,779.04,0.01
5,running,133.17,0.9,1907,2025-04-29 09:54:03,689.49,0.01
6,idle,60.0,0.2,0,2025-04-29 09:54:03,766.56,0.01
7,running,102.79,0.79,1942,2025-04-29 09:54:03,675.91,0.01
8,running,92.4,0.55,657,2025-04-29 09:54:03,671.94,0.01
9,running,127.97,0.32,0,2025-04-29 09:54:03,701.01,0.01
10,running,200.78,0.9,646,2025-04-29 09:54:03,692.46,0.01
1,running,278.61,0.9,962,2025-04-29 09:54:13,748.37,0.02
2,running,197.98,0.61,230,2025-04-29 09:54:13,729.61,0.01
3,running,300,0.9,996,2025-04-29 09:54:13,745.06,0.02
4,running,155.38,0.87,1759,2025-04-29 09:54:13,779.04,0.01
5,running,165.5,0.9,2020,2025-04-29 09:54:13,689.49,0.01
6,running,60,0.26,0,2025-04-29 09:54:13,766.56,0.01
7,running,62.7,0.78,1784,2025-04-29 09:54:13,675.91,0.01
8,running,158.07,0.9,193,2025-04-29 09:54:13,671.94,0.01
9,error,60.0,0.2,0,2025-04-29 09:54:13,701.01,0.01
10,running,159.29,0.9,0,2025-04-29 09:54:13,692.47,0.02
1,running,283.65,0.9,64,2025-04-29 09:54:23,748.37,0.02
2,running,207.92,0.79,355,2025-04-29 09:54:23,729.61,0.01
3,running,300,0.9,788,2025-04-29 09:54:23,745.06,0.02
4,running,110.47,0.9,2286,2025-04-29 09:54:23,779.05,0.02
5,running,233.16,0.9,2137,2025-04-29 09:54:23,689.5,0.02
6,running,92.15,0.46,650,2025-04-29 09:54:23,766.57,0.02
7,idle,60.0,0.2,0,2025-04-29 09:54:23,675.91,0.01
8,idle,60.0,0.2,0,2025-04-29 09:54:23,671.94,0.01
9,running,96.99,0.38,669,2025-04-29 09:54:23,701.01,0.01
10,idle,60.0,0.2,0,2025-04-29 09:54:23,692.47,0.02
1,running,258.84,0.9,771,2025-04-29 09:54:33,748.37,0.02
2,running,160.45,0.82,904,2025-04-29 09:54:33,729.61,0.01
3,running,300,0.9,1162,2025-04-29 09:54:33,745.06,0.02
4,running,140.96,0.9,2623,2025-04-29 09:54:33,779.05,0.02
5,running,200.12,0.9,2846,2025-04-29 09:54:33,689.5,0.02
6,idle,60.0,0.2,0,2025-04-29 09:54:33,766.57,0.02
7,running,116.84,0.58,0,2025-04-29 09:54:33,675.92,0.02
8,running,121.07,0.36,641,2025-04-29 09:54:33,671.95,0.02
9,error,60.0,0.2,0,2025-04-29 09:54:33,701.01,0.01
10,running,144.23,0.39,0,2025-04-29 09:54:33,692.47,0.02
1,running,226.23,0.9,975,2025-04-29 09:54:43,748.37,0.03
2,running,253.26,0.9,1490,2025-04-29 09:54:43,729.62,0.02
3,idle,60.0,0.2,0,2025-04-29 09:54:43,745.06,0.02
4,running,131.5,0.9,3069,2025-04-29 09:54:43,779.05,0.02
5,running,241.99,0.9,3472,2025-04-29 09:54:43,689.5,0.02
6,idle,60.0,0.2,0,2025-04-29 09:54:43,766.57,0.02
7,error,60.0,0.2,0,2025-04-29 09:54:43,675.92,0.02
8,running,130.46,0.57,1513,2025-04-29 09:54:43,671.95,0.02
9,idle,60.0,0.2,0,2025-04-29 09:54:43,701.01,0.01
10,running,115.1,0.56,503,2025-04-29 09:54:43,692.47,0.02
1,running,300,0.9,1903,2025-04-29 09:54:53,748.38,0.03
2,running,259.15,0.9,712,2025-04-29 09:54:53,729.62,0.02
3,running,128.48,0.3,0,2025-04-29 09:54:53,745.06,0.03
4,running,227.81,0.9,2092,2025-04-29 09:54:53,779.05,0.03
5,running,300,0.9,3775,2025-04-29 09:54:53,689.5,0.03
6,running,112.83,0.3,0,2025-04-29 09:54:53,766.57,0.02
7,running,60.14,0.54,93,2025-04-29 09:54:53,675.92,0.02
8,running,113.3,0.61,1062,2025-04-29 09:54:53,671.95,0.02
9,running,111.05,0.21,402,2025-04-29 09:54:53,701.02,0.02
10,running,194.9,0.9,652,2025-04-29 09:54:53,692.47,0.03
1,running,276.85,0.9,1810,2025-04-29 09:55:03,748.38,0.03
2,running,300,0.9,498,2025-04-29 09:55:03,729.62,0.02
3,running,115.15,0.79,0,2025-04-29 09:55:03,745.07,0.03
4,running,258.04,0.9,1633,2025-04-29 09:55:03,779.06,0.03
5,running,297.87,0.88,3102,2025-04-29 09:55:03,689.51,0.03
6,idle,60.0,0.2,0,2025-04-29 09:55:03,766.57,0.02
7,error,60.0,0.2,0,2025-04-29 09:55:03,675.92,0.02
8,running,104.86,0.9,82,2025-04-29 09:55:03,671.95,0.03
9,running,143.69,0.64,1001,2025-04-29 09:55:03,701.02,0.02
10,running,238.44,0.9,309,2025-04-29 09:55:03,692.48,0.03
1,running,300,0.9,922,2025-04-29 09:55:13,748.38,0.03
2,running,288.92,0.9,1117,2025-04-29 09:55:13,729.62,0.03
3,running,79.04,0.9,543,2025-04-29 09:55:13,745.07,0.03
4,running,255.66,0.9,1605,2025-04-29 09:55:13,779.06,0.03
5,running,261.56,0.9,2376,2025-04-29 09:55:13,689.51,0.03
6,running,70.27,0.64,0,2025-04-29 09:55:13,766.57,0.02
7,running,111.51,0.61,990,2025-04-29 09:55:13,675.92,0.02
8,running,153.49,0.9,415,2025-04-29 09:55:13,671.96,0.03
9,running,111.65,0.65,981,2025-04-29 09:55:13,701.02,0.02
10,running,300,0.9,1080,2025-04-29 09:55:13,692.48,0.03
1,running,300,0.9,54,2025-04-29 09:55:23,748.39,0.04
2,running,300,0.9,1480,2025-04-29 09:55:23,729.63,0.03
3,running,154.66,0.9,1433,2025-04-29 09:55:23,745.07,0.03
4,running,224.64,0.9,1184,2025-04-29 09:55:23,779.06,0.03
5,error,60.0,0.2,0,2025-04-29 09:55:23,689.51,0.03
6,running,141.73,0.9,0,2025-04-29 09:55:23,766.57,0.03
7,error,60.0,0.2,0,2025-04-29 09:55:23,675.92,0.02
8,running,236.99,0.9,45,2025-04-29 09:55:23,671.96,0.03
9,running,208.68,0.8,926,2025-04-29 09:55:23,701.02,0.03
10,running,300,0.9,1492,2025-04-29 09:55:23,692.48,0.03
1,running,300,0.9,0,2025-04-29 09:55:33,748.39,0.04
2,running,289.73,0.9,1998,2025-04-29 09:55:33,729.63,0.03
3,running,206.81,0.9,938,2025-04-29 09:55:33,745.08,0.04
4,running,259.83,0.9,1807,2025-04-29 09:55:33,779.07,0.04
5,running,60,0.17,0,2025-04-29 09:55:33,689.51,0.03
6,idle,60.0,0.2,0,2025-04-29 09:55:33,766.57,0.03
7,running,151.96,0.17,0,2025-04-29 09:55:33,675.92,0.03
8,idle,60.0,0.2,0,2025-04-29 09:55:33,671.96,0.03
9,running,226.74,0.87,1265,2025-04-29 09:55:33,701.03,0.03
10,running,300,0.9,1486,2025-04-29 09:55:33,692.49,0.04
1,running,264.35,0.9,0,2025-04-29 09:55:43,748.39,0.04
2,idle,60.0,0.2,0,2025-04-29 09:55:43,729.63,0.03
3,idle,60.0,0.2,0,2025-04-29 09:55:43,745.08,0.04
4,running,300,0.9,1563,2025-04-29 09:55:43,779.07,0.04
5,running,60,0.14,0,2025-04-29 09:55:43,689.52,0.04
6,running,60,0.41,0,2025-04-29 09:55:43,766.58,0.03
7,running,129.4,0.21,962,2025-04-29 09:55:43,675.93,0.03
8,running,60,0.57,415,2025-04-29 09:55:43,671.96,0.03
9,running,266.43,0.9,1718,2025-04-29 09:55:43,701.03,0.03
10,running,300,0.9,2170,2025-04-29 09:55:43,692.49,0.04
1,running,300,0.9,0,2025-04-29 09:55:53,748.39,0.04
2,running,101.45,0.57,0,2025-04-29 09:55:53,729.63,0.03
3,error,60.0,0.2,0,2025-04-29 09:55:53,745.08,0.04
4,running,300,0.87,1388,2025-04-29 09:55:53,779.07,0.04
5,running,131.92,0.39,8,2025-04-29 09:55:53,689.52,0.04
6,running,117.06,0.68,829,2025-04-29 09:55:53,766.58,0.03
7,running,178.39,0.51,413,2025-04-29 09:55:53,675.93,0.03
8,running,61.64,0.66,65,2025-04-29 09:55:53,671.97,0.04
9,running,220.14,0.9,1838,2025-04-29 09:55:53,701.03,0.03
10,idle,60.0,0.2,0,2025-04-29 09:55:53,692.49,0.04
1,running,300,0.9,0,2025-04-29 09:56:03,748.4,0.05
2,running,126.71,0.9,0,2025-04-29 09:56:03,729.64,0.04
3,running,117.29,0.24,0,2025-04-29 09:56:03,745.08,0.04
4,running,300,0.9,1034,2025-04-29 09:56:03,779.07,0.04
5,running,85.19,0.39,973,2025-04-29 09:56:03,689.52,0.04
6,running,144.4,0.9,231,2025-04-29 09:56:03,766.58,0.03
7,running,253.23,0.61,23,2025-04-29 09:56:03,675.93,0.03
8,running,60,0.74,305,2025-04-29 09:56:03,671.97,0.04
9,running,195.14,0.9,2085,2025-04-29 09:56:03,701.04,0.04
10,running,107.07,0.16,958,2025-04-29 09:56:03,692.49,0.04
1,error,60.0,0.2,0,2025-04-29 09:56:13,748.4,0.05
2,running,107.2,0.87,753,2025-04-29 09:56:13,729.64,0.04
3,running,159.15,0.48,0,2025-04-29 09:56:13,745.08,0.04
4,running,300,0.9,1544,2025-04-29 09:56:13,779.08,0.05
5,running,149.16,0.58,935,2025-04-29 09:56:13,689.52,0.04
6,running,144.79,0.9,583,2025-04-29 09:56:13,766.59,0.04
7,running,213.67,0.82,784,2025-04-29 09:56:13,675.94,0.04
8,running,60,0.9,820,2025-04-29 09:56:13,671.97,0.04
9,idle,60.0,0.2,0,2025-04-29 09:56:13,701.04,0.04
10,running,91.24,0.62,251,2025-04-29 09:56:13,692.49,0.04
1,running,118.86,0.43,554,2025-04-29 09:56:23,748.4,0.05
2,running,172.34,0.9,1426,2025-04-29 09:56:23,729.64,0.04
3,error,60.0,0.2,0,2025-04-29 09:56:23,745.08,0.04
4,running,260.99,0.9,934,2025-04-29 09:56:23,779.08,0.05
5,running,154.07,0.9,1728,2025-04-29 09:56:23,689.53,0.05
6,idle,60.0,0.2,0,2025-04-29 09:56:23,766.59,0.04
7,error,60.0,0.2,0,2025-04-29 09:56:23,675.94,0.04
8,running,133.97,0.9,1478,2025-04-29 09:56:23,671.97,0.04
9,running,143.82,0.41,587,2025-04-29 09:56:23,701.04,0.04
10,running,148.04,0.85,447,2025-04-29 09:56:23,692.5,0.05
1,running,171.91,0.4,858,2025-04-29 09:56:33,748.4,0.05
2,running,225.9,0.9,1093,2025-04-29 09:56:33,729.64,0.04
3,running,60,0.69,0,2025-04-29 09:56:33,745.08,0.04
4,running,300,0.9,531,2025-04-29 09:56:33,779.08,0.05
5,idle,60.0,0.2,0,2025-04-29 09:56:33,689.53,0.05
6,error,60.0,0.2,0,2025-04-29 09:56:33,766.59,0.04
7,running,60.02,0.54,880,2025-04-29 09:56:33,675.94,0.04
8,running,209.52,0.9,1631,2025-04-29 09:56:33,671.98,0.05
9,running,177.22,0.54,0,2025-04-29 09:56:33,701.04,0.04
10,running,247.73,0.9,1056,2025-04-29 09:56:33,692.5,0.05
1,running,130.63,0.71,1612,2025-04-29 09:56:43,748.41,0.06
2,running,241.09,0.9,1759,2025-04-29 09:56:43,729.65,0.05
3,running,60,0.69,21,2025-04-29 09:56:43,745.09,0.05
4,running,252.94,0.9,931,2025-04-29 09:56:43,779.09,0.06
5,running,60,0.68,835,2025-04-29 09:56:43,689.53,0.05
6,running,144.76,0.27,661,2025-04-29 09:56:43,766.59,0.04
7,running,81.07,0.52,1548,2025-04-29 09:56:43,675.94,0.04
8,running,241.83,0.9,2501,2025-04-29 09:56:43,671.98,0.05
9,running,175.03,0.71,0,2025-04-29 09:56:43,701.04,0.04
10,idle,60.0,0.2,0,2025-04-29 09:56:43,692.5,0.05
1,running,118.68,0.7,2379,2025-04-29 09:56:53,748.41,0.06
2,running,300,0.9,2601,2025-04-29 09:56:53,729.65,0.05
3,idle,60.0,0.2,0,2025-04-29 09:56:53,745.09,0.05
4,idle,60.0,0.2,0,2025-04-29 09:56:53,779.09,0.06
5,running,136.44,0.9,1107,2025-04-29 09:56:53,689.53,0.05
6,idle,60.0,0.2,0,2025-04-29 09:56:53,766.59,0.04
7,running,125.85,0.71,1247,2025-04-29 09:56:53,675.94,0.04
8,running,213.05,0.9,3429,2025-04-29 09:56:53,671.98,0.05
9,running,167.55,0.9,923,2025-04-29 09:56:53,701.05,0.05
10,idle,60.0,0.2,0,2025-04-29 09:56:53,692.5,0.05
1,running,94.22,0.9,2613,2025-04-29 09:57:03,748.41,0.06
2,running,300,0.9,3232,2025-04-29 09:57:03,729.65,0.05
3,running,115.68,0.36,0,2025-04-29 09:57:03,745.09,0.05
4,idle,60.0,0.2,0,2025-04-29 09:57:03,779.09,0.06
5,running,143.46,0.9,1417,2025-04-29 09:57:03,689.54,0.06
6,running,71.71,0.27,439,2025-04-29 09:57:03,766.59,0.04
7,idle,60.0,0.2,0,2025-04-29 09:57:03,675.94,0.04
8,running,228.64,0.9,3322,2025-04-29 09:57:03,671.99,0.06
9,running,229.9,0.9,1096,2025-04-29 09:57:03,701.05,0.05
10,running,60,0.59,241,2025-04-29 09:57:03,692.5,0.05
1,idle,60.0,0.2,0,2025-04-29 09:57:13,748.41,0.06
2,running,300,0.9,2702,2025-04-29 09:57:13,729.66,0.06
3,running,198.25,0.66,0,2025-04-29 09:57:13,745.09,0.05
4,running,114.78,0.5,0,2025-04-29 09:57:13,779.09,0.06
5,running,187.17,0.9,1129,2025-04-29 09:57:13,689.54,0.06
6,idle,60.0,0.2,0,2025-04-29 09:57:13,766.59,0.04
7,running,134.7,0.28,0,2025-04-29 09:57:13,675.95,0.05
8,idle,60.0,0.2,0,2025-04-29 09:57:13,671.99,0.06
9,running,272.75,0.88,1857,2025-04-29 09:57:13,701.05,0.05
10,idle,60.0,0.2,0,2025-04-29 09:57:13,692.5,0.05
1,running,60,0.44,0,2025-04-29 09:57:23,748.41,0.06
2,running,292.78,0.9,1893,2025-04-29 09:57:23,729.66,0.06
3,running,181.25,0.9,0,2025-04-29 09:57:23,745.1,0.06
4,running,80.6,0.46,300,2025-04-29 09:57:23,779.09,0.06
5,running,274.17,0.9,523,2025-04-29 09:57:23,689.54,0.06
6,running,100.79,0.26,79,2025-04-29 09:57:23,766.59,0.04
7,error,60.0,0.2,0,2025-04-29 09:57:23,675.95,0.05
8,idle,60.0,0.2,0,2025-04-29 09:57:23,671.99,0.06
9,running,231.35,0.9,2382,2025-04-29 09:57:23,701.06,0.06
10,running,121.88,0.4,690,2025-04-29 09:57:23,692.51,0.06
1,running,108.21,0.8,80,2025-04-29 09:57:33,748.42,0.07
2,idle,60.0,0.2,0,2025-04-29 09:57:33,729.66,0.06
3,running,187.35,0.9,361,2025-04-29 09:57:33,745.1,0.06
4,idle,60.0,0.2,0,2025-04-29 09:57:33,779.09,0.06
5,running,300,0.9,1200,2025-04-29 09:57:33,689.54,0.06
6,running,65.97,0.37,754,2025-04-29 09:57:33,766.6,0.05
7,idle,60.0,0.2,0,2025-04-29 09:57:33,675.95,0.05
8,running,60,0.29,33,2025-04-29 09:57:33,671.99,0.06
9,running,188.18,0.9,3022,2025-04-29 09:57:33,701.06,0.06
10,running,116.84,0.77,982,2025-04-29 09:57:33,692.51,0.06
1,running,169.8,0.9,0,2025-04-29 09:57:43,748.42,0.07
2,running,98.35,0.37,0,2025-04-29 09:57:43,729.66,0.06
3,running,232.26,0.9,982,2025-04-29 09:57:43,745.1,0.06
4,running,94.91,0.46,669,2025-04-29 09:57:43,779.09,0.06
5,running,300,0.9,2054,2025-04-29 09:57:43,689.55,0.07
6,running,60,0.67,514,2025-04-29 09:57:43,766.6,0.05
7,running,84.19,0.68,475,2025-04-29 09:57:43,675.95,0.05
8,running,60,0.65,0,2025-04-29 09:57:43,671.99,0.06
9,running,263.52,0.9,3310,2025-04-29 09:57:43,701.06,0.06
10,running,176.17,0.9,1929,2025-04-29 09:57:43,692.51,0.06
1,idle,60.0,0.2,0,2025-04-29 09:57:53,748.42,0.07
2,running,72.36,0.76,0,2025-04-29 09:57:53,729.66,0.06
3,running,194.64,0.9,1536,2025-04-29 09:57:53,745.1,0.06
4,running,158.13,0.9,895,2025-04-29 09:57:53,779.1,0.07
5,running,252.33,0.9,1121,2025-04-29 09:57:53,689.55,0.07
6,running,60,0.66,687,2025-04-29 09:57:53,766.6,0.05
7,idle,60.0,0.2,0,2025-04-29 09:57:53,675.95,0.05
8,idle,60.0,0.2,0,2025-04-29 09:57:53,671.99,0.06
9,error,60.0,0.2,0,2025-04-29 09:57:53,701.06,0.06
10,running,272.27,0.9,2366,2025-04-29 09:57:53,692.51,0.06
1,running,148.6,0.3,753,2025-04-29 09:58:03,748.42,0.07
2,running,63.18,0.89,849,2025-04-29 09:58:03,729.67,0.07
3,running,170.73,0.9,2042,2025-04-29 09:58:03,745.11,0.07
4,running,214.04,0.9,636,2025-04-29 09:58:03,779.1,0.07
5,running,239.49,0.9,1958,2025-04-29 09:58:03,689.55,0.07
6,running,106.94,0.64,1287,2025-04-29 09:58:03,766.61,0.06
7,running,73.72,0.31,0,2025-04-29 09:58:03,675.95,0.05
8,running,60,0.51,0,2025-04-29 09:58:03,671.99,0.06
9,running,60,0.28,734,2025-04-29 09:58:03,701.06,0.06
10,idle,60.0,0.2,0,2025-04-29 09:58:03,692.51,0.06
1,running,153.77,0.54,579,2025-04-29 09:58:13,748.42,0.07
2,running,159.0,0.9,1141,2025-04-29 09:58:13,729.67,0.07
3,running,269.43,0.9,2298,2025-04-29 09:58:13,745.11,0.07
4,running,272.31,0.9,0,2025-04-29 09:58:13,779.1,0.07
5,running,205.87,0.9,1566,2025-04-29 09:58:13,689.55,0.07
6,running,185.57,0.81,763,2025-04-29 09:58:13,766.61,0.06
7,running,60,0.6,0,2025-04-29 09:58:13,675.96,0.06
8,running,147.06,0.83,526,2025-04-29 09:58:13,672.0,0.07
9,running,101.83,0.78,1709,2025-04-29 09:58:13,701.07,0.07
10,running,72.87,0.35,323,2025-04-29 09:58:13,692.52,0.07
1,running,251.12,0.9,0,2025-04-29 09:58:23,748.43,0.08
2,running,120.71,0.9,861,2025-04-29 09:58:23,729.67,0.07
3,running,300,0.9,2714,2025-04-29 09:58:23,745.11,0.07
4,error,60.0,0.2,0,2025-04-29 09:58:23,779.1,0.07
5,running,260.47,0.9,2167,2025-04-29 09:58:23,689.56,0.08
6,running,244.22,0.9,650,2025-04-29 09:58:23,766.61,0.06
7,running,105.97,0.6,0,2025-04-29 09:58:23,675.96,0.06
8,running,126.5,0.9,470,2025-04-29 09:58:23,672.0,0.07
9,running,180.28,0.9,2406,2025-04-29 09:58:23,701.07,0.07
10,error,60.0,0.2,0,2025-04-29 09:58:23,692.52,0.07
1,error,60.0,0.2,0,2025-04-29 09:58:33,748.43,0.08
2,running,213.33,0.9,1687,2025-04-29 09:58:33,729.67,0.07
3,running,300,0.87,3297,2025-04-29 09:58:33,745.11,0.07
4,running,159.28,0.29,0,2025-04-29 09:58:33,779.1,0.07
5,running,300,0.9,1714,2025-04-29 09:58:33,689.56,0.08
6,running,245.95,0.9,555,2025-04-29 09:58:33,766.61,0.06
7,running,66.31,0.87,25,2025-04-29 09:58:33,675.96,0.06
8,running,192.36,0.9,1144,2025-04-29 09:58:33,672.0,0.07
9,running,168.9,0.9,1447,2025-04-29 09:58:33,701.07,0.07
10,running,72.09,0.54,362,2025-04-29 09:58:33,692.52,0.07
1,running,114.44,0.68,277,2025-04-29 09:58:43,748.43,0.08
2,running,185.95,0.9,2135,2025-04-29 09:58:43,729.68,0.08
3,running,300,0.88,3185,2025-04-29 09:58:43,745.12,0.08
4,running,144.97,0.4,85,2025-04-29 09:58:43,779.11,0.08
5,running,300,0.9,1010,2025-04-29 09:58:43,689.56,0.08
6,running,214.23,0.9,1486,2025-04-29 09:58:43,766.62,0.07
7,running,60,0.9,606,2025-04-29 09:58:43,675.96,0.06
8,running,212.68,0.87,1100,2025-04-29 09:58:43,672.0,0.07
9,running,264.63,0.9,1250,2025-04-29 09:58:43,701.07,0.07
10,running,161.44,0.84,988,2025-04-29 09:58:43,692.52,0.07
1,running,106.04,0.67,972,2025-04-29 09:58:53,748.43,0.08
2,running,238.42,0.9,1423,2025-04-29 09:58:53,729.68,0.08
3,error,60.0,0.2,0,2025-04-29 09:58:53,745.12,0.08
4,idle,60.0,0.2,0,2025-04-29 09:58:53,779.11,0.08
5,error,60.0,0.2,0,2025-04-29 09:58:53,689.56,0.08
6,running,261.82,0.9,1447,2025-04-29 09:58:53,766.62,0.07
7,running,145.93,0.9,620,2025-04-29 09:58:53,675.97,0.07
8,error,60.0,0.2,0,2025-04-29 09:58:53,672.0,0.07
9,running,294.08,0.9,1692,2025-04-29 09:58:53,701.08,0.08
10,running,200.18,0.9,1357,2025-04-29 09:58:53,692.52,0.07
1,idle,60.0,0.2,0,2025-04-29 09:59:03,748.43,0.08
2,running,199.03,0.9,1162,2025-04-29 09:59:03,729.68,0.08
3,running,86.77,0.47,0,2025-04-29 09:59:03,745.12,0.08
4,error,60.0,0.2,0,2025-04-29 09:59:03,779.11,0.08
5,idle,60.0,0.2,0,2025-04-29 09:59:03,689.56,0.08
6,running,300,0.9,1674,2025-04-29 09:59:03,766.62,0.07
7,running,104.54,0.9,204,2025-04-29 09:59:03,675.97,0.07
8,running,60,0.61,640,2025-04-29 09:59:03,672.01,0.08
9,running,300,0.9,1355,2025-04-29 09:59:03,701.08,0.08
10,error,60.0,0.2,0,2025-04-29 09:59:03,692.52,0.07
1,running,136.04,0.3,0,2025-04-29 09:59:13,748.44,0.09
2,running,198.45,0.9,697,2025-04-29 09:59:13,729.69,0.09
3,running,122.1,0.87,263,2025-04-29 09:59:13,745.12,0.08
4,running,118.31,0.66,776,2025-04-29 09:59:13,779.11,0.08
5,idle,60.0,0.2,0,2025-04-29 09:59:13,689.56,0.08
6,running,278.63,0.9,953,2025-04-29 09:59:13,766.62,0.07
7,running,97.39,0.9,679,2025-04-29 09:59:13,675.97,0.07
8,running,76.05,0.9,145,2025-04-29 09:59:13,672.01,0.08
9,error,60.0,0.2,0,2025-04-29 09:59:13,701.08,0.08
10,running,135.08,0.42,150,2025-04-29 09:59:13,692.53,0.08
1,running,203.32,0.64,0,2025-04-29 09:59:23,748.44,0.09
2,running,164.76,0.9,95,2025-04-29 09:59:23,729.69,0.09
3,running,188.9,0.9,0,2025-04-29 09:59:23,745.13,0.09
4,running,204.05,0.9,1704,2025-04-29 09:59:23,779.11,0.08
5,running,138.24,0.58,848,2025-04-29 09:59:23,689.57,0.09
6,running,281.09,0.9,480,2025-04-29 09:59:23,766.63,0.08
7,running,124.27,0.9,425,2025-04-29 09:59:23,675.97,0.07
8,running,132.06,0.9,374,2025-04-29 09:59:23,672.01,0.08
9,idle,60.0,0.2,0,2025-04-29 09:59:23,701.08,0.08
10,running,169.4,0.9,817,2025-04-29 09:59:23,692.53,0.08
1,running,188.47,0.76,346,2025-04-29 09:59:33,748.44,0.09
2,running,177.64,0.9,277,2025-04-29 09:59:33,729.69,0.09
3,running,234.85,0.9,0,2025-04-29 09:59:33,745.13,0.09
4,running,190.82,0.9,1770,2025-04-29 09:59:33,779.12,0.09
5,idle,60.0,0.2,0,2025-04-29 09:59:33,689.57,0.09
6,running,299.84,0.9,0,2025-04-29 09:59:33,766.63,0.08
7,running,182.57,0.9,0,2025-04-29 09:59:33,675.98,0.08
8,running,162.51,0.9,508,2025-04-29 09:59:33,672.02,0.09
9,running,65.51,0.38,842,2025-04-29 09:59:33,701.08,0.08
10,running,138.59,0.9,893,2025-04-29 09:59:33,692.53,0.08
1,running,164.14,0.9,523,2025-04-29 09:59:43,748.44,0.09
2,running,226.52,0.9,114,2025-04-29 09:59:43,729.69,0.09
3,running,292.22,0.9,628,2025-04-29 09:59:43,745.13,0.09
4,idle,60.0,0.2,0,2025-04-29 09:59:43,779.12,0.09
5,running,60,0.49,0,2025-04-29 09:59:43,689.57,0.09
6,running,300,0.9,843,2025-04-29 09:59:43,766.63,0.08
7,running,170.02,0.9,218,2025-04-29 09:59:43,675.98,0.08
8,running,252.86,0.9,0,2025-04-29 09:59:43,672.02,0.09
9,running,96.17,0.49,73,2025-04-29 09:59:43,701.09,0.09
10,running,200.66,0.9,1242,2025-04-29 09:59:43,692.54,0.09
1,running,197.73,0.9,647,2025-04-29 09:59:53,748.45,0.1
2,running,300,0.9,0,2025-04-29 09:59:53,729.7,0.1
3,running,300,0.9,116,2025-04-29 09:59:53,745.13,0.09
4,running,149.23,0.23,0,2025-04-29 09:59:53,779.12,0.09
5,running,60,0.9,0,2025-04-29 09:59:53,689.57,0.09
6,running,300,0.9,343,2025-04-29 09:59:53,766.64,0.09
7,running,130.79,0.9,229,2025-04-29 09:59:53,675.98,0.08
8,error,60.0,0.2,0,2025-04-29 09:59:53,672.02,0.09
9,running,107.78,0.74,603,2025-04-29 09:59:53,701.09,0.09
10,running,173.11,0.9,1591,2025-04-29 09:59:53,692.54,0.09
1,running,206.37,0.9,1586,2025-04-29 10:00:03,748.45,0.1
2,running,300,0.9,0,2025-04-29 10:00:03,729.7,0.1
3,running,283.92,0.9,0,2025-04-29 10:00:03,745.14,0.1
4,running,190.42,0.64,0,2025-04-29 10:00:03,779.12,0.09
5,running,73.35,0.9,292,2025-04-29 10:00:03,689.57,0.09
6,idle,60.0,0.2,0,2025-04-29 10:00:03,766.64,0.09
7,running,204.59,0.9,1111,2025-04-29 10:00:03,675.99,0.09
8,running,60,0.18,847,2025-04-29 10:00:03,672.02,0.09
9,running,160.02,0.9,0,2025-04-29 10:00:03,701.09,0.09
10,running,242.56,0.9,1370,2025-04-29 10:00:03,692.54,0.09
1,error,60.0,0.2,0,2025-04-29 10:00:13,748.45,0.1
2,running,300,0.9,477,2025-04-29 10:00:13,729.7,0.1
3,running,300,0.9,261,2025-04-29 10:00:13,745.14,0.1
4,running,205.06,0.84,0,2025-04-29 10:00:13,779.12,0.09
5,running,100.87,0.9,0,2025-04-29 10:00:13,689.58,0.1
6,running,122.21,0.28,0,2025-04-29 10:00:13,766.64,0.09
7,idle,60.0,0.2,0,2025-04-29 10:00:13,675.99,0.09
8,running,81.88,0.33,188,2025-04-29 10:00:13,672.02,0.09
9,error,60.0,0.2,0,2025-04-29 10:00:13,701.09,0.09
10,running,300,0.9,510,2025-04-29 10:00:13,692.54,0.09
1,running,112.17,0.68,294,2025-04-29 10:00:23,748.45,0.1
2,idle,60.0,0.2,0,2025-04-29 10:00:23,729.7,0.1
3,running,300,0.89,0,2025-04-29 10:00:23,745.14,0.1
4,running,291.19,0.9,603,2025-04-29 10:00:23,779.13,0.1
5,running,199.72,0.9,155,2025-04-29 10:00:23,689.58,0.1
6,running,185.69,0.47,0,2025-04-29 10:00:23,766.64,0.09
7,running,125.61,0.28,309,2025-04-29 10:00:23,675.99,0.09
8,error,60.0,0.2,0,2025-04-29 10:00:23,672.02,0.09
9,running,60,0.48,0,2025-04-29 10:00:23,701.09,0.09
10,idle,60.0,0.2,0,2025-04-29 10:00:23,692.54,0.09
1,error,60.0,0.2,0,2025-04-29 10:00:33,748.45,0.1
2,running,95.14,0.54,967,2025-04-29 10:00:33,729.71,0.11
3,running,300,0.9,0,2025-04-29 10:00:33,745.15,0.11
4,running,300,0.9,1486,2025-04-29 10:00:33,779.13,0.1
5,idle,60.0,0.2,0,2025-04-29 10:00:33,689.58,0.1
6,running,142.16,0.79,0,2025-04-29 10:00:33,766.64,0.09
7,running,95.79,0.51,408,2025-04-29 10:00:33,675.99,0.09
8,running,104.26,0.4,0,2025-04-29 10:00:33,672.03,0.1
9,running,60,0.9,335,2025-04-29 10:00:33,701.1,0.1
10,running,84.95,0.45,811,2025-04-29 10:00:33,692.55,0.1
1,running,96.28,0.69,0,2025-04-29 10:00:43,748.46,0.11
2,idle,60.0,0.2,0,2025-04-29 10:00:43,729.71,0.11
3,running,300,0.9,0,2025-04-29 10:00:43,745.15,0.11
4,running,300,0.9,1255,2025-04-29 10:00:43,779.13,0.1
5,running,60,0.29,0,2025-04-29 10:00:43,689.58,0.1
6,idle,60.0,0.2,0,2025-04-29 10:00:43,766.64,0.09
7,idle,60.0,0.2,0,2025-04-29 10:00:43,675.99,0.09
8,running,60,0.83,0,2025-04-29 10:00:43,672.03,0.1
9,running,153.47,0.9,0,2025-04-29 10:00:43,701.1,0.1
10,idle,60.0,0.2,0,2025-04-29 10:00:43,692.55,0.1
1,running,93.72,0.9,0,2025-04-29 10:00:53,748.46,0.11
2,running,60,0.33,945,2025-04-29 10:00:53,729.71,0.11
3,running,293.09,0.9,649,2025-04-29 10:00:53,745.15,0.11
4,running,253.79,0.9,505,2025-04-29 10:00:53,779.14,0.11
5,running,138.81,0.57,0,2025-04-29 10:00:53,689.59,0.11
6,running,60,0.4,200,2025-04-29 10:00:53,766.65,0.1
7,running,60,0.24,0,2025-04-29 10:00:53,675.99,0.09
8,error,60.0,0.2,0,2025-04-29 10:00:53,672.03,0.1
9,running,219.8,0.9,775,2025-04-29 10:00:53,701.1,0.1
10,idle,60.0,0.2,0,2025-04-29 10:00:53,692.55,0.1
1,running,115.08,0.86,0,2025-04-29 10:01:03,748.46,0.11
2,running,110.6,0.71,243,2025-04-29 10:01:03,729.71,0.11
3,running,299.44,0.9,1601,2025-04-29 10:01:03,745.15,0.11
4,running,226.64,0.9,1151,2025-04-29 10:01:03,779.14,0.11
5,running,166.77,0.8,21,2025-04-29 10:01:03,689.59,0.11
6,running,101.7,0.49,0,2025-04-29 10:01:03,766.65,0.1
7,idle,60.0,0.2,0,2025-04-29 10:01:03,675.99,0.09
8,running,60,0.3,0,2025-04-29 10:01:03,672.03,0.1
9,running,271.45,0.9,794,2025-04-29 10:01:03,701.11,0.11
10,running,110.18,0.44,0,2025-04-29 10:01:03,692.55,0.1
1,running,185.92,0.9,59,2025-04-29 10:01:13,748.46,0.11
2,running,100.38,0.9,99,2025-04-29 10:01:13,729.71,0.11
3,running,277.69,0.9,2218,2025-04-29 10:01:13,745.16,0.12
4,running,288.56,0.9,1473,2025-04-29 10:01:13,779.14,0.11
5,running,244.91,0.9,844,2025-04-29 10:01:13,689.59,0.11
6,running,90.29,0.9,340,2025-04-29 10:01:13,766.65,0.1
7,running,60,0.16,43,2025-04-29 10:01:13,676.0,0.1
8,running,117.83,0.54,213,2025-04-29 10:01:13,672.04,0.11
9,idle,60.0,0.2,0,2025-04-29 10:01:13,701.11,0.11
10,running,168.28,0.58,0,2025-04-29 10:01:13,692.55,0.1
1,running,262.57,0.9,0,2025-04-29 10:01:23,748.47,0.12
2,running,116.21,0.9,0,2025-04-29 10:01:23,729.72,0.12
3,idle,60.0,0.2,0,2025-04-29 10:01:23,745.16,0.12
4,running,300,0.9,1191,2025-04-29 10:01:23,779.14,0.11
5,running,300,0.9,345,2025-04-29 10:01:23,689.59,0.11
6,running,86.67,0.9,0,2025-04-29 10:01:23,766.66,0.11
7,running,117.53,0.57,377,2025-04-29 10:01:23,676.0,0.1
8,running,156.87,0.71,185,2025-04-29 10:01:23,672.04,0.11
9,idle,60.0,0.2,0,2025-04-29 10:01:23,701.11,0.11
10,running,129.16,0.63,0,2025-04-29 10:01:23,692.56,0.11
1,idle,60.0,0.2,0,2025-04-29 10:01:33,748.47,0.12
2,running,173.55,0.9,909,2025-04-29 10:01:33,729.72,0.12
3,running,60,0.53,479,2025-04-29 10:01:33,745.16,0.12
4,idle,60.0,0.2,0,2025-04-29 10:01:33,779.14,0.11
5,running,259.74,0.9,9,2025-04-29 10:01:33,689.6,0.12
6,running,167.56,0.9,0,2025-04-29 10:01:33,766.66,0.11
7,running,181.2,0.9,865,2025-04-29 10:01:33,676.0,0.1
8,idle,60.0,0.2,0,2025-04-29 10:01:33,672.04,0.11
9,idle,60.0,0.2,0,2025-04-29 10:01:33,701.11,0.11
10,running,150.72,0.9,0,2025-04-29 10:01:33,692.56,0.11
1,idle,60.0,0.2,0,2025-04-29 10:01:43,748.47,0.12
2,running,272.3,0.9,285,2025-04-29 10:01:43,729.72,0.12
3,running,60,0.9,207,2025-04-29 10:01:43,745.16,0.12
4,running,60,0.4,0,2025-04-29 10:01:43,779.15,0.12
5,running,255.32,0.9,0,2025-04-29 10:01:43,689.6,0.12
6,running,188.41,0.9,975,2025-04-29 10:01:43,766.66,0.11
7,running,149.48,0.9,404,2025-04-29 10:01:43,676.01,0.11
8,idle,60.0,0.2,0,2025-04-29 10:01:43,672.04,0.11
9,running,60,0.26,168,2025-04-29 10:01:43,701.11,0.11
10,running,210.49,0.9,802,2025-04-29 10:01:43,692.56,0.11
1,running,83.72,0.52,856,2025-04-29 10:01:53,748.47,0.12
2,running,300,0.9,1029,2025-04-29 10:01:53,729.72,0.13
3,running,60.42,0.9,0,2025-04-29 10:01:53,745.16,0.13
4,idle,60.0,0.2,0,2025-04-29 10:01:53,779.15,0.12
5,error,60.0,0.2,0,2025-04-29 10:01:53,689.6,0.12
6,error,60.0,0.2,0,2025-04-29 10:01:53,766.66,0.11
7,running,129.3,0.9,0,2025-04-29 10:01:53,676.01,0.11
8,idle,60.0,0.2,0,2025-04-29 10:01:53,672.04,0.11
9,idle,60.0,0.2,0,2025-04-29 10:01:53,701.11,0.11
10,running,219.47,0.9,292,2025-04-29 10:01:53,692.56,0.11
1,running,60,0.69,1317,2025-04-29 10:02:03,748.47,0.12
2,running,297.2,0.9,1189,2025-04-29 10:02:03,729.73,0.13
3,running,60,0.9,974,2025-04-29 10:02:03,745.17,0.13
4,running,71.74,0.2,0,2025-04-29 10:02:03,779.15,0.12
5,idle,60.0,0.2,0,2025-04-29 10:02:03,689.6,0.12
6,idle,60.0,0.2,0,2025-04-29 10:02:03,766.66,0.11
7,idle,60.0,0.2,0,2025-04-29 10:02:03,676.01,0.11
8,running,60,0.21,0,2025-04-29 10:02:03,672.04,0.11
9,running,135.94,0.62,439,2025-04-29 10:02:03,701.11,0.11
10,running,185.87,0.87,0,2025-04-29 10:02:03,692.57,0.12
1,error,60.0,0.2,0,2025-04-29 10:02:13,748.47,0.12
2,running,277.08,0.9,548,2025-04-29 10:02:13,729.73,0.13
3,running,69.68,0.9,1265,2025-04-29 10:02:13,745.17,0.13
4,running,113.79,0.35,927,2025-04-29 10:02:13,779.15,0.12
5,running,60,0.17,904,2025-04-29 10:02:13,689.6,0.12
6,running,60,0.56,0,2025-04-29 10:02:13,766.66,0.11
7,running,117.74,0.68,406,2025-04-29 10:02:13,676.01,0.11
8,running,115.47,0.45,484,2025-04-29 10:02:13,672.04,0.11
9,idle,60.0,0.2,0,2025-04-29 10:02:13,701.11,0.11
10,running,145.11,0.9,0,2025-04-29 10:02:13,692.57,0.12
1,running,131.03,0.59,840,2025-04-29 10:02:23,748.47,0.13
2,running,285.32,0.9,640,2025-04-29 10:02:23,729.73,0.13
3,running,100.05,0.9,473,2025-04-29 10:02:23,745.17,0.13
4,running,155.53,0.55,602,2025-04-29 10:02:23,779.15,0.13
5,running,96.85,0.6,1087,2025-04-29 10:02:23,689.6,0.13
6,running,140.12,0.82,0,2025-04-29 10:02:23,766.67,0.12
7,running,101.38,0.9,315,2025-04-29 10:02:23,676.01,0.11
8,running,83.44,0.52,60,2025-04-29 10:02:23,672.05,0.12
9,running,143.26,0.45,0,2025-04-29 10:02:23,701.11,0.11
10,error,60.0,0.2,0,2025-04-29 10:02:23,692.57,0.12
1,running,120.08,0.88,579,2025-04-29 10:02:33,748.48,0.13
2,running,300,0.9,0,2025-04-29 10:02:33,729.74,0.14
3,running,147.97,0.9,0,2025-04-29 10:02:33,745.18,0.14
4,running,204.77,0.64,1478,2025-04-29 10:02:33,779.16,0.13
5,error,60.0,0.2,0,2025-04-29 10:02:33,689.6,0.13
6,running,143.35,0.9,315,2025-04-29 10:02:33,766.67,0.12
7,idle,60.0,0.2,0,2025-04-29 10:02:33,676.01,0.11
8,idle,60.0,0.2,0,2025-04-29 10:02:33,672.05,0.12
9,running,127.28,0.88,0,2025-04-29 10:02:33,701.12,0.12
10,running,120.98,0.33,0,2025-04-29 10:02:33,692.57,0.12
1,idle,60.0,0.2,0,2025-04-29 10:02:43,748.48,0.13
2,running,300,0.87,559,2025-04-29 10:02:43,729.74,0.14
3,running,225.75,0.9,55,2025-04-29 10:02:43,745.18,0.14
4,running,218.54,0.9,1688,2025-04-29 10:02:43,779.16,0.13
5,running,78.9,0.58,0,2025-04-29 10:02:43,689.61,0.13
6,running,110.01,0.9,0,2025-04-29 10:02:43,766.67,0.12
7,running,60,0.22,0,2025-04-29 10:02:43,676.02,0.12
8,running,60,0.45,452,2025-04-29 10:02:43,672.05,0.12
9,running,101.04,0.9,0,2025-04-29 10:02:43,701.12,0.12
10,running,129.49,0.49,0,2025-04-29 10:02:43,692.57,0.13
1,running,60,0.58,250,2025-04-29 10:02:53,748.48,0.13
2,running,300,0.9,1131,2025-04-29 10:02:53,729.74,0.14
3,running,180.24,0.9,23,2025-04-29 10:02:53,745.18,0.14
4,running,300,0.9,1591,2025-04-29 10:02:53,779.16,0.13
5,running,101.19,0.9,0,2025-04-29 10:02:53,689.61,0.13
6,idle,60.0,0.2,0,2025-04-29 10:02:53,766.67,0.12
7,running,136.42,0.5,849,2025-04-29 10:02:53,676.02,0.12
8,error,60.0,0.2,0,2025-04-29 10:02:53,672.05,0.12
9,running,192.55,0.9,0,2025-04-29 10:02:53,701.12,0.12
10,running,158.28,0.61,0,2025-04-29 10:02:53,692.58,0.13
1,running,60,0.6,562,2025-04-29 10:03:03,748.48,0.13
2,running,300,0.9,172,2025-04-29 10:03:03,729.74,0.14
3,idle,60.0,0.2,0,2025-04-29 10:03:03,745.18,0.14
4,running,277.67,0.9,1170,2025-04-29 10:03:03,779.17,0.14
5,running,130.54,0.9,271,2025-04-29 10:03:03,689.61,0.13
6,running,130.73,0.64,229,2025-04-29 10:03:03,766.67,0.13
7,running,139.56,0.9,176,2025-04-29 10:03:03,676.02,0.12
8,running,109.15,0.32,0,2025-04-29 10:03:03,672.05,0.12
9,running,181.88,0.9,63,2025-04-29 10:03:03,701.12,0.13
10,running,122.17,0.9,845,2025-04-29 10:03:03,692.58,0.13
1,idle,60.0,0.2,0,2025-04-29 10:03:13,748.48,0.13
2,running,293.12,0.9,267,2025-04-29 10:03:13,729.75,0.15
3,running,117.73,0.35,0,2025-04-29 10:03:13,745.18,0.14
4,running,300,0.9,1782,2025-04-29 10:03:13,779.17,0.14
5,running,135.0,0.9,0,2025-04-29 10:03:13,689.62,0.14
6,running,145.03,0.72,0,2025-04-29 10:03:13,766.68,0.13
7,running,233.22,0.9,803,2025-04-29 10:03:13,676.02,0.13
8,running,190.87,0.55,593,2025-04-29 10:03:13,672.05,0.13
9,running,217.95,0.9,0,2025-04-29 10:03:13,701.13,0.13
10,running,152.8,0.9,0,2025-04-29 10:03:13,692.58,0.13
1,running,88.97,0.2,0,2025-04-29 10:03:24,748.49,0.14
2,running,300,0.9,424,2025-04-29 10:03:24,729.75,0.15
3,running,99.15,0.81,0,2025-04-29 10:03:24,745.19,0.15
4,running,300,0.9,1090,2025-04-29 10:03:24,779.17,0.14
5,running,157.15,0.9,412,2025-04-29 10:03:24,689.62,0.14
6,idle,60.0,0.2,0,2025-04-29 10:03:24,766.68,0.13
7,running,243.92,0.9,687,2025-04-29 10:03:24,676.03,0.13
8,running,288.79,0.77,177,2025-04-29 10:03:24,672.06,0.13
9,running,241.38,0.9,260,2025-04-29 10:03:24,701.13,0.13
10,running,179.52,0.9,464,2025-04-29 10:03:24,692.59,0.14
1,running,118.25,0.67,0,2025-04-29 10:03:34,748.49,0.14
2,idle,60.0,0.2,0,2025-04-29 10:03:34,729.75,0.15
3,running,63.81,0.9,606,2025-04-29 10:03:34,745.19,0.15
4,idle,60.0,0.2,0,2025-04-29 10:03:34,779.17,0.14
5,running,175.0,0.9,537,2025-04-29 10:03:34,689.62,0.14
6,running,102.6,0.26,371,2025-04-29 10:03:34,766.68,0.13
7,idle,60.0,0.2,0,2025-04-29 10:03:34,676.03,0.13
8,running,300,0.82,0,2025-04-29 10:03:34,672.06,0.13
9,running,283.56,0.9,469,2025-04-29 10:03:34,701.13,0.13
10,running,205.88,0.9,0,2025-04-29 10:03:34,692.59,0.14
1,running,197.28,0.74,0,2025-04-29 10:03:44,748.49,0.14
2,running,72.18,0.56,0,2025-04-29 10:03:44,729.75,0.15
3,running,60,0.87,0,2025-04-29 10:03:44,745.19,0.15
4,running,60,0.57,0,2025-04-29 10:03:44,779.17,0.14
5,running,251.02,0.9,0,2025-04-29 10:03:44,689.62,0.14
6,running,107.93,0.65,150,2025-04-29 10:03:44,766.68,0.13
7,running,132.67,0.64,0,2025-04-29 10:03:44,676.03,0.13
8,running,300,0.9,0,2025-04-29 10:03:44,672.06,0.13
9,running,297.58,0.9,497,2025-04-29 10:03:44,701.14,0.14
10,running,224.66,0.9,207,2025-04-29 10:03:44,692.59,0.14
1,running,149.91,0.9,591,2025-04-29 10:03:54,748.49,0.14
2,running,97.46,0.54,882,2025-04-29 10:03:54,729.76,0.16
3,running,151.0,0.9,791,2025-04-29 10:03:54,745.2,0.16
4,running,76.01,0.66,0,2025-04-29 10:03:54,779.18,0.15
5,running,274.23,0.9,0,2025-04-29 10:03:54,689.63,0.15
6,running,134.67,0.73,180,2025-04-29 10:03:54,766.69,0.14
7,idle,60.0,0.2,0,2025-04-29 10:03:54,676.03,0.13
8,running,265.57,0.9,0,2025-04-29 10:03:54,672.07,0.14
9,running,300,0.9,0,2025-04-29 10:03:54,701.14,0.14
10,running,196.73,0.9,238,2025-04-29 10:03:54,692.59,0.14
1,idle,60.0,0.2,0,2025-04-29 10:04:04,748.49,0.14
2,idle,60.0,0.2,0,2025-04-29 10:04:04,729.76,0.16
3,running,163.86,0.87,1236,2025-04-29 10:04:04,745.2,0.16
4,running,146.43,0.9,911,2025-04-29 10:04:04,779.18,0.15
5,running,274.92,0.9,0,2025-04-29 10:04:04,689.63,0.15
6,running,193.0,0.9,0,2025-04-29 10:04:04,766.69,0.14
7,running,124.29,0.34,0,2025-04-29 10:04:04,676.03,0.13
8,running,300,0.9,0,2025-04-29 10:04:04,672.07,0.14
9,running,294.78,0.9,705,2025-04-29 10:04:04,701.14,0.14
10,running,275.94,0.88,226,2025-04-29 10:04:04,692.6,0.15
1,running,60,0.27,671,2025-04-29 10:04:14,748.5,0.15
2,running,151.3,0.46,0,2025-04-29 10:04:14,729.76,0.16
3,running,218.4,0.9,1586,2025-04-29 10:04:14,745.2,0.16
4,running,199.47,0.9,1889,2025-04-29 10:04:14,779.18,0.15
5,running,300,0.9,637,2025-04-29 10:04:14,689.63,0.15
6,running,194.0,0.9,534,2025-04-29 10:04:14,766.69,0.14
7,running,187.09,0.6,0,2025-04-29 10:04:14,676.04,0.14
8,idle,60.0,0.2,0,2025-04-29 10:04:14,672.07,0.14
9,running,300,0.9,681,2025-04-29 10:04:14,701.14,0.14
10,running,248.26,0.9,0,2025-04-29 10:04:14,692.6,0.15
1,idle,60.0,0.2,0,2025-04-29 10:04:24,748.5,0.15
2,running,131.81,0.54,0,2025-04-29 10:04:24,729.76,0.16
3,running,253.54,0.9,1336,2025-04-29 10:04:24,745.2,0.16
4,running,219.77,0.9,1819,2025-04-29 10:04:24,779.19,0.16
5,error,60.0,0.2,0,2025-04-29 10:04:24,689.63,0.15
6,running,263.64,0.9,0,2025-04-29 10:04:24,766.69,0.14
7,running,284.03,0.78,996,2025-04-29 10:04:24,676.04,0.14
8,running,60,0.54,649,2025-04-29 10:04:24,672.07,0.14
9,running,300,0.9,1472,2025-04-29 10:04:24,701.15,0.15
10,running,291.85,0.9,447,2025-04-29 10:04:24,692.6,0.15
1,running,60,0.65,579,2025-04-29 10:04:34,748.5,0.15
2,running,97.93,0.65,88,2025-04-29 10:04:34,729.76,0.16
3,running,205.72,0.89,487,2025-04-29 10:04:34,745.21,0.17
4,running,194.6,0.9,2074,2025-04-29 10:04:34,779.19,0.16
5,running,60,0.44,0,2025-04-29 10:04:34,689.64,0.16
6,idle,60.0,0.2,0,2025-04-29 10:04:34,766.69,0.14
7,running,284.79,0.9,1547,2025-04-29 10:04:34,676.04,0.14
8,running,60,0.68,0,2025-04-29 10:04:34,672.07,0.14
9,running,281.03,0.88,2052,2025-04-29 10:04:34,701.15,0.15
10,running,253.22,0.9,649,2025-04-29 10:04:34,692.61,0.16
1,error,60.0,0.2,0,2025-04-29 10:04:44,748.5,0.15
2,idle,60.0,0.2,0,2025-04-29 10:04:44,729.76,0.16
3,running,213.05,0.9,0,2025-04-29 10:04:44,745.21,0.17
4,idle,60.0,0.2,0,2025-04-29 10:04:44,779.19,0.16
5,running,122.06,0.78,0,2025-04-29 10:04:44,689.64,0.16
6,running,64.03,0.49,0,2025-04-29 10:04:44,766.7,0.15
7,running,300,0.9,1736,2025-04-29 10:04:44,676.04,0.14
8,idle,60.0,0.2,0,2025-04-29 10:04:44,672.07,0.14
9,running,289.87,0.9,1809,2025-04-29 10:04:44,701.15,0.15
10,running,300,0.9,453,2025-04-29 10:04:44,692.61,0.16
1,idle,60.0,0.2,0,2025-04-29 10:04:54,748.5,0.15
2,idle,60.0,0.2,0,2025-04-29 10:04:54,729.76,0.16
3,running,175.3,0.9,0,2025-04-29 10:04:54,745.21,0.17
4,running,60,0.59,28,2025-04-29 10:04:54,779.19,0.16
5,idle,60.0,0.2,0,2025-04-29 10:04:54,689.64,0.16
6,idle,60.0,0.2,0,2025-04-29 10:04:54,766.7,0.15
7,running,300,0.9,1963,2025-04-29 10:04:54,676.05,0.15
8,idle,60.0,0.2,0,2025-04-29 10:04:54,672.07,0.14
9,running,300,0.9,2754,2025-04-29 10:04:54,701.16,0.16
10,running,300,0.9,1045,2025-04-29 10:04:54,692.61,0.16
1,running,86.04,0.34,89,2025-04-29 10:05:04,748.5,0.15
2,running,60,0.54,823,2025-04-29 10:05:04,729.77,0.17
3,running,213.82,0.9,0,2025-04-29 10:05:04,745.21,0.17
4,running,60,0.66,0,2025-04-29 10:05:04,779.19,0.16
5,error,60.0,0.2,0,2025-04-29 10:05:04,689.64,0.16
6,running,60,0.34,90,2025-04-29 10:05:04,766.7,0.15
7,idle,60.0,0.2,0,2025-04-29 10:05:04,676.05,0.15
8,running,60,0.56,0,2025-04-29 10:05:04,672.08,0.15
9,idle,60.0,0.2,0,2025-04-29 10:05:04,701.16,0.16
10,running,300,0.87,1889,2025-04-29 10:05:04,692.61,0.16
1,running,67.92,0.73,298,2025-04-29 10:05:14,748.51,0.16
2,running,121.05,0.9,528,2025-04-29 10:05:14,729.77,0.17
3,running,239.15,0.9,29,2025-04-29 10:05:14,745.22,0.18
4,running,156.47,0.9,61,2025-04-29 10:05:14,779.2,0.17
5,running,148.45,0.56,0,2025-04-29 10:05:14,689.64,0.16
6,running,151.16,0.83,0,2025-04-29 10:05:14,766.7,0.15
7,running,60,0.43,0,2025-04-29 10:05:14,676.05,0.15
8,running,70.67,0.7,743,2025-04-29 10:05:14,672.08,0.15
9,running,96.26,0.22,301,2025-04-29 10:05:14,701.16,0.16
10,idle,60.0,0.2,0,2025-04-29 10:05:14,692.61,0.16
1,idle,60.0,0.2,0,2025-04-29 10:05:24,748.51,0.16
2,running,110.68,0.9,476,2025-04-29 10:05:24,729.77,0.17
3,running,225.58,0.9,0,2025-04-29 10:05:24,745.22,0.18
4,running,253.12,0.9,37,2025-04-29 10:05:24,779.2,0.17
5,error,60.0,0.2,0,2025-04-29 10:05:24,689.64,0.16
6,running,237.59,0.9,0,2025-04-29 10:05:24,766.71,0.16
7,running,156.31,0.84,786,2025-04-29 10:05:24,676.05,0.15
8,running,64.59,0.9,1132,2025-04-29 10:05:24,672.08,0.15
9,running,151.43,0.59,317,2025-04-29 10:05:24,701.16,0.16
10,running,91.64,0.67,301,2025-04-29 10:05:24,692.62,0.17
1,idle,60.0,0.2,0,2025-04-29 10:05:34,748.51,0.16
2,running,95.15,0.9,1154,2025-04-29 10:05:34,729.77,0.17
3,running,182.64,0.9,176,2025-04-29 10:05:34,745.22,0.18
4,idle,60.0,0.2,0,2025-04-29 10:05:34,779.2,0.17
5,running,74.32,0.33,90,2025-04-29 10:05:34,689.64,0.16
6,running,254.51,0.9,0,2025-04-29 10:05:34,766.71,0.16
7,running,152.15,0.9,0,2025-04-29 10:05:34,676.06,0.16
8,running,60,0.9,447,2025-04-29 10:05:34,672.09,0.16
9,running,182.51,0.9,654,2025-04-29 10:05:34,701.16,0.16
10,running,183.52,0.87,0,2025-04-29 10:05:34,692.62,0.17
1,running,60,0.57,0,2025-04-29 10:05:44,748.51,0.16
2,idle,60.0,0.2,0,2025-04-29 10:05:44,729.77,0.17
3,running,191.3,0.9,422,2025-04-29 10:05:44,745.23,0.19
4,running,60,0.3,0,2025-04-29 10:05:44,779.2,0.17
5,running,70.19,0.67,451,2025-04-29 10:05:44,689.65,0.17
6,running,261.17,0.9,233,2025-04-29 10:05:44,766.71,0.16
7,running,251.61,0.9,0,2025-04-29 10:05:44,676.06,0.16
8,running,69.66,0.9,1159,2025-04-29 10:05:44,672.09,0.16
9,running,243.18,0.9,925,2025-04-29 10:05:44,701.17,0.17
10,error,60.0,0.2,0,2025-04-29 10:05:44,692.62,0.17
1,running,107.4,0.64,0,2025-04-29 10:05:54,748.51,0.16
2,running,63.02,0.38,784,2025-04-29 10:05:54,729.78,0.18
3,running,169.38,0.9,141,2025-04-29 10:05:54,745.23,0.19
4,idle,60.0,0.2,0,2025-04-29 10:05:54,779.2,0.17
5,running,60,0.68,0,2025-04-29 10:05:54,689.65,0.17
6,error,60.0,0.2,0,2025-04-29 10:05:54,766.71,0.16
7,running,283.07,0.85,0,2025-04-29 10:05:54,676.06,0.16
8,running,79.62,0.9,1762,2025-04-29 10:05:54,672.09,0.16
9,running,235.83,0.9,1092,2025-04-29 10:05:54,701.17,0.17
10,running,113.34,0.53,0,2025-04-29 10:05:54,692.62,0.17
1,running,169.24,0.62,350,2025-04-29 10:06:04,748.51,0.16
2,running,68.61,0.66,509,2025-04-29 10:06:04,729.78,0.18
3,idle,60.0,0.2,0,2025-04-29 10:06:04,745.23,0.19
4,running,60,0.7,0,2025-04-29 10:06:04,779.2,0.17
5,running,85.32,0.9,872,2025-04-29 10:06:04,689.65,0.17
6,running,91.82,0.24,185,2025-04-29 10:06:04,766.71,0.16
7,running,300,0.82,0,2025-04-29 10:06:04,676.06,0.16
8,running,178.22,0.9,1146,2025-04-29 10:06:04,672.09,0.16
9,running,219.07,0.89,1626,2025-04-29 10:06:04,701.17,0.17
10,idle,60.0,0.2,0,2025-04-29 10:06:04,692.62,0.17
1,running,226.11,0.9,1329,2025-04-29 10:06:14,748.52,0.17
2,running,88.79,0.87,1031,2025-04-29 10:06:14,729.78,0.18
3,running,60,0.63,0,2025-04-29 10:06:14,745.23,0.19
4,idle,60.0,0.2,0,2025-04-29 10:06:14,779.2,0.17
5,running,128.76,0.9,600,2025-04-29 10:06:14,689.65,0.17
6,idle,60.0,0.2,0,2025-04-29 10:06:14,766.71,0.16
7,running,300,0.9,0,2025-04-29 10:06:14,676.07,0.17
8,running,232.92,0.9,853,2025-04-29 10:06:14,672.1,0.17
9,running,286.88,0.9,2027,2025-04-29 10:06:14,701.17,0.17
10,error,60.0,0.2,0,2025-04-29 10:06:14,692.62,0.17
1,running,263.68,0.9,1923,2025-04-29 10:06:24,748.52,0.17
2,running,124.08,0.9,1986,2025-04-29 10:06:24,729.79,0.19
3,error,60.0,0.2,0,2025-04-29 10:06:24,745.23,0.19
4,running,148.84,0.47,0,2025-04-29 10:06:24,779.21,0.18
5,idle,60.0,0.2,0,2025-04-29 10:06:24,689.65,0.17
6,running,60,0.42,0,2025-04-29 10:06:24,766.72,0.17
7,idle,60.0,0.2,0,2025-04-29 10:06:24,676.07,0.17
8,running,300,0.87,303,2025-04-29 10:06:24,672.1,0.17
9,idle,60.0,0.2,0,2025-04-29 10:06:24,701.17,0.17
10,running,62.47,0.54,488,2025-04-29 10:06:24,692.62,0.17
1,running,300,0.9,2418,2025-04-29 10:06:34,748.52,0.17
2,running,77.53,0.9,2741,2025-04-29 10:06:34,729.79,0.19
3,running,108.59,0.68,0,2025-04-29 10:06:34,745.23,0.19
4,running,240.63,0.5,0,2025-04-29 10:06:34,779.21,0.18
5,running,98.63,0.31,204,2025-04-29 10:06:34,689.66,0.18
6,running,60,0.81,0,2025-04-29 10:06:34,766.72,0.17
7,error,60.0,0.2,0,2025-04-29 10:06:34,676.07,0.17
8,running,254.61,0.9,578,2025-04-29 10:06:34,672.1,0.17
9,running,65.1,0.37,0,2025-04-29 10:06:34,701.18,0.18
10,running,60,0.9,721,2025-04-29 10:06:34,692.63,0.18
1,idle,60.0,0.2,0,2025-04-29 10:06:44,748.52,0.17
2,idle,60.0,0.2,0,2025-04-29 10:06:44,729.79,0.19
3,running,132.2,0.64,414,2025-04-29 10:06:44,745.24,0.2
4,idle,60.0,0.2,0,2025-04-29 10:06:44,779.21,0.18
5,running,152.42,0.41,748,2025-04-29 10:06:44,689.66,0.18
6,idle,60.0,0.2,0,2025-04-29 10:06:44,766.72,0.17
7,running,123.04,0.55,0,2025-04-29 10:06:44,676.07,0.17
8,idle,60.0,0.2,0,2025-04-29 10:06:44,672.1,0.17
9,running,135.78,0.43,0,2025-04-29 10:06:44,701.18,0.18
10,running,60,0.9,84,2025-04-29 10:06:44,692.63,0.18
1,idle,60.0,0.2,0,2025-04-29 10:06:54,748.52,0.17
2,running,72.12,0.52,0,2025-04-29 10:06:54,729.79,0.19
3,running,157.94,0.6,1165,2025-04-29 10:06:54,745.24,0.2
4,running,137.61,0.21,953,2025-04-29 10:06:54,779.21,0.18
5,running,157.68,0.85,431,2025-04-29 10:06:54,689.66,0.18
6,running,60.83,0.34,0,2025-04-29 10:06:54,766.72,0.17
7,running,74.21,0.82,631,2025-04-29 10:06:54,676.07,0.17
8,running,60,0.43,356,2025-04-29 10:06:54,672.1,0.17
9,running,153.47,0.52,109,2025-04-29 10:06:54,701.18,0.18
10,running,67.19,0.9,0,2025-04-29 10:06:54,692.63,0.18
1,running,115.54,0.5,0,2025-04-29 10:07:04,748.52,0.17
2,idle,60.0,0.2,0,2025-04-29 10:07:04,729.79,0.19
3,running,137.82,0.64,1100,2025-04-29 10:07:04,745.24,0.2
4,running,123.69,0.45,913,2025-04-29 10:07:04,779.22,0.19
5,running,182.24,0.9,0,2025-04-29 10:07:04,689.67,0.19
6,running,60,0.38,0,2025-04-29 10:07:04,766.72,0.17
7,running,83.42,0.87,18,2025-04-29 10:07:04,676.07,0.17
8,running,66.89,0.61,832,2025-04-29 10:07:04,672.11,0.18
9,running,207.09,0.75,24,2025-04-29 10:07:04,701.19,0.19
10,idle,60.0,0.2,0,2025-04-29 10:07:04,692.63,0.18
1,idle,60.0,0.2,0,2025-04-29 10:07:14,748.52,0.17
2,running,137.06,0.51,298,2025-04-29 10:07:14,729.79,0.19
3,running,167.33,0.66,1410,2025-04-29 10:07:14,745.25,0.21
4,running,138.37,0.7,806,2025-04-29 10:07:14,779.22,0.19
5,running,272.5,0.9,0,2025-04-29 10:07:14,689.67,0.19
6,running,76.23,0.4,0,2025-04-29 10:07:14,766.73,0.18
7,running,67.63,0.9,833,2025-04-29 10:07:14,676.08,0.18
8,running,131.24,0.85,710,2025-04-29 10:07:14,672.11,0.18
9,running,171.76,0.9,0,2025-04-29 10:07:14,701.19,0.19
10,running,60,0.26,0,2025-04-29 10:07:14,692.64,0.19
1,idle,60.0,0.2,0,2025-04-29 10:07:24,748.52,0.17
2,running,218.34,0.9,914,2025-04-29 10:07:24,729.8,0.2
3,running,138.25,0.77,1724,2025-04-29 10:07:24,745.25,0.21
4,running,177.62,0.72,1520,2025-04-29 10:07:24,779.22,0.19
5,idle,60.0,0.2,0,2025-04-29 10:07:24,689.67,0.19
6,running,135.05,0.64,291,2025-04-29 10:07:24,766.73,0.18
7,running,60,0.89,828,2025-04-29 10:07:24,676.08,0.18
8,running,130.42,0.9,0,2025-04-29 10:07:24,672.11,0.18
9,running,253.42,0.9,510,2025-04-29 10:07:24,701.19,0.19
10,running,83.41,0.65,191,2025-04-29 10:07:24,692.64,0.19
1,running,61.42,0.62,768,2025-04-29 10:07:34,748.53,0.18
2,idle,60.0,0.2,0,2025-04-29 10:07:34,729.8,0.2
3,idle,60.0,0.2,0,2025-04-29 10:07:34,745.25,0.21
4,running,189.38,0.68,2257,2025-04-29 10:07:34,779.22,0.19
5,running,129.24,0.65,373,2025-04-29 10:07:34,689.67,0.19
6,running,166.08,0.69,0,2025-04-29 10:07:34,766.73,0.18
7,running,60,0.9,232,2025-04-29 10:07:34,676.08,0.18
8,running,84.57,0.9,236,2025-04-29 10:07:34,672.12,0.19
9,running,300,0.9,118,2025-04-29 10:07:34,701.19,0.19
10,running,69.32,0.79,0,2025-04-29 10:07:34,692.64,0.19
1,running,102.89,0.9,1307,2025-04-29 10:07:44,748.53,0.18
2,running,76.91,0.45,0,2025-04-29 10:07:44,729.8,0.2
3,running,60,0.54,0,2025-04-29 10:07:44,745.25,0.21
4,running,255.11,0.9,2394,2025-04-29 10:07:44,779.23,0.2
5,running,170.43,0.88,70,2025-04-29 10:07:44,689.67,0.19
6,running,251.39,0.87,0,2025-04-29 10:07:44,766.74,0.19
7,idle,60.0,0.2,0,2025-04-29 10:07:44,676.08,0.18
8,running,98.91,0.9,517,2025-04-29 10:07:44,672.12,0.19
9,idle,60.0,0.2,0,2025-04-29 10:07:44,701.19,0.19
10,running,85.66,0.85,0,2025-04-29 10:07:44,692.64,0.19
1,running,101.58,0.9,689,2025-04-29 10:07:54,748.53,0.18
2,running,163.18,0.5,172,2025-04-29 10:07:54,729.8,0.2
3,running,97.24,0.65,0,2025-04-29 10:07:54,745.25,0.21
4,idle,60.0,0.2,0,2025-04-29 10:07:54,779.23,0.2
5,running,240.68,0.9,447,2025-04-29 10:07:54,689.68,0.2
6,running,277.4,0.9,845,2025-04-29 10:07:54,766.74,0.19
7,running,90.89,0.53,986,2025-04-29 10:07:54,676.09,0.19
8,running,180.39,0.9,1049,2025-04-29 10:07:54,672.12,0.19
9,idle,60.0,0.2,0,2025-04-29 10:07:54,701.19,0.19
10,running,60,0.9,151,2025-04-29 10:07:54,692.65,0.2
1,running,153.33,0.9,0,2025-04-29 10:08:04,748.54,0.19
2,running,146.37,0.67,1128,2025-04-29 10:08:04,729.81,0.21
3,running,195.53,0.9,0,2025-04-29 10:08:04,745.26,0.22
4,idle,60.0,0.2,0,2025-04-29 10:08:04,779.23,0.2
5,running,300,0.86,0,2025-04-29 10:08:04,689.68,0.2
6,idle,60.0,0.2,0,2025-04-29 10:08:04,766.74,0.19
7,running,68.02,0.77,1132,2025-04-29 10:08:04,676.09,0.19
8,running,132.34,0.9,1011,2025-04-29 10:08:04,672.12,0.19
9,idle,60.0,0.2,0,2025-04-29 10:08:04,701.19,0.19
10,running,96.5,0.9,425,2025-04-29 10:08:04,692.65,0.2
1,running,158.53,0.9,0,2025-04-29 10:08:14,748.54,0.19
2,running,157.9,0.9,2035,2025-04-29 10:08:14,729.81,0.21
3,running,273.34,0.9,191,2025-04-29 10:08:14,745.26,0.22
4,running,80.96,0.56,0,2025-04-29 10:08:14,779.23,0.2
5,running,300,0.9,0,2025-04-29 10:08:14,689.68,0.2
6,running,64.08,0.2,0,2025-04-29 10:08:14,766.74,0.19
7,running,64.94,0.75,885,2025-04-29 10:08:14,676.09,0.19
8,running,173.41,0.86,1317,2025-04-29 10:08:14,672.13,0.2
9,running,60,0.4,412,2025-04-29 10:08:14,701.2,0.2
10,error,60.0,0.2,0,2025-04-29 10:08:14,692.65,0.2
1,running,256.0,0.9,531,2025-04-29 10:08:24,748.54,0.19
2,error,60.0,0.2,0,2025-04-29 10:08:24,729.81,0.21
3,running,300,0.9,550,2025-04-29 10:08:24,745.26,0.22
4,running,108.82,0.72,0,2025-04-29 10:08:24,779.23,0.2
5,idle,60.0,0.2,0,2025-04-29 10:08:24,689.68,0.2
6,idle,60.0,0.2,0,2025-04-29 10:08:24,766.74,0.19
7,idle,60.0,0.2,0,2025-04-29 10:08:24,676.09,0.19
8,running,232.3,0.9,1940,2025-04-29 10:08:24,672.13,0.2
9,running,60,0.44,396,2025-04-29 10:08:24,701.2,0.2
10,running,60,0.42,0,2025-04-29 10:08:24,692.65,0.2
1,error,60.0,0.2,0,2025-04-29 10:08:34,748.54,0.19
2,running,78.11,0.42,505,2025-04-29 10:08:34,729.81,0.21
3,running,300,0.9,0,2025-04-29 10:08:34,745.26,0.22
4,running,114.72,0.9,0,2025-04-29 10:08:34,779.24,0.21
5,running,92.98,0.59,684,2025-04-29 10:08:34,689.69,0.21
6,running,150.56,0.45,0,2025-04-29 10:08:34,766.74,0.19
7,idle,60.0,0.2,0,2025-04-29 10:08:34,676.09,0.19
8,running,185.0,0.9,1377,2025-04-29 10:08:34,672.13,0.2
9,running,140.76,0.71,1354,2025-04-29 10:08:34,701.2,0.2
10,idle,60.0,0.2,0,2025-04-29 10:08:34,692.65,0.2
1,running,60,0.5,0,2025-04-29 10:08:44,748.54,0.19
2,idle,60.0,0.2,0,2025-04-29 10:08:44,729.81,0.21
3,running,250.57,0.9,958,2025-04-29 10:08:44,745.27,0.23
4,running,87.15,0.9,0,2025-04-29 10:08:44,779.24,0.21
5,running,112.15,0.83,167,2025-04-29 10:08:44,689.69,0.21
6,idle,60.0,0.2,0,2025-04-29 10:08:44,766.74,0.19
7,running,132.43,0.35,0,2025-04-29 10:08:44,676.09,0.19
8,running,284.1,0.9,2219,2025-04-29 10:08:44,672.14,0.21
9,running,139.25,0.75,2269,2025-04-29 10:08:44,701.21,0.21
10,running,60,0.55,0,2025-04-29 10:08:44,692.66,0.21
1,idle,60.0,0.2,0,2025-04-29 10:08:54,748.54,0.19
2,running,82.47,0.39,430,2025-04-29 10:08:54,729.81,0.21
3,running,268.32,0.9,93,2025-04-29 10:08:54,745.27,0.23
4,running,79.74,0.9,670,2025-04-29 10:08:54,779.24,0.21
5,error,60.0,0.2,0,2025-04-29 10:08:54,689.69,0.21
6,running,60,0.65,0,2025-04-29 10:08:54,766.75,0.2
7,running,173.21,0.85,16,2025-04-29 10:08:54,676.1,0.2
8,running,250.3,0.9,1461,2025-04-29 10:08:54,672.14,0.21
9,running,191.34,0.9,3068,2025-04-29 10:08:54,701.21,0.21
10,running,123.35,0.9,0,2025-04-29 10:08:54,692.66,0.21
1,error,60.0,0.2,0,2025-04-29 10:09:04,748.54,0.19
2,running,76.81,0.6,153,2025-04-29 10:09:04,729.82,0.22
3,error,60.0,0.2,0,2025-04-29 10:09:04,745.27,0.23
4,running,60,0.9,1423,2025-04-29 10:09:04,779.24,0.21
5,running,156.26,0.38,0,2025-04-29 10:09:04,689.69,0.21
6,error,60.0,0.2,0,2025-04-29 10:09:04,766.75,0.2
7,running,125.32,0.9,0,2025-04-29 10:09:04,676.1,0.2
8,idle,60.0,0.2,0,2025-04-29 10:09:04,672.14,0.21
9,running,252.42,0.86,3762,2025-04-29 10:09:04,701.21,0.21
10,running,213.14,0.9,131,2025-04-29 10:09:04,692.66,0.21
1,running,149.84,0.7,0,2025-04-29 10:09:14,748.55,0.2
2,running,134.7,0.9,144,2025-04-29 10:09:14,729.82,0.22
3,running,119.05,0.38,0,2025-04-29 10:09:14,745.27,0.23
4,idle,60.0,0.2,0,2025-04-29 10:09:14,779.24,0.21
5,running,206.26,0.4,0,2025-04-29 10:09:14,689.69,0.21
6,running,122.2,0.16,138,2025-04-29 10:09:14,766.75,0.2
7,running,132.45,0.9,0,2025-04-29 10:09:14,676.1,0.2
8,running,135.49,0.35,774,2025-04-29 10:09:14,672.14,0.21
9,running,204.95,0.9,4371,2025-04-29 10:09:14,701.21,0.21
10,running,194.7,0.9,331,2025-04-29 10:09:14,692.66,0.21
1,running,235.69,0.74,648,2025-04-29 10:09:24,748.55,0.2
2,idle,60.0,0.2,0,2025-04-29 10:09:24,729.82,0.22
3,running,76.63,0.46,924,2025-04-29 10:09:24,745.28,0.24
4,running,146.03,0.32,353,2025-04-29 10:09:24,779.25,0.22
5,running,293.71,0.43,793,2025-04-29 10:09:24,689.7,0.22
6,running,151.88,0.6,0,2025-04-29 10:09:24,766.75,0.2
7,running,157.19,0.9,851,2025-04-29 10:09:24,676.11,0.21
8,running,141.5,0.37,1537,2025-04-29 10:09:24,672.14,0.21
9,running,232.04,0.9,4241,2025-04-29 10:09:24,701.22,0.22
10,running,217.46,0.9,0,2025-04-29 10:09:24,692.67,0.22
1,running,220.55,0.9,1168,2025-04-29 10:09:34,748.55,0.2
2,running,60,0.2,198,2025-04-29 10:09:34,729.82,0.22
3,running,61.93,0.86,1470,2025-04-29 10:09:34,745.28,0.24
4,idle,60.0,0.2,0,2025-04-29 10:09:34,779.25,0.22
5,idle,60.0,0.2,0,2025-04-29 10:09:34,689.7,0.22
6,idle,60.0,0.2,0,2025-04-29 10:09:34,766.75,0.2
7,idle,60.0,0.2,0,2025-04-29 10:09:34,676.11,0.21
8,running,227.74,0.8,672,2025-04-29 10:09:34,672.15,0.22
9,running,292.08,0.9,4604,2025-04-29 10:09:34,701.22,0.22
10,running,239.36,0.9,0,2025-04-29 10:09:34,692.67,0.22
1,running,300,0.9,1497,2025-04-29 10:09:44,748.56,0.21
2,idle,60.0,0.2,0,2025-04-29 10:09:44,729.82,0.22
3,running,105.24,0.9,2056,2025-04-29 10:09:44,745.28,0.24
4,idle,60.0,0.2,0,2025-04-29 10:09:44,779.25,0.22
5,running,84.46,0.17,139,2025-04-29 10:09:44,689.7,0.22
6,running,139.06,0.67,0,2025-04-29 10:09:44,766.76,0.21
7,running,60,0.16,0,2025-04-29 10:09:44,676.11,0.21
8,running,215.13,0.9,701,2025-04-29 10:09:44,672.15,0.22
9,running,300,0.9,5110,2025-04-29 10:09:44,701.22,0.22
10,idle,60.0,0.2,0,2025-04-29 10:09:44,692.67,0.22
1,running,300,0.9,2195,2025-04-29 10:09:54,748.56,0.21
2,running,79.44,0.29,0,2025-04-29 10:09:54,729.82,0.22
3,running,139.9,0.9,1773,2025-04-29 10:09:54,745.28,0.24
4,running,137.82,0.65,415,2025-04-29 10:09:54,779.25,0.22
5,idle,60.0,0.2,0,2025-04-29 10:09:54,689.7,0.22
6,error,60.0,0.2,0,2025-04-29 10:09:54,766.76,0.21
7,running,103.08,0.34,83,2025-04-29 10:09:54,676.11,0.21
8,idle,60.0,0.2,0,2025-04-29 10:09:54,672.15,0.22
9,running,300,0.9,4767,2025-04-29 10:09:54,701.22,0.22
10,running,126.09,0.36,0,2025-04-29 10:09:54,692.67,0.22
1,idle,60.0,0.2,0,2025-04-29 10:10:04,748.56,0.21
2,error,60.0,0.2,0,2025-04-29 10:10:04,729.82,0.22
3,running,90.76,0.9,953,2025-04-29 10:10:04,745.29,0.25
4,running,212.44,0.9,1281,2025-04-29 10:10:04,779.25,0.22
5,running,97.09,0.68,102,2025-04-29 10:10:04,689.7,0.22
6,idle,60.0,0.2,0,2025-04-29 10:10:04,766.76,0.21
7,running,128.57,0.61,649,2025-04-29 10:10:04,676.11,0.21
8,running,94.92,0.36,0,2025-04-29 10:10:04,672.15,0.22
9,running,300,0.9,4764,2025-04-29 10:10:04,701.23,0.23
10,running,187.47,0.38,735,2025-04-29 10:10:04,692.67,0.22
1,idle,60.0,0.2,0,2025-04-29 10:10:14,748.56,0.21
2,running,60,0.54,503,2025-04-29 10:10:14,729.83,0.23
3,idle,60.0,0.2,0,2025-04-29 10:10:14,745.29,0.25
4,idle,60.0,0.2,0,2025-04-29 10:10:14,779.25,0.22
5,running,63.02,0.9,487,2025-04-29 10:10:14,689.7,0.22
6,error,60.0,0.2,0,2025-04-29 10:10:14,766.76,0.21
7,running,160.43,0.84,616,2025-04-29 10:10:14,676.12,0.22
8,running,60,0.59,0,2025-04-29 10:10:14,672.15,0.22
9,running,300,0.9,4984,2025-04-29 10:10:14,701.23,0.23
10,running,261.39,0.37,686,2025-04-29 10:10:14,692.68,0.23
1,running,60,0.29,0,2025-04-29 10:10:24,748.56,0.21
2,running,60,0.88,0,2025-04-29 10:10:24,729.83,0.23
3,running,140.22,0.47,76,2025-04-29 10:10:24,745.29,0.25
4,running,134.19,0.58,0,2025-04-29 10:10:24,779.25,0.22
5,running,60,0.88,733,2025-04-29 10:10:24,689.71,0.23
6,running,118.98,0.57,0,2025-04-29 10:10:24,766.76,0.21
7,running,220.22,0.9,368,2025-04-29 10:10:24,676.12,0.22
8,idle,60.0,0.2,0,2025-04-29 10:10:24,672.15,0.22
9,running,300,0.9,4538,2025-04-29 10:10:24,701.23,0.23
10,running,292.33,0.42,0,2025-04-29 10:10:24,692.68,0.23
1,running,137.31,0.73,0,2025-04-29 10:10:34,748.56,0.21
2,running,60,0.9,330,2025-04-29 10:10:34,729.83,0.23
3,running,237.63,0.82,263,2025-04-29 10:10:34,745.29,0.25
4,running,122.33,0.9,0,2025-04-29 10:10:34,779.26,0.23
5,error,60.0,0.2,0,2025-04-29 10:10:34,689.71,0.23
6,error,60.0,0.2,0,2025-04-29 10:10:34,766.76,0.21
7,running,284.47,0.9,0,2025-04-29 10:10:34,676.12,0.22
8,running,144.29,0.26,0,2025-04-29 10:10:34,672.16,0.23
9,idle,60.0,0.2,0,2025-04-29 10:10:34,701.23,0.23
10,running,300,0.69,0,2025-04-29 10:10:34,692.68,0.23
1,running,130.95,0.87,365,2025-04-29 10:10:44,748.57,0.22
2,running,105.77,0.9,0,2025-04-29 10:10:44,729.84,0.24
3,idle,60.0,0.2,0,2025-04-29 10:10:44,745.29,0.25
4,running,191.51,0.9,4,2025-04-29 10:10:44,779.26,0.23
5,idle,60.0,0.2,0,2025-04-29 10:10:44,689.71,0.23
6,running,106.38,0.61,376,2025-04-29 10:10:44,766.76,0.21
7,running,300,0.9,0,2025-04-29 10:10:44,676.12,0.22
8,running,118.89,0.26,678,2025-04-29 10:10:44,672.16,0.23
9,running,60,0.56,914,2025-04-29 10:10:44,701.24,0.24
10,error,60.0,0.2,0,2025-04-29 10:10:44,692.68,0.23
1,running,163.05,0.9,142,2025-04-29 10:10:54,748.57,0.22
2,running,60,0.9,0,2025-04-29 10:10:54,729.84,0.24
3,idle,60.0,0.2,0,2025-04-29 10:10:54,745.29,0.25
4,running,252.02,0.9,399,2025-04-29 10:10:54,779.26,0.23
5,running,63.77,0.54,434,2025-04-29 10:10:54,689.71,0.23
6,running,178.59,0.9,1220,2025-04-29 10:10:54,766.76,0.21
7,running,300,0.9,0,2025-04-29 10:10:54,676.13,0.23
8,running,205.68,0.6,848,2025-04-29 10:10:54,672.16,0.23
9,idle,60.0,0.2,0,2025-04-29 10:10:54,701.24,0.24
10,running,60,0.37,0,2025-04-29 10:10:54,692.69,0.24
1,idle,60.0,0.2,0,2025-04-29 10:11:04,748.57,0.22
2,running,111.69,0.9,0,2025-04-29 10:11:04,729.84,0.24
3,running,131.31,0.59,0,2025-04-29 10:11:04,745.3,0.26
4,idle,60.0,0.2,0,2025-04-29 10:11:04,779.26,0.23
5,running,134.96,0.9,302,2025-04-29 10:11:04,689.71,0.23
6,idle,60.0,0.2,0,2025-04-29 10:11:04,766.76,0.21
7,running,300,0.9,0,2025-04-29 10:11:04,676.13,0.23
8,running,155.88,0.62,1162,2025-04-29 10:11:04,672.17,0.24
9,running,60,0.5,329,2025-04-29 10:11:04,701.24,0.24
10,running,143.9,0.42,485,2025-04-29 10:11:04,692.69,0.24
1,running,60,0.52,570,2025-04-29 10:11:14,748.57,0.22
2,running,144.26,0.9,0,2025-04-29 10:11:14,729.84,0.24
3,running,214.62,0.74,0,2025-04-29 10:11:14,745.3,0.26
4,idle,60.0,0.2,0,2025-04-29 10:11:14,779.26,0.23
5,running,92.8,0.9,0,2025-04-29 10:11:14,689.72,0.24
6,running,129.41,0.63,0,2025-04-29 10:11:14,766.77,0.22
7,running,300,0.87,0,2025-04-29 10:11:14,676.13,0.23
8,running,214.37,0.77,867,2025-04-29 10:11:14,672.17,0.24
9,running,66.39,0.48,1070,2025-04-29 10:11:14,701.24,0.24
10,idle,60.0,0.2,0,2025-04-29 10:11:14,692.69,0.24
1,running,142.63,0.9,0,2025-04-29 10:11:24,748.57,0.22
2,error,60.0,0.2,0,2025-04-29 10:11:24,729.84,0.24
3,running,300,0.77,0,2025-04-29 10:11:24,745.3,0.26
4,running,75.57,0.36,468,2025-04-29 10:11:24,779.27,0.24
5,running,118.3,0.9,605,2025-04-29 10:11:24,689.72,0.24
6,running,200.29,0.88,0,2025-04-29 10:11:24,766.77,0.22
7,idle,60.0,0.2,0,2025-04-29 10:11:24,676.13,0.23
8,running,252.75,0.9,753,2025-04-29 10:11:24,672.17,0.24
9,idle,60.0,0.2,0,2025-04-29 10:11:24,701.24,0.24
10,running,60,0.37,0,2025-04-29 10:11:24,692.69,0.24
1,running,190.92,0.9,111,2025-04-29 10:11:34,748.58,0.23
2,running,116.89,0.54,74,2025-04-29 10:11:34,729.85,0.25
3,running,284.77,0.9,0,2025-04-29 10:11:34,745.3,0.26
4,running,89.74,0.81,1334,2025-04-29 10:11:34,779.27,0.24
5,running,88.17,0.9,1593,2025-04-29 10:11:34,689.72,0.24
6,running,280.65,0.9,0,2025-04-29 10:11:34,766.77,0.22
7,running,77.52,0.42,0,2025-04-29 10:11:34,676.14,0.24
8,running,249.54,0.9,540,2025-04-29 10:11:34,672.17,0.24
9,running,151.46,0.63,35,2025-04-29 10:11:34,701.24,0.24
10,running,123.75,0.35,55,2025-04-29 10:11:34,692.69,0.24
1,idle,60.0,0.2,0,2025-04-29 10:11:44,748.58,0.23
2,running,184.56,0.61,914,2025-04-29 10:11:44,729.85,0.25
3,running,241.5,0.9,49,2025-04-29 10:11:44,745.31,0.27
4,running,91.44,0.9,1712,2025-04-29 10:11:44,779.27,0.24
5,idle,60.0,0.2,0,2025-04-29 10:11:44,689.72,0.24
6,running,300,0.9,0,2025-04-29 10:11:44,766.77,0.22
7,running,60,0.65,0,2025-04-29 10:11:44,676.14,0.24
8,running,276.39,0.9,670,2025-04-29 10:11:44,672.18,0.25
9,running,199.78,0.9,0,2025-04-29 10:11:44,701.25,0.25
10,running,186.66,0.67,41,2025-04-29 10:11:44,692.7,0.25
1,running,60,0.63,151,2025-04-29 10:11:54,748.58,0.23
2,running,171.56,0.9,72,2025-04-29 10:11:54,729.85,0.25
3,running,280.85,0.9,0,2025-04-29 10:11:54,745.31,0.27
4,running,60,0.9,2147,2025-04-29 10:11:54,779.27,0.24
5,running,60,0.53,927,2025-04-29 10:11:54,689.72,0.24
6,running,300,0.9,312,2025-04-29 10:11:54,766.78,0.23
7,running,67.32,0.66,0,2025-04-29 10:11:54,676.14,0.24
8,idle,60.0,0.2,0,2025-04-29 10:11:54,672.18,0.25
9,running,162.42,0.89,0,2025-04-29 10:11:54,701.25,0.25
10,error,60.0,0.2,0,2025-04-29 10:11:54,692.7,0.25
1,idle,60.0,0.2,0,2025-04-29 10:12:04,748.58,0.23
2,running,173.28,0.9,886,2025-04-29 10:12:04,729.86,0.26
3,running,300,0.89,0,2025-04-29 10:12:04,745.31,0.27
4,running,60,0.9,1932,2025-04-29 10:12:04,779.28,0.25
5,idle,60.0,0.2,0,2025-04-29 10:12:04,689.72,0.24
6,running,300,0.9,680,2025-04-29 10:12:04,766.78,0.23
7,running,60,0.85,520,2025-04-29 10:12:04,676.14,0.24
8,error,60.0,0.2,0,2025-04-29 10:12:04,672.18,0.25
9,running,215.51,0.9,73,2025-04-29 10:12:04,701.25,0.25
10,running,142.26,0.47,0,2025-04-29 10:12:04,692.7,0.25
1,idle,60.0,0.2,0,2025-04-29 10:12:14,748.58,0.23
2,running,164.34,0.9,1585,2025-04-29 10:12:14,729.86,0.26
3,running,300,0.9,0,2025-04-29 10:12:14,745.31,0.27
4,running,80.36,0.9,1724,2025-04-29 10:12:14,779.28,0.25
5,running,60,0.32,0,2025-04-29 10:12:14,689.73,0.25
6,running,300,0.85,380,2025-04-29 10:12:14,766.78,0.23
7,error,60.0,0.2,0,2025-04-29 10:12:14,676.14,0.24
8,running,66.47,0.6,0,2025-04-29 10:12:14,672.18,0.25
9,idle,60.0,0.2,0,2025-04-29 10:12:14,701.25,0.25
10,running,148.74,0.53,924,2025-04-29 10:12:14,692.7,0.25
1,running,60,0.67,0,2025-04-29 10:12:24,748.58,0.23
2,running,251.22,0.9,2316,2025-04-29 10:12:24,729.86,0.26
3,running,300,0.9,0,2025-04-29 10:12:24,745.32,0.28
4,idle,60.0,0.2,0,2025-04-29 10:12:24,779.28,0.25
5,running,122.47,0.33,0,2025-04-29 10:12:24,689.73,0.25
6,error,60.0,0.2,0,2025-04-29 10:12:24,766.78,0.23
7,running,122.92,0.39,0,2025-04-29 10:12:24,676.15,0.25
8,running,60,0.63,0,2025-04-29 10:12:24,672.18,0.25
9,running,67.61,0.18,969,2025-04-29 10:12:24,701.26,0.26
10,running,202.93,0.6,67,2025-04-29 10:12:24,692.71,0.26
1,running,60,0.84,568,2025-04-29 10:12:34,748.59,0.24
2,idle,60.0,0.2,0,2025-04-29 10:12:34,729.86,0.26
3,idle,60.0,0.2,0,2025-04-29 10:12:34,745.32,0.28
4,running,125.88,0.52,352,2025-04-29 10:12:34,779.28,0.25
5,running,98.12,0.38,0,2025-04-29 10:12:34,689.73,0.25
6,running,136.56,0.65,0,2025-04-29 10:12:34,766.79,0.24
7,running,101.76,0.73,0,2025-04-29 10:12:34,676.15,0.25
8,running,60,0.72,0,2025-04-29 10:12:34,672.19,0.26
9,running,151.31,0.3,421,2025-04-29 10:12:34,701.26,0.26
10,running,168.91,0.9,880,2025-04-29 10:12:34,692.71,0.26
1,running,116.98,0.9,444,2025-04-29 10:12:44,748.59,0.24
2,running,149.27,0.55,26,2025-04-29 10:12:44,729.86,0.26
3,running,60,0.51,489,2025-04-29 10:12:44,745.32,0.28
4,running,182.1,0.57,0,2025-04-29 10:12:44,779.29,0.26
5,running,169.23,0.58,0,2025-04-29 10:12:44,689.74,0.26
6,running,193.67,0.9,42,2025-04-29 10:12:44,766.79,0.24
7,running,127.62,0.9,0,2025-04-29 10:12:44,676.15,0.25
8,running,126.76,0.79,356,2025-04-29 10:12:44,672.19,0.26
9,running,234.71,0.75,1167,2025-04-29 10:12:44,701.26,0.26
10,running,160.9,0.9,637,2025-04-29 10:12:44,692.71,0.26
1,running,98.92,0.9,1082,2025-04-29 10:12:54,748.59,0.24
2,running,238.82,0.57,682,2025-04-29 10:12:54,729.87,0.27
3,running,68.75,0.8,1091,2025-04-29 10:12:54,745.32,0.28
4,idle,60.0,0.2,0,2025-04-29 10:12:54,779.29,0.26
5,idle,60.0,0.2,0,2025-04-29 10:12:54,689.74,0.26
6,running,214.94,0.9,0,2025-04-29 10:12:54,766.79,0.24
7,running,212.91,0.9,0,2025-04-29 10:12:54,676.16,0.26
8,running,216.43,0.9,944,2025-04-29 10:12:54,672.19,0.26
9,running,268.5,0.89,241,2025-04-29 10:12:54,701.26,0.26
10,running,223.53,0.9,264,2025-04-29 10:12:54,692.71,0.26
1,running,98.14,0.87,610,2025-04-29 10:13:04,748.59,0.24
2,idle,60.0,0.2,0,2025-04-29 10:13:04,729.87,0.27
3,running,167.24,0.77,1570,2025-04-29 10:13:04,745.33,0.29
4,error,60.0,0.2,0,2025-04-29 10:13:04,779.29,0.26
5,running,61.9,0.54,0,2025-04-29 10:13:04,689.74,0.26
6,idle,60.0,0.2,0,2025-04-29 10:13:04,766.79,0.24
7,running,225.03,0.9,862,2025-04-29 10:13:04,676.16,0.26
8,running,223.11,0.9,1913,2025-04-29 10:13:04,672.19,0.26
9,running,230.02,0.9,784,2025-04-29 10:13:04,701.27,0.27
10,running,238.91,0.9,21,2025-04-29 10:13:04,692.72,0.27
1,idle,60.0,0.2,0,2025-04-29 10:13:14,748.59,0.24
2,running,153.33,0.57,625,2025-04-29 10:13:14,729.87,0.27
3,running,199.6,0.9,2303,2025-04-29 10:13:14,745.33,0.29
4,running,60,0.15,0,2025-04-29 10:13:14,779.29,0.26
5,running,60,0.9,906,2025-04-29 10:13:14,689.74,0.26
6,running,118.35,0.56,250,2025-04-29 10:13:14,766.79,0.24
7,running,275.0,0.9,808,2025-04-29 10:13:14,676.16,0.26
8,running,262.32,0.9,1407,2025-04-29 10:13:14,672.2,0.27
9,running,280.28,0.9,590,2025-04-29 10:13:14,701.27,0.27
10,idle,60.0,0.2,0,2025-04-29 10:13:14,692.72,0.27
1,running,151.88,0.35,0,2025-04-29 10:13:24,748.6,0.25
2,running,252.78,0.9,412,2025-04-29 10:13:24,729.87,0.27
3,idle,60.0,0.2,0,2025-04-29 10:13:24,745.33,0.29
4,running,60,0.6,0,2025-04-29 10:13:24,779.29,0.26
5,running,60,0.9,335,2025-04-29 10:13:24,689.74,0.26
6,running,120.89,0.77,0,2025-04-29 10:13:24,766.8,0.25
7,running,300,0.9,855,2025-04-29 10:13:24,676.16,0.26
8,running,300,0.9,1285,2025-04-29 10:13:24,672.2,0.27
9,idle,60.0,0.2,0,2025-04-29 10:13:24,701.27,0.27
10,running,66.17,0.47,855,2025-04-29 10:13:24,692.72,0.27
1,running,163.89,0.74,844,2025-04-29 10:13:34,748.6,0.25
2,running,300,0.9,159,2025-04-29 10:13:34,729.87,0.27
3,running,90.17,0.45,688,2025-04-29 10:13:34,745.33,0.29
4,running,95.22,0.9,0,2025-04-29 10:13:34,779.29,0.26
5,running,133.18,0.88,0,2025-04-29 10:13:34,689.75,0.27
6,running,113.09,0.9,351,2025-04-29 10:13:34,766.8,0.25
7,running,296.43,0.9,1213,2025-04-29 10:13:34,676.17,0.27
8,idle,60.0,0.2,0,2025-04-29 10:13:34,672.2,0.27
9,idle,60.0,0.2,0,2025-04-29 10:13:34,701.27,0.27
10,running,80.78,0.77,1205,2025-04-29 10:13:34,692.72,0.27
1,running,258.51,0.74,639,2025-04-29 10:13:44,748.6,0.25
2,running,300,0.9,979,2025-04-29 10:13:44,729.88,0.28
3,running,60,0.81,861,2025-04-29 10:13:44,745.33,0.29
4,running,117.81,0.9,0,2025-04-29 10:13:44,779.3,0.27
5,running,176.13,0.89,644,2025-04-29 10:13:44,689.75,0.27
6,running,107.96,0.9,0,2025-04-29 10:13:44,766.8,0.25
7,running,300,0.9,1103,2025-04-29 10:13:44,676.17,0.27
8,idle,60.0,0.2,0,2025-04-29 10:13:44,672.2,0.27
9,running,89.54,0.55,458,2025-04-29 10:13:44,701.27,0.27
10,error,60.0,0.2,0,2025-04-29 10:13:44,692.72,0.27
1,running,300,0.9,946,2025-04-29 10:13:54,748.61,0.26
2,running,288.62,0.9,1612,2025-04-29 10:13:54,729.88,0.28
3,running,60,0.88,1380,2025-04-29 10:13:54,745.34,0.3
4,running,173.44,0.9,722,2025-04-29 10:13:54,779.3,0.27
5,running,134.54,0.9,1510,2025-04-29 10:13:54,689.75,0.27
6,running,69.47,0.9,0,2025-04-29 10:13:54,766.81,0.26
7,running,300,0.9,256,2025-04-29 10:13:54,676.17,0.27
8,running,87.82,0.41,841,2025-04-29 10:13:54,672.2,0.27
9,running,140.91,0.51,1227,2025-04-29 10:13:54,701.27,0.27
10,idle,60.0,0.2,0,2025-04-29 10:13:54,692.72,0.27
1,error,60.0,0.2,0,2025-04-29 10:14:04,748.61,0.26
2,running,299.56,0.9,1761,2025-04-29 10:14:04,729.88,0.28
3,idle,60.0,0.2,0,2025-04-29 10:14:04,745.34,0.3
4,running,252.21,0.9,931,2025-04-29 10:14:04,779.3,0.27
5,running,153.7,0.9,1860,2025-04-29 10:14:04,689.75,0.27
6,running,108.42,0.9,0,2025-04-29 10:14:04,766.81,0.26
7,running,300,0.87,644,2025-04-29 10:14:04,676.17,0.27
8,idle,60.0,0.2,0,2025-04-29 10:14:04,672.2,0.27
9,running,92.45,0.66,264,2025-04-29 10:14:04,701.28,0.28
10,running,60,0.46,0,2025-04-29 10:14:04,692.72,0.27
1,running,158.16,0.56,0,2025-04-29 10:14:14,748.61,0.26
2,running,300,0.9,1147,2025-04-29 10:14:14,729.89,0.29
3,running,107.32,0.57,0,2025-04-29 10:14:14,745.34,0.3
4,running,300,0.9,1654,2025-04-29 10:14:14,779.3,0.27
5,running,176.04,0.9,2043,2025-04-29 10:14:14,689.76,0.28
6,running,173.88,0.9,589,2025-04-29 10:14:14,766.81,0.26
7,running,300,0.85,1626,2025-04-29 10:14:14,676.18,0.28
8,running,143.07,0.44,560,2025-04-29 10:14:14,672.2,0.27
9,running,126.13,0.71,757,2025-04-29 10:14:14,701.28,0.28
10,running,156.44,0.42,0,2025-04-29 10:14:14,692.73,0.28
1,running,138.97,0.69,226,2025-04-30 21:06:31,748.61,0.0
2,running,254.87,0.9,665,2025-04-30 21:06:31,729.89,0.0
3,running,95.8,0.53,0,2025-04-30 21:06:31,745.34,0.0
4,running,300,0.9,1648,2025-04-30 21:06:31,779.3,0.0
5,running,134.37,0.9,2664,2025-04-30 21:06:31,689.76,0.0
6,running,256.13,0.9,0,2025-04-30 21:06:31,766.81,0.0
7,idle,60.0,0.2,0,2025-04-30 21:06:31,676.18,0.28
8,running,136.73,0.75,1345,2025-04-30 21:06:31,672.2,0.0
9,running,186.3,0.9,1360,2025-04-30 21:06:31,701.28,0.0
10,running,212.55,0.45,295,2025-04-30 21:06:31,692.73,0.0
1,running,214.3,0.9,69,2025-04-30 21:06:41,748.62,0.01
2,running,253.01,0.9,407,2025-04-30 21:06:41,729.9,0.01
3,running,171.63,0.84,0,2025-04-30 21:06:41,745.35,0.01
4,running,300,0.9,1801,2025-04-30 21:06:41,779.31,0.01
5,idle,60.0,0.2,0,2025-04-30 21:06:41,689.76,0.0
6,running,207.02,0.9,157,2025-04-30 21:06:41,766.82,0.01
7,idle,60.0,0.2,0,2025-04-30 21:06:41,676.18,0.28
8,running,98.76,0.9,1878,2025-04-30 21:06:41,672.21,0.01
9,running,279.44,0.87,1696,2025-04-30 21:06:41,701.29,0.01
10,running,244.0,0.72,0,2025-04-30 21:06:41,692.74,0.01
1,running,256.08,0.9,0,2025-04-30 21:06:51,748.62,0.01
2,idle,60.0,0.2,0,2025-04-30 21:06:51,729.9,0.01
3,error,60.0,0.2,0,2025-04-30 21:06:51,745.35,0.01
4,running,300,0.9,1087,2025-04-30 21:06:51,779.31,0.01
5,running,104.01,0.48,856,2025-04-30 21:06:51,689.77,0.01
6,running,291.37,0.9,881,2025-04-30 21:06:51,766.82,0.01
7,running,68.85,0.4,721,2025-04-30 21:06:51,676.18,0.0
8,running,145.8,0.9,1469,2025-04-30 21:06:51,672.21,0.01
9,error,60.0,0.2,0,2025-04-30 21:06:51,701.29,0.01
10,running,201.72,0.9,895,2025-04-30 21:06:51,692.74,0.01
1,running,210.59,0.9,221,2025-04-30 21:07:01,748.62,0.01
2,idle,60.0,0.2,0,2025-04-30 21:07:01,729.9,0.01
3,idle,60.0,0.2,0,2025-04-30 21:07:01,745.35,0.01
4,running,300,0.9,881,2025-04-30 21:07:01,779.31,0.01
5,idle,60.0,0.2,0,2025-04-30 21:07:01,689.77,0.01
6,idle,60.0,0.2,0,2025-04-30 21:07:01,766.82,0.01
7,running,137.37,0.47,1703,2025-04-30 21:07:01,676.19,0.01
8,running,225.4,0.9,932,2025-04-30 21:07:01,672.21,0.01
9,running,92.91,0.24,0,2025-04-30 21:07:01,701.29,0.01
10,running,217.62,0.9,256,2025-04-30 21:07:01,692.74,0.01
1,running,270.14,0.9,747,2025-04-30 21:07:11,748.62,0.01
2,running,60,0.48,670,2025-04-30 21:07:11,729.9,0.01
3,running,134.78,0.68,263,2025-04-30 21:07:11,745.35,0.01
4,error,60.0,0.2,0,2025-04-30 21:07:11,779.31,0.01
5,running,131.09,0.54,0,2025-04-30 21:07:11,689.77,0.01
6,idle,60.0,0.2,0,2025-04-30 21:07:11,766.82,0.01
7,running,135.95,0.9,787,2025-04-30 21:07:11,676.19,0.01
8,idle,60.0,0.2,0,2025-04-30 21:07:11,672.21,0.01
9,running,66.18,0.48,0,2025-04-30 21:07:11,701.29,0.01
10,running,274.09,0.9,545,2025-04-30 21:07:11,692.74,0.01
1,running,260.49,0.9,1442,2025-04-30 21:07:21,748.63,0.02
2,running,145.35,0.45,1660,2025-04-30 21:07:21,729.9,0.01
3,running,126.31,0.9,0,2025-04-30 21:07:21,745.35,0.01
4,error,60.0,0.2,0,2025-04-30 21:07:21,779.31,0.01
5,running,229.66,0.5,695,2025-04-30 21:07:21,689.77,0.01
6,running,60,0.39,0,2025-04-30 21:07:21,766.82,0.01
7,running,204.46,0.9,183,2025-04-30 21:07:21,676.19,0.01
8,running,60,0.39,0,2025-04-30 21:07:21,672.21,0.01
9,running,60,0.66,0,2025-04-30 21:07:21,701.29,0.01
10,running,300,0.9,31,2025-04-30 21:07:21,692.75,0.02
1,running,295.03,0.9,1581,2025-04-30 21:07:31,748.63,0.02
2,running,208.05,0.87,2194,2025-04-30 21:07:31,729.9,0.01
3,idle,60.0,0.2,0,2025-04-30 21:07:31,745.35,0.01
4,running,60,0.22,118,2025-04-30 21:07:31,779.31,0.01
5,error,60.0,0.2,0,2025-04-30 21:07:31,689.77,0.01
6,running,135.07,0.8,0,2025-04-30 21:07:31,766.82,0.01
7,idle,60.0,0.2,0,2025-04-30 21:07:31,676.19,0.01
8,idle,60.0,0.2,0,2025-04-30 21:07:31,672.21,0.01
9,running,94.29,0.88,0,2025-04-30 21:07:31,701.3,0.02
10,running,300,0.9,855,2025-04-30 21:07:31,692.75,0.02
1,idle,60.0,0.2,0,2025-04-30 21:07:41,748.63,0.02
2,running,187.17,0.9,2131,2025-04-30 21:07:41,729.91,0.02
3,running,95.37,0.69,321,2025-04-30 21:07:41,745.35,0.01
4,idle,60.0,0.2,0,2025-04-30 21:07:41,779.31,0.01
5,running,60,0.41,0,2025-04-30 21:07:41,689.77,0.01
6,idle,60.0,0.2,0,2025-04-30 21:07:41,766.82,0.01
7,running,98.95,0.67,297,2025-04-30 21:07:41,676.19,0.01
8,running,108.46,0.39,987,2025-04-30 21:07:41,672.22,0.02
9,running,137.53,0.9,458,2025-04-30 21:07:41,701.3,0.02
10,running,260.03,0.9,633,2025-04-30 21:07:41,692.75,0.02
1,running,60,0.58,955,2025-04-30 21:07:51,748.63,0.02
2,running,147.71,0.9,2902,2025-04-30 21:07:51,729.91,0.02
3,running,132.62,0.69,93,2025-04-30 21:07:51,745.36,0.02
4,running,125.87,0.18,0,2025-04-30 21:07:51,779.32,0.02
5,running,141.71,0.82,0,2025-04-30 21:07:51,689.78,0.02
6,running,133.67,0.34,0,2025-04-30 21:07:51,766.83,0.02
7,running,172.82,0.84,0,2025-04-30 21:07:51,676.2,0.02
8,running,105.45,0.82,1511,2025-04-30 21:07:51,672.22,0.02
9,running,145.23,0.9,0,2025-04-30 21:07:51,701.3,0.02
10,running,295.57,0.9,0,2025-04-30 21:07:51,692.75,0.03
1,running,60,0.9,1950,2025-04-30 21:08:01,748.63,0.03
2,idle,60.0,0.2,0,2025-04-30 21:08:01,729.91,0.02
3,running,196.68,0.66,222,2025-04-30 21:08:01,745.36,0.02
4,running,92.66,0.66,0,2025-04-30 21:08:01,779.32,0.02
5,running,229.51,0.9,188,2025-04-30 21:08:01,689.78,0.02
6,running,210.55,0.61,447,2025-04-30 21:08:01,766.83,0.02
7,running,251.74,0.9,0,2025-04-30 21:08:01,676.2,0.02
8,running,160.61,0.88,1595,2025-04-30 21:08:01,672.22,0.02
9,running,235.48,0.9,810,2025-04-30 21:08:01,701.3,0.03
10,idle,60.0,0.2,0,2025-04-30 21:08:01,692.75,0.03
1,running,60,0.9,2379,2025-04-30 21:08:11,748.64,0.03
2,idle,60.0,0.2,0,2025-04-30 21:08:11,729.91,0.02
3,running,288.14,0.9,21,2025-04-30 21:08:11,745.36,0.02
4,running,105.16,0.9,0,2025-04-30 21:08:11,779.32,0.02
5,running,268.4,0.9,353,2025-04-30 21:08:11,689.78,0.02
6,running,173.89,0.9,1016,2025-04-30 21:08:11,766.83,0.02
7,running,300,0.9,0,2025-04-30 21:08:11,676.2,0.02
8,running,149.09,0.86,917,2025-04-30 21:08:11,672.22,0.03
9,running,243.34,0.9,0,2025-04-30 21:08:11,701.31,0.03
10,running,74.49,0.23,0,2025-04-30 21:08:11,692.76,0.03
1,running,126.87,0.9,2176,2025-04-30 21:08:21,748.64,0.03
2,running,63.06,0.29,0,2025-04-30 21:08:21,729.91,0.02
3,running,300,0.9,696,2025-04-30 21:08:21,745.36,0.03
4,running,140.65,0.9,487,2025-04-30 21:08:21,779.32,0.03
5,idle,60.0,0.2,0,2025-04-30 21:08:21,689.78,0.02
6,running,195.82,0.9,1102,2025-04-30 21:08:21,766.83,0.03
7,running,300,0.9,493,2025-04-30 21:08:21,676.2,0.03
8,idle,60.0,0.2,0,2025-04-30 21:08:21,672.22,0.03
9,running,233.5,0.89,0,2025-04-30 21:08:21,701.31,0.03
10,running,81.98,0.71,0,2025-04-30 21:08:21,692.76,0.03
1,running,126.42,0.9,1842,2025-04-30 21:08:31,748.64,0.03
2,running,96.33,0.34,0,2025-04-30 21:08:31,729.91,0.03
3,running,284.6,0.9,251,2025-04-30 21:08:31,745.37,0.03
4,running,113.45,0.9,703,2025-04-30 21:08:31,779.33,0.03
5,running,97.23,0.68,0,2025-04-30 21:08:31,689.78,0.03
6,running,276.97,0.9,272,2025-04-30 21:08:31,766.84,0.03
7,running,289.7,0.9,1420,2025-04-30 21:08:31,676.21,0.03
8,running,150.42,0.5,0,2025-04-30 21:08:31,672.23,0.03
9,idle,60.0,0.2,0,2025-04-30 21:08:31,701.31,0.03
10,running,170.98,0.7,0,2025-04-30 21:08:31,692.76,0.03
1,running,137.9,0.9,2478,2025-04-30 21:08:41,748.65,0.04
2,running,174.02,0.63,258,2025-04-30 21:08:41,729.92,0.03
3,running,239.5,0.9,834,2025-04-30 21:08:41,745.37,0.03
4,running,194.43,0.9,258,2025-04-30 21:08:41,779.33,0.03
5,error,60.0,0.2,0,2025-04-30 21:08:41,689.78,0.03
6,running,269.85,0.9,0,2025-04-30 21:08:41,766.84,0.03
7,running,300,0.9,1279,2025-04-30 21:08:41,676.21,0.03
8,running,103.16,0.81,861,2025-04-30 21:08:41,672.23,0.03
9,idle,60.0,0.2,0,2025-04-30 21:08:41,701.31,0.03
10,idle,60.0,0.2,0,2025-04-30 21:08:41,692.76,0.03
1,running,90.21,0.9,2332,2025-04-30 21:08:51,748.65,0.04
2,running,255.53,0.9,703,2025-04-30 21:08:51,729.92,0.03
3,idle,60.0,0.2,0,2025-04-30 21:08:51,745.37,0.03
4,running,157.45,0.9,1131,2025-04-30 21:08:51,779.33,0.03
5,running,129.83,0.65,308,2025-04-30 21:08:51,689.79,0.03
6,idle,60.0,0.2,0,2025-04-30 21:08:51,766.84,0.03
7,idle,60.0,0.2,0,2025-04-30 21:08:51,676.21,0.03
8,running,87.04,0.9,334,2025-04-30 21:08:51,672.23,0.03
9,running,60,0.39,651,2025-04-30 21:08:51,701.31,0.03
10,running,116.08,0.25,201,2025-04-30 21:08:51,692.77,0.04
1,idle,60.0,0.2,0,2025-04-30 21:09:01,748.65,0.04
2,running,207.05,0.9,279,2025-04-30 21:09:01,729.92,0.03
3,running,71.09,0.68,0,2025-04-30 21:09:01,745.37,0.03
4,running,227.46,0.9,141,2025-04-30 21:09:01,779.34,0.04
5,running,108.0,0.89,727,2025-04-30 21:09:01,689.79,0.03
6,running,60,0.2,0,2025-04-30 21:09:01,766.84,0.03
7,running,122.23,0.17,0,2025-04-30 21:09:01,676.21,0.03
8,running,78.16,0.9,0,2025-04-30 21:09:01,672.24,0.04
9,running,94.78,0.72,367,2025-04-30 21:09:01,701.32,0.04
10,running,86.67,0.31,0,2025-04-30 21:09:01,692.77,0.04
1,running,92.17,0.5,0,2025-04-30 21:09:11,748.65,0.04
2,running,188.41,0.9,700,2025-04-30 21:09:11,729.93,0.04
3,running,82.97,0.72,0,2025-04-30 21:09:11,745.38,0.04
4,running,187.05,0.9,339,2025-04-30 21:09:11,779.34,0.04
5,running,183.69,0.9,0,2025-04-30 21:09:11,689.79,0.03
6,idle,60.0,0.2,0,2025-04-30 21:09:11,766.84,0.03
7,running,75.26,0.21,0,2025-04-30 21:09:11,676.22,0.04
8,running,119.51,0.9,0,2025-04-30 21:09:11,672.24,0.04
9,idle,60.0,0.2,0,2025-04-30 21:09:11,701.32,0.04
10,error,60.0,0.2,0,2025-04-30 21:09:11,692.77,0.04
1,idle,60.0,0.2,0,2025-04-30 21:09:21,748.65,0.04
2,running,157.87,0.88,236,2025-04-30 21:09:21,729.93,0.04
3,idle,60.0,0.2,0,2025-04-30 21:09:21,745.38,0.04
4,running,216.65,0.85,863,2025-04-30 21:09:21,779.34,0.04
5,running,141.27,0.87,291,2025-04-30 21:09:21,689.8,0.04
6,running,100.37,0.61,0,2025-04-30 21:09:21,766.85,0.04
7,running,142.31,0.65,0,2025-04-30 21:09:21,676.22,0.04
8,idle,60.0,0.2,0,2025-04-30 21:09:21,672.24,0.04
9,running,98.72,0.29,0,2025-04-30 21:09:21,701.32,0.04
10,running,60,0.26,55,2025-04-30 21:09:21,692.77,0.04
1,error,60.0,0.2,0,2025-04-30 21:09:31,748.65,0.04
2,running,186.63,0.89,292,2025-04-30 21:09:31,729.93,0.04
3,running,93.21,0.4,755,2025-04-30 21:09:31,745.38,0.04
4,idle,60.0,0.2,0,2025-04-30 21:09:31,779.34,0.04
5,running,208.28,0.88,0,2025-04-30 21:09:31,689.8,0.04
6,idle,60.0,0.2,0,2025-04-30 21:09:31,766.85,0.04
7,idle,60.0,0.2,0,2025-04-30 21:09:31,676.22,0.04
8,running,60.21,0.53,430,2025-04-30 21:09:31,672.24,0.04
9,running,194.27,0.4,38,2025-04-30 21:09:31,701.32,0.04
10,running,133.43,0.46,572,2025-04-30 21:09:31,692.77,0.04
1,running,115.5,0.46,0,2025-04-30 21:09:41,748.65,0.04
2,running,217.41,0.9,197,2025-04-30 21:09:41,729.93,0.04
3,running,60,0.64,576,2025-04-30 21:09:41,745.38,0.04
4,running,115.03,0.57,0,2025-04-30 21:09:41,779.34,0.04
5,idle,60.0,0.2,0,2025-04-30 21:09:41,689.8,0.04
6,running,60,0.22,0,2025-04-30 21:09:41,766.85,0.04
7,running,60,0.44,181,2025-04-30 21:09:41,676.22,0.04
8,idle,60.0,0.2,0,2025-04-30 21:09:41,672.24,0.04
9,running,176.41,0.55,240,2025-04-30 21:09:41,701.32,0.04
10,running,138.83,0.9,334,2025-04-30 21:09:41,692.78,0.05
1,idle,60.0,0.2,0,2025-04-30 21:09:51,748.65,0.04
2,running,296.26,0.9,1194,2025-04-30 21:09:51,729.94,0.05
3,running,97.5,0.9,1307,2025-04-30 21:09:51,745.38,0.04
4,running,214.49,0.65,892,2025-04-30 21:09:51,779.35,0.05
5,running,147.44,0.58,483,2025-04-30 21:09:51,689.8,0.04
6,running,88.33,0.5,0,2025-04-30 21:09:51,766.85,0.04
7,running,116.67,0.69,787,2025-04-30 21:09:51,676.22,0.04
8,idle,60.0,0.2,0,2025-04-30 21:09:51,672.24,0.04
9,running,164.11,0.8,170,2025-04-30 21:09:51,701.33,0.05
10,idle,60.0,0.2,0,2025-04-30 21:09:51,692.78,0.05
1,running,60,0.55,0,2025-04-30 21:10:01,748.66,0.05
2,idle,60.0,0.2,0,2025-04-30 21:10:01,729.94,0.05
3,running,78.55,0.9,326,2025-04-30 21:10:01,745.39,0.05
4,running,210.98,0.9,697,2025-04-30 21:10:01,779.35,0.05
5,running,241.17,0.9,955,2025-04-30 21:10:01,689.8,0.04
6,idle,60.0,0.2,0,2025-04-30 21:10:01,766.85,0.04
7,idle,60.0,0.2,0,2025-04-30 21:10:01,676.22,0.04
8,running,97.74,0.26,320,2025-04-30 21:10:01,672.24,0.04
9,running,187.67,0.9,0,2025-04-30 21:10:01,701.33,0.05
10,running,90.42,0.42,957,2025-04-30 21:10:01,692.78,0.05
1,running,61.04,0.85,202,2025-04-30 21:10:11,748.66,0.05
2,running,60,0.52,0,2025-04-30 21:10:11,729.94,0.05
3,running,79.88,0.9,414,2025-04-30 21:10:11,745.39,0.05
4,running,183.12,0.9,689,2025-04-30 21:10:11,779.35,0.05
5,idle,60.0,0.2,0,2025-04-30 21:10:11,689.8,0.04
6,running,61.87,0.66,86,2025-04-30 21:10:11,766.85,0.04
7,running,136.55,0.21,0,2025-04-30 21:10:11,676.23,0.05
8,idle,60.0,0.2,0,2025-04-30 21:10:11,672.24,0.04
9,running,245.64,0.9,0,2025-04-30 21:10:11,701.33,0.05
10,running,165.72,0.51,1439,2025-04-30 21:10:11,692.78,0.05
1,running,60,0.9,0,2025-04-30 21:10:21,748.66,0.05
2,running,113.51,0.83,0,2025-04-30 21:10:21,729.94,0.05
3,running,166.48,0.9,683,2025-04-30 21:10:21,745.39,0.05
4,running,276.05,0.9,669,2025-04-30 21:10:21,779.36,0.06
5,running,129.23,0.4,624,2025-04-30 21:10:21,689.81,0.05
6,running,60,0.67,905,2025-04-30 21:10:21,766.86,0.05
7,running,198.5,0.6,0,2025-04-30 21:10:21,676.23,0.05
8,running,156.74,0.32,0,2025-04-30 21:10:21,672.25,0.05
9,running,277.29,0.9,0,2025-04-30 21:10:21,701.34,0.06
10,idle,60.0,0.2,0,2025-04-30 21:10:21,692.78,0.05
1,running,90.73,0.86,866,2025-04-30 21:10:31,748.67,0.06
2,running,81.95,0.9,0,2025-04-30 21:10:31,729.95,0.06
3,running,251.45,0.9,0,2025-04-30 21:10:31,745.4,0.06
4,running,250.76,0.9,712,2025-04-30 21:10:31,779.36,0.06
5,error,60.0,0.2,0,2025-04-30 21:10:31,689.81,0.05
6,running,60,0.9,1664,2025-04-30 21:10:31,766.86,0.05
7,error,60.0,0.2,0,2025-04-30 21:10:31,676.23,0.05
8,running,152.26,0.48,752,2025-04-30 21:10:31,672.25,0.05
9,error,60.0,0.2,0,2025-04-30 21:10:31,701.34,0.06
10,idle,60.0,0.2,0,2025-04-30 21:10:31,692.78,0.05
1,running,98.11,0.9,0,2025-04-30 21:10:41,748.67,0.06
2,running,60,0.9,649,2025-04-30 21:10:41,729.95,0.06
3,running,300,0.9,0,2025-04-30 21:10:41,745.4,0.06
4,running,300,0.9,96,2025-04-30 21:10:41,779.36,0.06
5,running,60,0.29,213,2025-04-30 21:10:41,689.81,0.05
6,running,60,0.9,1539,2025-04-30 21:10:41,766.86,0.05
7,running,60,0.34,592,2025-04-30 21:10:41,676.23,0.05
8,running,176.09,0.67,490,2025-04-30 21:10:41,672.25,0.05
9,running,137.26,0.34,74,2025-04-30 21:10:41,701.34,0.06
10,running,159.82,0.41,0,2025-04-30 21:10:41,692.79,0.06
1,running,124.38,0.9,0,2025-04-30 21:10:51,748.67,0.06
2,running,142.78,0.9,709,2025-04-30 21:10:51,729.95,0.06
3,running,300,0.9,388,2025-04-30 21:10:51,745.4,0.06
4,running,300,0.9,661,2025-04-30 21:10:51,779.36,0.06
5,running,112.5,0.79,675,2025-04-30 21:10:51,689.81,0.05
6,running,60,0.9,1536,2025-04-30 21:10:51,766.87,0.06
7,running,137.29,0.33,1355,2025-04-30 21:10:51,676.24,0.06
8,running,262.56,0.9,1114,2025-04-30 21:10:51,672.26,0.06
9,idle,60.0,0.2,0,2025-04-30 21:10:51,701.34,0.06
10,running,189.8,0.68,231,2025-04-30 21:10:51,692.79,0.06
1,running,176.71,0.9,872,2025-04-30 21:11:01,748.67,0.06
2,idle,60.0,0.2,0,2025-04-30 21:11:01,729.95,0.06
3,idle,60.0,0.2,0,2025-04-30 21:11:01,745.4,0.06
4,running,264.42,0.9,0,2025-04-30 21:11:01,779.37,0.07
5,running,82.94,0.9,0,2025-04-30 21:11:01,689.82,0.06
6,running,114.97,0.9,2452,2025-04-30 21:11:01,766.87,0.06
7,running,190.57,0.69,706,2025-04-30 21:11:01,676.24,0.06
8,running,298.95,0.89,1094,2025-04-30 21:11:01,672.26,0.06
9,running,107.0,0.25,0,2025-04-30 21:11:01,701.34,0.06
10,running,218.49,0.69,0,2025-04-30 21:11:01,692.79,0.06
1,running,225.65,0.9,444,2025-04-30 21:11:11,748.68,0.07
2,running,131.04,0.4,0,2025-04-30 21:11:11,729.95,0.06
3,running,87.03,0.6,0,2025-04-30 21:11:11,745.4,0.06
4,running,300,0.9,0,2025-04-30 21:11:11,779.37,0.07
5,idle,60.0,0.2,0,2025-04-30 21:11:11,689.82,0.06
6,running,180.05,0.9,1601,2025-04-30 21:11:11,766.87,0.06
7,idle,60.0,0.2,0,2025-04-30 21:11:11,676.24,0.06
8,running,265.54,0.9,505,2025-04-30 21:11:11,672.26,0.06
9,running,172.66,0.62,0,2025-04-30 21:11:11,701.34,0.06
10,running,208.2,0.9,877,2025-04-30 21:11:11,692.79,0.06
1,running,234.3,0.9,776,2025-04-30 21:11:21,748.68,0.07
2,running,169.09,0.67,0,2025-04-30 21:11:21,729.96,0.07
3,running,115.38,0.9,480,2025-04-30 21:11:21,745.41,0.07
4,running,277.49,0.9,741,2025-04-30 21:11:21,779.37,0.07
5,running,60,0.57,0,2025-04-30 21:11:21,689.82,0.06
6,running,142.56,0.9,1903,2025-04-30 21:11:21,766.87,0.06
7,running,88.79,0.36,80,2025-04-30 21:11:21,676.24,0.06
8,running,234.37,0.9,1335,2025-04-30 21:11:21,672.26,0.06
9,idle,60.0,0.2,0,2025-04-30 21:11:21,701.34,0.06
10,running,166.3,0.9,1861,2025-04-30 21:11:21,692.8,0.07
1,idle,60.0,0.2,0,2025-04-30 21:11:31,748.68,0.07
2,running,257.0,0.9,243,2025-04-30 21:11:31,729.96,0.07
3,running,204.81,0.9,1328,2025-04-30 21:11:31,745.41,0.07
4,running,300,0.86,216,2025-04-30 21:11:31,779.37,0.07
5,running,113.85,0.78,480,2025-04-30 21:11:31,689.82,0.06
6,running,206.69,0.9,1030,2025-04-30 21:11:31,766.88,0.07
7,running,170.08,0.7,0,2025-04-30 21:11:31,676.24,0.06
8,running,300,0.9,2040,2025-04-30 21:11:31,672.27,0.07
9,running,60,0.47,532,2025-04-30 21:11:31,701.35,0.07
10,idle,60.0,0.2,0,2025-04-30 21:11:31,692.8,0.07
1,running,60,0.69,0,2025-04-30 21:11:41,748.68,0.07
2,running,269.75,0.9,20,2025-04-30 21:11:41,729.96,0.07
3,running,269.39,0.9,1547,2025-04-30 21:11:41,745.41,0.07
4,idle,60.0,0.2,0,2025-04-30 21:11:41,779.37,0.07
5,idle,60.0,0.2,0,2025-04-30 21:11:41,689.82,0.06
6,running,294.72,0.9,1638,2025-04-30 21:11:41,766.88,0.07
7,running,220.1,0.77,0,2025-04-30 21:11:41,676.25,0.07
8,running,288.82,0.9,2509,2025-04-30 21:11:41,672.27,0.07
9,idle,60.0,0.2,0,2025-04-30 21:11:41,701.35,0.07
10,error,60.0,0.2,0,2025-04-30 21:11:41,692.8,0.07
1,idle,60.0,0.2,0,2025-04-30 21:11:51,748.68,0.07
2,running,300,0.9,0,2025-04-30 21:11:51,729.96,0.07
3,running,300,0.9,2116,2025-04-30 21:11:51,745.41,0.07
4,idle,60.0,0.2,0,2025-04-30 21:11:51,779.37,0.07
5,running,60,0.24,0,2025-04-30 21:11:51,689.82,0.06
6,running,300,0.9,1616,2025-04-30 21:11:51,766.88,0.07
7,running,235.12,0.9,0,2025-04-30 21:11:51,676.25,0.07
8,running,242.06,0.9,2116,2025-04-30 21:11:51,672.27,0.07
9,running,68.64,0.62,0,2025-04-30 21:11:51,701.35,0.07
10,running,87.48,0.65,193,2025-04-30 21:11:51,692.8,0.07
1,running,91.79,0.2,0,2025-04-30 21:12:01,748.68,0.07
2,running,269.85,0.9,0,2025-04-30 21:12:01,729.97,0.08
3,idle,60.0,0.2,0,2025-04-30 21:12:01,745.41,0.07
4,idle,60.0,0.2,0,2025-04-30 21:12:01,779.37,0.07
5,running,139.45,0.71,0,2025-04-30 21:12:01,689.83,0.07
6,running,294.63,0.9,925,2025-04-30 21:12:01,766.88,0.07
7,idle,60.0,0.2,0,2025-04-30 21:12:01,676.25,0.07
8,running,268.24,0.9,1841,2025-04-30 21:12:01,672.27,0.07
9,running,93.06,0.9,0,2025-04-30 21:12:01,701.35,0.07
10,idle,60.0,0.2,0,2025-04-30 21:12:01,692.8,0.07
1,error,60.0,0.2,0,2025-04-30 21:12:11,748.68,0.07
2,running,297.58,0.9,0,2025-04-30 21:12:11,729.97,0.08
3,running,138.7,0.27,933,2025-04-30 21:12:11,745.42,0.08
4,running,74.57,0.15,0,2025-04-30 21:12:11,779.38,0.08
5,running,178.18,0.9,0,2025-04-30 21:12:11,689.83,0.07
6,running,300,0.9,1422,2025-04-30 21:12:11,766.89,0.08
7,running,108.64,0.54,648,2025-04-30 21:12:11,676.25,0.07
8,idle,60.0,0.2,0,2025-04-30 21:12:11,672.27,0.07
9,error,60.0,0.2,0,2025-04-30 21:12:11,701.35,0.07
10,idle,60.0,0.2,0,2025-04-30 21:12:11,692.8,0.07
1,running,60,0.56,0,2025-04-30 21:12:21,748.69,0.08
2,idle,60.0,0.2,0,2025-04-30 21:12:21,729.97,0.08
3,running,216.43,0.54,1915,2025-04-30 21:12:21,745.42,0.08
4,running,74.62,0.23,536,2025-04-30 21:12:21,779.38,0.08
5,running,156.06,0.9,0,2025-04-30 21:12:21,689.83,0.07
6,running,254.08,0.9,1528,2025-04-30 21:12:21,766.89,0.08
7,idle,60.0,0.2,0,2025-04-30 21:12:21,676.25,0.07
8,running,65.3,0.62,874,2025-04-30 21:12:21,672.28,0.08
9,running,78.35,0.51,978,2025-04-30 21:12:21,701.35,0.07
10,idle,60.0,0.2,0,2025-04-30 21:12:21,692.8,0.07
1,running,60,0.67,0,2025-04-30 21:12:31,748.69,0.08
2,running,80.92,0.26,0,2025-04-30 21:12:31,729.97,0.08
3,idle,60.0,0.2,0,2025-04-30 21:12:31,745.42,0.08
4,running,60,0.21,1484,2025-04-30 21:12:31,779.38,0.08
5,running,162.51,0.9,634,2025-04-30 21:12:31,689.83,0.07
6,idle,60.0,0.2,0,2025-04-30 21:12:31,766.89,0.08
7,running,67.66,0.35,0,2025-04-30 21:12:31,676.25,0.07
8,running,60,0.77,1104,2025-04-30 21:12:31,672.28,0.08
9,idle,60.0,0.2,0,2025-04-30 21:12:31,701.35,0.07
10,running,75.34,0.62,412,2025-04-30 21:12:31,692.8,0.07
1,running,60,0.9,631,2025-04-30 21:12:41,748.69,0.08
2,running,115.3,0.25,0,2025-04-30 21:12:41,729.98,0.09
3,running,107.83,0.32,0,2025-04-30 21:12:41,745.42,0.08
4,running,112.46,0.57,492,2025-04-30 21:12:41,779.39,0.09
5,running,118.32,0.9,457,2025-04-30 21:12:41,689.84,0.08
6,running,119.02,0.62,517,2025-04-30 21:12:41,766.89,0.08
7,idle,60.0,0.2,0,2025-04-30 21:12:41,676.25,0.07
8,idle,60.0,0.2,0,2025-04-30 21:12:41,672.28,0.08
9,error,60.0,0.2,0,2025-04-30 21:12:41,701.35,0.07
10,error,60.0,0.2,0,2025-04-30 21:12:41,692.8,0.07
1,running,60,0.9,613,2025-04-30 21:12:51,748.7,0.09
2,running,107.55,0.23,0,2025-04-30 21:12:51,729.98,0.09
3,idle,60.0,0.2,0,2025-04-30 21:12:51,745.42,0.08
4,running,162.01,0.69,0,2025-04-30 21:12:51,779.39,0.09
5,idle,60.0,0.2,0,2025-04-30 21:12:51,689.84,0.08
6,running,109.54,0.9,0,2025-04-30 21:12:51,766.9,0.09
7,running,122.95,0.42,294,2025-04-30 21:12:51,676.26,0.08
8,running,60,0.5,630,2025-04-30 21:12:51,672.28,0.08
9,running,60,0.46,0,2025-04-30 21:12:51,701.36,0.08
10,idle,60.0,0.2,0,2025-04-30 21:12:51,692.8,0.07
1,running,127.14,0.9,1409,2025-04-30 21:13:01,748.7,0.09
2,running,155.68,0.51,0,2025-04-30 21:13:01,729.98,0.09
3,error,60.0,0.2,0,2025-04-30 21:13:01,745.42,0.08
4,running,180.34,0.9,0,2025-04-30 21:13:01,779.39,0.09
5,running,149.38,0.25,952,2025-04-30 21:13:01,689.84,0.08
6,idle,60.0,0.2,0,2025-04-30 21:13:01,766.9,0.09
7,running,125.51,0.62,555,2025-04-30 21:13:01,676.26,0.08
8,error,60.0,0.2,0,2025-04-30 21:13:01,672.28,0.08
9,running,151.42,0.62,847,2025-04-30 21:13:01,701.36,0.08
10,running,134.63,0.16,0,2025-04-30 21:13:01,692.8,0.07
1,idle,60.0,0.2,0,2025-04-30 21:13:11,748.7,0.09
2,running,226.55,0.8,0,2025-04-30 21:13:11,729.98,0.09
3,running,75.62,0.59,247,2025-04-30 21:13:11,745.43,0.09
4,running,182.55,0.9,623,2025-04-30 21:13:11,779.39,0.09
5,idle,60.0,0.2,0,2025-04-30 21:13:11,689.84,0.08
6,running,68.45,0.4,340,2025-04-30 21:13:11,766.9,0.09
7,running,106.85,0.82,0,2025-04-30 21:13:11,676.26,0.08
8,running,143.62,0.7,0,2025-04-30 21:13:11,672.29,0.09
9,running,114.72,0.82,574,2025-04-30 21:13:11,701.36,0.08
10,running,203.59,0.2,470,2025-04-30 21:13:11,692.81,0.08
1,running,60.39,0.28,0,2025-04-30 21:13:21,748.7,0.09
2,running,250.66,0.9,759,2025-04-30 21:13:21,729.99,0.1
3,running,73.41,0.84,0,2025-04-30 21:13:21,745.43,0.09
4,running,263.53,0.9,723,2025-04-30 21:13:21,779.4,0.1
5,running,104.74,0.38,35,2025-04-30 21:13:21,689.84,0.08
6,running,114.45,0.82,303,2025-04-30 21:13:21,766.9,0.09
7,running,160.39,0.9,0,2025-04-30 21:13:21,676.27,0.09
8,running,151.23,0.89,66,2025-04-30 21:13:21,672.29,0.09
9,running,172.22,0.9,1108,2025-04-30 21:13:21,701.37,0.09
10,running,211.3,0.51,1279,2025-04-30 21:13:21,692.81,0.08
1,running,60,0.28,0,2025-04-30 21:13:31,748.7,0.09
2,running,280.98,0.9,744,2025-04-30 21:13:31,729.99,0.1
3,running,131.11,0.9,0,2025-04-30 21:13:31,745.43,0.09
4,running,237.85,0.9,966,2025-04-30 21:13:31,779.4,0.1
5,running,60,0.85,0,2025-04-30 21:13:31,689.85,0.09
6,idle,60.0,0.2,0,2025-04-30 21:13:31,766.9,0.09
7,running,195.11,0.9,569,2025-04-30 21:13:31,676.27,0.09
8,running,207.7,0.9,358,2025-04-30 21:13:31,672.29,0.09
9,running,154.69,0.9,1855,2025-04-30 21:13:31,701.37,0.09
10,running,235.98,0.54,1851,2025-04-30 21:13:31,692.81,0.08
1,running,60,0.45,0,2025-04-30 21:13:41,748.71,0.1
2,running,245.53,0.9,661,2025-04-30 21:13:41,729.99,0.1
3,idle,60.0,0.2,0,2025-04-30 21:13:41,745.43,0.09
4,running,300,0.9,232,2025-04-30 21:13:41,779.4,0.1
5,running,151.5,0.9,939,2025-04-30 21:13:41,689.85,0.09
6,running,60,0.48,172,2025-04-30 21:13:41,766.9,0.09
7,idle,60.0,0.2,0,2025-04-30 21:13:41,676.27,0.09
8,running,205.83,0.9,1035,2025-04-30 21:13:41,672.29,0.09
9,running,219.54,0.9,963,2025-04-30 21:13:41,701.37,0.09
10,running,297.9,0.64,1324,2025-04-30 21:13:41,692.82,0.09
1,running,72.97,0.83,0,2025-04-30 21:13:51,748.71,0.1
2,running,278.24,0.9,880,2025-04-30 21:13:51,730.0,0.11
3,idle,60.0,0.2,0,2025-04-30 21:13:51,745.43,0.09
4,idle,60.0,0.2,0,2025-04-30 21:13:51,779.4,0.1
5,running,202.75,0.9,0,2025-04-30 21:13:51,689.85,0.09
6,running,60,0.71,359,2025-04-30 21:13:51,766.91,0.1
7,running,60,0.3,171,2025-04-30 21:13:51,676.27,0.09
8,running,265.37,0.86,1766,2025-04-30 21:13:51,672.3,0.1
9,running,233.28,0.9,1507,2025-04-30 21:13:51,701.37,0.09
10,running,299.55,0.64,703,2025-04-30 21:13:51,692.82,0.09
1,running,62.66,0.9,0,2025-04-30 21:14:01,748.71,0.1
2,running,294.19,0.9,148,2025-04-30 21:14:01,730.0,0.11
3,running,66.0,0.64,166,2025-04-30 21:14:01,745.43,0.09
4,running,60,0.67,146,2025-04-30 21:14:01,779.41,0.11
5,running,209.02,0.9,177,2025-04-30 21:14:01,689.85,0.09
6,running,153.24,0.9,366,2025-04-30 21:14:01,766.91,0.1
7,running,157.75,0.45,707,2025-04-30 21:14:01,676.27,0.09
8,running,300,0.9,1085,2025-04-30 21:14:01,672.3,0.1
9,running,300,0.9,2336,2025-04-30 21:14:01,701.38,0.1
10,idle,60.0,0.2,0,2025-04-30 21:14:01,692.82,0.09
1,running,60,0.9,0,2025-04-30 21:14:11,748.72,0.11
2,running,300,0.9,0,2025-04-30 21:14:11,730.0,0.11
3,idle,60.0,0.2,0,2025-04-30 21:14:11,745.43,0.09
4,running,65.47,0.89,0,2025-04-30 21:14:11,779.41,0.11
5,running,220.64,0.9,23,2025-04-30 21:14:11,689.86,0.1
6,running,227.7,0.9,413,2025-04-30 21:14:11,766.91,0.1
7,running,143.15,0.43,1110,2025-04-30 21:14:11,676.28,0.1
8,running,300,0.9,162,2025-04-30 21:14:11,672.3,0.1
9,running,300,0.9,3220,2025-04-30 21:14:11,701.38,0.1
10,running,105.19,0.36,64,2025-04-30 21:14:11,692.82,0.09
1,running,60,0.9,0,2025-04-30 21:14:21,748.72,0.11
2,running,300,0.9,0,2025-04-30 21:14:21,730.0,0.11
3,idle,60.0,0.2,0,2025-04-30 21:14:21,745.43,0.09
4,running,88.12,0.9,818,2025-04-30 21:14:21,779.41,0.11
5,running,233.78,0.9,169,2025-04-30 21:14:21,689.86,0.1
6,running,255.25,0.9,0,2025-04-30 21:14:21,766.92,0.11
7,running,162.17,0.4,1347,2025-04-30 21:14:21,676.28,0.1
8,running,292.6,0.9,0,2025-04-30 21:14:21,672.31,0.11
9,running,300,0.9,3835,2025-04-30 21:14:21,701.38,0.1
10,running,64.53,0.49,0,2025-04-30 21:14:21,692.82,0.09
1,running,133.61,0.9,0,2025-04-30 21:14:31,748.72,0.11
2,running,300,0.9,290,2025-04-30 21:14:31,730.01,0.12
3,running,147.94,0.36,0,2025-04-30 21:14:31,745.44,0.1
4,running,134.52,0.9,238,2025-04-30 21:14:31,779.41,0.11
5,idle,60.0,0.2,0,2025-04-30 21:14:31,689.86,0.1
6,running,212.4,0.9,595,2025-04-30 21:14:31,766.92,0.11
7,running,254.97,0.77,1395,2025-04-30 21:14:31,676.28,0.1
8,running,300,0.9,0,2025-04-30 21:14:31,672.31,0.11
9,running,300,0.9,3887,2025-04-30 21:14:31,701.39,0.11
10,running,60,0.52,0,2025-04-30 21:14:31,692.83,0.1
1,running,140.97,0.9,0,2025-04-30 21:14:41,748.72,0.11
2,idle,60.0,0.2,0,2025-04-30 21:14:41,730.01,0.12
3,running,179.53,0.49,0,2025-04-30 21:14:41,745.44,0.1
4,running,129.41,0.9,1,2025-04-30 21:14:41,779.42,0.12
5,error,60.0,0.2,0,2025-04-30 21:14:41,689.86,0.1
6,running,163.24,0.9,456,2025-04-30 21:14:41,766.92,0.11
7,running,268.39,0.9,1125,2025-04-30 21:14:41,676.29,0.11
8,running,299.0,0.9,0,2025-04-30 21:14:41,672.31,0.11
9,running,280.89,0.9,3023,2025-04-30 21:14:41,701.39,0.11
10,running,130.79,0.9,0,2025-04-30 21:14:41,692.83,0.1
1,running,184.52,0.9,57,2025-04-30 21:14:51,748.73,0.12
2,error,60.0,0.2,0,2025-04-30 21:14:51,730.01,0.12
3,idle,60.0,0.2,0,2025-04-30 21:14:51,745.44,0.1
4,running,170.11,0.9,0,2025-04-30 21:14:51,779.42,0.12
5,running,86.27,0.4,539,2025-04-30 21:14:51,689.86,0.1
6,running,149.4,0.9,506,2025-04-30 21:14:51,766.92,0.11
7,running,244.99,0.9,148,2025-04-30 21:14:51,676.29,0.11
8,idle,60.0,0.2,0,2025-04-30 21:14:51,672.31,0.11
9,running,300,0.9,3026,2025-04-30 21:14:51,701.39,0.11
10,running,190.38,0.9,0,2025-04-30 21:14:51,692.83,0.1
1,error,60.0,0.2,0,2025-04-30 21:15:01,748.73,0.12
2,running,60,0.5,0,2025-04-30 21:15:01,730.01,0.12
3,running,60,0.35,33,2025-04-30 21:15:01,745.44,0.1
4,running,156.98,0.9,693,2025-04-30 21:15:01,779.42,0.12
5,running,132.92,0.6,0,2025-04-30 21:15:01,689.87,0.11
6,running,206.52,0.88,198,2025-04-30 21:15:01,766.93,0.12
7,running,228.77,0.9,0,2025-04-30 21:15:01,676.29,0.11
8,running,137.75,0.29,0,2025-04-30 21:15:01,672.31,0.11
9,running,258.62,0.9,3316,2025-04-30 21:15:01,701.39,0.11
10,running,231.78,0.89,0,2025-04-30 21:15:01,692.84,0.11
1,idle,60.0,0.2,0,2025-04-30 21:15:11,748.73,0.12
2,running,86.41,0.73,702,2025-04-30 21:15:11,730.01,0.12
3,running,84.44,0.72,0,2025-04-30 21:15:11,745.45,0.11
4,running,165.41,0.9,1268,2025-04-30 21:15:11,779.42,0.13
5,running,143.08,0.9,0,2025-04-30 21:15:11,689.87,0.11
6,running,213.38,0.9,503,2025-04-30 21:15:11,766.93,0.12
7,running,192.75,0.9,0,2025-04-30 21:15:11,676.29,0.11
8,running,195.44,0.51,872,2025-04-30 21:15:11,672.32,0.12
9,running,300,0.9,3232,2025-04-30 21:15:11,701.4,0.12
10,idle,60.0,0.2,0,2025-04-30 21:15:11,692.84,0.11
1,running,80.42,0.59,0,2025-04-30 21:15:21,748.73,0.12
2,idle,60.0,0.2,0,2025-04-30 21:15:21,730.01,0.12
3,running,104.41,0.9,0,2025-04-30 21:15:21,745.45,0.11
4,running,173.31,0.9,1971,2025-04-30 21:15:21,779.43,0.13
5,running,182.45,0.9,66,2025-04-30 21:15:21,689.87,0.11
6,running,213.9,0.9,1309,2025-04-30 21:15:21,766.93,0.12
7,running,237.34,0.9,0,2025-04-30 21:15:21,676.3,0.12
8,idle,60.0,0.2,0,2025-04-30 21:15:21,672.32,0.12
9,running,268.87,0.9,4104,2025-04-30 21:15:21,701.4,0.12
10,running,101.56,0.54,0,2025-04-30 21:15:21,692.84,0.11
1,running,95.29,0.84,628,2025-04-30 21:15:31,748.73,0.12
2,running,60,0.57,588,2025-04-30 21:15:31,730.01,0.13
3,idle,60.0,0.2,0,2025-04-30 21:15:31,745.45,0.11
4,running,149.21,0.9,1328,2025-04-30 21:15:31,779.43,0.13
5,running,198.23,0.9,293,2025-04-30 21:15:31,689.87,0.11
6,running,167.68,0.9,1382,2025-04-30 21:15:31,766.93,0.13
7,idle,60.0,0.2,0,2025-04-30 21:15:31,676.3,0.12
8,running,115.2,0.46,0,2025-04-30 21:15:31,672.32,0.12
9,running,234.89,0.9,3933,2025-04-30 21:15:31,701.4,0.12
10,running,177.09,0.9,0,2025-04-30 21:15:31,692.84,0.11
1,idle,60.0,0.2,0,2025-04-30 21:15:41,748.73,0.12
2,running,60,0.9,1586,2025-04-30 21:15:41,730.02,0.13
3,running,60,0.29,0,2025-04-30 21:15:41,745.45,0.11
4,running,181.82,0.9,329,2025-04-30 21:15:41,779.43,0.13
5,idle,60.0,0.2,0,2025-04-30 21:15:41,689.87,0.11
6,idle,60.0,0.2,0,2025-04-30 21:15:41,766.93,0.13
7,running,80.11,0.34,350,2025-04-30 21:15:41,676.3,0.12
8,running,104.29,0.7,0,2025-04-30 21:15:41,672.32,0.12
9,running,274.74,0.9,2946,2025-04-30 21:15:41,701.4,0.13
10,running,196.7,0.9,0,2025-04-30 21:15:41,692.84,0.11
1,idle,60.0,0.2,0,2025-04-30 21:15:51,748.73,0.12
2,running,78.62,0.9,1216,2025-04-30 21:15:51,730.02,0.13
3,running,60,0.32,0,2025-04-30 21:15:51,745.45,0.11
4,running,194.14,0.9,1079,2025-04-30 21:15:51,779.44,0.14
5,running,60,0.52,209,2025-04-30 21:15:51,689.88,0.12
6,idle,60.0,0.2,0,2025-04-30 21:15:51,766.93,0.13
7,running,139.72,0.53,825,2025-04-30 21:15:51,676.3,0.12
8,running,157.09,0.9,0,2025-04-30 21:15:51,672.32,0.13
9,running,300,0.9,2630,2025-04-30 21:15:51,701.41,0.13
10,error,60.0,0.2,0,2025-04-30 21:15:51,692.84,0.11
1,running,142.08,0.58,611,2025-04-30 21:16:01,748.73,0.13
2,idle,60.0,0.2,0,2025-04-30 21:16:01,730.02,0.13
3,running,158.72,0.66,497,2025-04-30 21:16:01,745.46,0.12
4,running,180.53,0.88,1794,2025-04-30 21:16:01,779.44,0.14
5,running,60,0.75,919,2025-04-30 21:16:01,689.88,0.12
6,running,60,0.27,0,2025-04-30 21:16:01,766.94,0.13
7,running,135.51,0.56,986,2025-04-30 21:16:01,676.3,0.13
8,running,155.66,0.9,0,2025-04-30 21:16:01,672.33,0.13
9,running,300,0.9,3147,2025-04-30 21:16:01,701.41,0.13
10,running,60,0.32,409,2025-04-30 21:16:01,692.85,0.12
1,running,186.05,0.7,1442,2025-04-30 21:16:11,748.74,0.13
2,running,130.1,0.61,760,2025-04-30 21:16:11,730.02,0.13
3,running,167.44,0.8,0,2025-04-30 21:16:11,745.46,0.12
4,idle,60.0,0.2,0,2025-04-30 21:16:11,779.44,0.14
5,running,149.85,0.9,1772,2025-04-30 21:16:11,689.88,0.12
6,running,77.45,0.32,0,2025-04-30 21:16:11,766.94,0.13
7,running,103.27,0.9,1783,2025-04-30 21:16:11,676.31,0.13
8,running,244.25,0.9,0,2025-04-30 21:16:11,672.33,0.13
9,running,300,0.9,2736,2025-04-30 21:16:11,701.41,0.13
10,running,60,0.78,0,2025-04-30 21:16:11,692.85,0.12
1,running,155.52,0.85,1352,2025-04-30 21:16:21,748.74,0.13
2,running,188.65,0.58,860,2025-04-30 21:16:21,730.03,0.14
3,idle,60.0,0.2,0,2025-04-30 21:16:21,745.46,0.12
4,idle,60.0,0.2,0,2025-04-30 21:16:21,779.44,0.14
5,running,192.77,0.87,2741,2025-04-30 21:16:21,689.88,0.13
6,running,121.35,0.72,0,2025-04-30 21:16:21,766.94,0.13
7,running,193.95,0.9,1738,2025-04-30 21:16:21,676.31,0.13
8,running,300,0.9,0,2025-04-30 21:16:21,672.33,0.13
9,error,60.0,0.2,0,2025-04-30 21:16:21,701.41,0.13
10,running,60,0.9,805,2025-04-30 21:16:21,692.85,0.12
1,running,130.06,0.9,2154,2025-04-30 21:16:31,748.74,0.13
2,running,277.8,0.65,458,2025-04-30 21:16:31,730.03,0.14
3,running,145.4,0.34,436,2025-04-30 21:16:31,745.46,0.12
4,running,60,0.58,964,2025-04-30 21:16:31,779.44,0.14
5,running,178.01,0.9,3621,2025-04-30 21:16:31,689.89,0.13
6,running,141.6,0.69,0,2025-04-30 21:16:31,766.95,0.14
7,idle,60.0,0.2,0,2025-04-30 21:16:31,676.31,0.13
8,running,300,0.9,0,2025-04-30 21:16:31,672.34,0.14
9,idle,60.0,0.2,0,2025-04-30 21:16:31,701.41,0.13
10,running,79.71,0.9,1530,2025-04-30 21:16:31,692.85,0.13
1,error,60.0,0.2,0,2025-04-30 21:16:41,748.74,0.13
2,running,300,0.9,0,2025-04-30 21:16:41,730.03,0.14
3,running,144.63,0.31,248,2025-04-30 21:16:41,745.46,0.13
4,idle,60.0,0.2,0,2025-04-30 21:16:41,779.44,0.14
5,idle,60.0,0.2,0,2025-04-30 21:16:41,689.89,0.13
6,running,211.77,0.9,599,2025-04-30 21:16:41,766.95,0.14
7,idle,60.0,0.2,0,2025-04-30 21:16:41,676.31,0.13
8,running,271.61,0.9,0,2025-04-30 21:16:41,672.34,0.14
9,running,60,0.6,899,2025-04-30 21:16:41,701.42,0.14
10,idle,60.0,0.2,0,2025-04-30 21:16:41,692.85,0.13
1,running,99.57,0.33,0,2025-04-30 21:16:51,748.75,0.14
2,running,300,0.9,0,2025-04-30 21:16:51,730.03,0.14
3,running,99.07,0.32,21,2025-04-30 21:16:51,745.47,0.13
4,running,68.84,0.27,655,2025-04-30 21:16:51,779.44,0.14
5,running,61.49,0.4,107,2025-04-30 21:16:51,689.89,0.13
6,running,222.13,0.9,426,2025-04-30 21:16:51,766.95,0.14
7,running,65.24,0.46,0,2025-04-30 21:16:51,676.31,0.13
8,running,251.4,0.9,0,2025-04-30 21:16:51,672.34,0.14
9,running,110.74,0.9,1590,2025-04-30 21:16:51,701.42,0.14
10,running,86.81,0.69,0,2025-04-30 21:16:51,692.86,0.13
1,running,130.07,0.72,414,2025-04-30 21:17:01,748.75,0.14
2,running,300,0.9,0,2025-04-30 21:17:01,730.04,0.15
3,running,77.68,0.46,57,2025-04-30 21:17:01,745.47,0.13
4,running,119.77,0.5,687,2025-04-30 21:17:01,779.45,0.15
5,running,60,0.69,426,2025-04-30 21:17:01,689.89,0.13
6,running,300,0.9,1169,2025-04-30 21:17:01,766.95,0.14
7,idle,60.0,0.2,0,2025-04-30 21:17:01,676.31,0.13
8,running,283.58,0.9,0,2025-04-30 21:17:01,672.34,0.14
9,running,155.07,0.9,679,2025-04-30 21:17:01,701.42,0.14
10,running,132.34,0.9,0,2025-04-30 21:17:01,692.86,0.13
1,running,98.55,0.83,0,2025-04-30 21:17:11,748.75,0.14
2,running,300,0.9,0,2025-04-30 21:17:11,730.04,0.15
3,idle,60.0,0.2,0,2025-04-30 21:17:11,745.47,0.13
4,running,80.22,0.54,978,2025-04-30 21:17:11,779.45,0.15
5,running,67.95,0.74,292,2025-04-30 21:17:11,689.9,0.14
6,running,281.59,0.9,1323,2025-04-30 21:17:11,766.96,0.15
7,idle,60.0,0.2,0,2025-04-30 21:17:11,676.31,0.13
8,running,274.47,0.9,0,2025-04-30 21:17:11,672.35,0.15
9,idle,60.0,0.2,0,2025-04-30 21:17:11,701.42,0.14
10,running,210.42,0.9,238,2025-04-30 21:17:11,692.86,0.13
1,running,171.29,0.9,0,2025-04-30 21:17:21,748.75,0.14
2,idle,60.0,0.2,0,2025-04-30 21:17:21,730.04,0.15
3,running,60,0.6,0,2025-04-30 21:17:21,745.47,0.13
4,running,64.22,0.9,1685,2025-04-30 21:17:21,779.45,0.15
5,running,60,0.74,0,2025-04-30 21:17:21,689.9,0.14
6,error,60.0,0.2,0,2025-04-30 21:17:21,766.96,0.15
7,idle,60.0,0.2,0,2025-04-30 21:17:21,676.31,0.13
8,running,250.14,0.9,542,2025-04-30 21:17:21,672.35,0.15
9,running,129.45,0.68,0,2025-04-30 21:17:21,701.42,0.14
10,running,187.7,0.9,275,2025-04-30 21:17:21,692.87,0.14
1,running,128.84,0.9,167,2025-04-30 21:17:31,748.76,0.15
2,running,60,0.59,58,2025-04-30 21:17:31,730.04,0.15
3,running,150.13,0.75,429,2025-04-30 21:17:31,745.48,0.14
4,running,60,0.9,2352,2025-04-30 21:17:31,779.46,0.16
5,running,109.58,0.9,0,2025-04-30 21:17:31,689.9,0.14
6,running,143.52,0.21,0,2025-04-30 21:17:31,766.96,0.15
7,running,60,0.15,0,2025-04-30 21:17:31,676.32,0.14
8,running,297.5,0.9,868,2025-04-30 21:17:31,672.35,0.15
9,running,105.55,0.9,0,2025-04-30 21:17:31,701.43,0.15
10,running,252.87,0.9,336,2025-04-30 21:17:31,692.87,0.14
1,idle,60.0,0.2,0,2025-04-30 21:17:41,748.76,0.15
2,running,126.32,0.61,732,2025-04-30 21:17:41,730.05,0.16
3,running,233.96,0.83,0,2025-04-30 21:17:41,745.48,0.14
4,running,89.67,0.9,1524,2025-04-30 21:17:41,779.46,0.16
5,running,160.53,0.9,523,2025-04-30 21:17:41,689.9,0.14
6,running,101.47,0.7,0,2025-04-30 21:17:41,766.96,0.15
7,running,83.93,0.18,0,2025-04-30 21:17:41,676.32,0.14
8,running,294.55,0.89,306,2025-04-30 21:17:41,672.36,0.16
9,running,193.86,0.9,343,2025-04-30 21:17:41,701.43,0.15
10,running,287.79,0.9,608,2025-04-30 21:17:41,692.87,0.14
1,running,133.44,0.4,0,2025-04-30 21:17:51,748.76,0.15
2,running,105.98,0.67,781,2025-04-30 21:17:51,730.05,0.16
3,running,216.56,0.89,252,2025-04-30 21:17:51,745.48,0.14
4,running,174.78,0.9,668,2025-04-30 21:17:51,779.46,0.16
5,running,216.58,0.9,424,2025-04-30 21:17:51,689.91,0.15
6,idle,60.0,0.2,0,2025-04-30 21:17:51,766.96,0.15
7,running,94.09,0.25,378,2025-04-30 21:17:51,676.32,0.14
8,running,300,0.9,0,2025-04-30 21:17:51,672.36,0.16
9,running,260.93,0.9,1031,2025-04-30 21:17:51,701.43,0.15
10,idle,60.0,0.2,0,2025-04-30 21:17:51,692.87,0.14
1,running,157.29,0.81,0,2025-04-30 21:18:01,748.76,0.15
2,running,60.79,0.7,621,2025-04-30 21:18:01,730.05,0.16
3,running,280.46,0.9,1010,2025-04-30 21:18:01,745.48,0.14
4,running,223.36,0.9,100,2025-04-30 21:18:01,779.46,0.16
5,running,181.82,0.9,752,2025-04-30 21:18:01,689.91,0.15
6,running,130.82,0.38,462,2025-04-30 21:18:01,766.97,0.16
7,running,63.46,0.51,0,2025-04-30 21:18:01,676.32,0.14
8,idle,60.0,0.2,0,2025-04-30 21:18:01,672.36,0.16
9,idle,60.0,0.2,0,2025-04-30 21:18:01,701.43,0.15
10,running,104.84,0.5,0,2025-04-30 21:18:01,692.87,0.14
1,error,60.0,0.2,0,2025-04-30 21:18:11,748.76,0.15
2,running,144.53,0.9,1199,2025-04-30 21:18:11,730.05,0.16
3,running,300,0.9,1932,2025-04-30 21:18:11,745.49,0.15
4,idle,60.0,0.2,0,2025-04-30 21:18:11,779.46,0.16
5,running,138.34,0.9,80,2025-04-30 21:18:11,689.91,0.15
6,idle,60.0,0.2,0,2025-04-30 21:18:11,766.97,0.16
7,idle,60.0,0.2,0,2025-04-30 21:18:11,676.32,0.14
8,running,64.36,0.41,567,2025-04-30 21:18:11,672.36,0.16
9,running,60,0.46,628,2025-04-30 21:18:11,701.44,0.16
10,running,61.42,0.76,0,2025-04-30 21:18:11,692.88,0.15
1,running,60,0.61,0,2025-04-30 21:18:21,748.77,0.16
2,running,221.64,0.9,742,2025-04-30 21:18:21,730.06,0.17
3,error,60.0,0.2,0,2025-04-30 21:18:21,745.49,0.15
4,running,60,0.61,234,2025-04-30 21:18:21,779.47,0.17
5,running,235.84,0.9,855,2025-04-30 21:18:21,689.92,0.16
6,running,60,0.65,860,2025-04-30 21:18:21,766.97,0.16
7,running,60,0.53,0,2025-04-30 21:18:21,676.33,0.15
8,running,60,0.75,1223,2025-04-30 21:18:21,672.36,0.16
9,running,60,0.44,0,2025-04-30 21:18:21,701.44,0.16
10,running,60,0.9,0,2025-04-30 21:18:21,692.88,0.15
1,error,60.0,0.2,0,2025-04-30 21:18:31,748.77,0.16
2,idle,60.0,0.2,0,2025-04-30 21:18:31,730.06,0.17
3,running,60,0.16,12,2025-04-30 21:18:31,745.49,0.15
4,running,92.17,0.9,491,2025-04-30 21:18:31,779.47,0.17
5,running,233.4,0.9,191,2025-04-30 21:18:31,689.92,0.16
6,running,78.46,0.69,19,2025-04-30 21:18:31,766.97,0.16
7,error,60.0,0.2,0,2025-04-30 21:18:31,676.33,0.15
8,idle,60.0,0.2,0,2025-04-30 21:18:31,672.36,0.16
9,running,80.77,0.44,0,2025-04-30 21:18:31,701.44,0.16
10,running,87.15,0.9,0,2025-04-30 21:18:31,692.88,0.15
1,running,91.33,0.27,993,2025-04-30 21:18:41,748.77,0.16
2,running,131.5,0.18,894,2025-04-30 21:18:41,730.06,0.17
3,running,140.46,0.14,791,2025-04-30 21:18:41,745.49,0.15
4,running,186.86,0.88,0,2025-04-30 21:18:41,779.47,0.17
5,running,300,0.9,1144,2025-04-30 21:18:41,689.92,0.16
6,idle,60.0,0.2,0,2025-04-30 21:18:41,766.97,0.16
7,idle,60.0,0.2,0,2025-04-30 21:18:41,676.33,0.15
8,running,82.79,0.36,0,2025-04-30 21:18:41,672.37,0.17
9,idle,60.0,0.2,0,2025-04-30 21:18:41,701.44,0.16
10,idle,60.0,0.2,0,2025-04-30 21:18:41,692.88,0.15
1,idle,60.0,0.2,0,2025-04-30 21:18:52,748.77,0.16
2,running,102.53,0.63,1888,2025-04-30 21:18:52,730.06,0.17
3,running,213.54,0.28,713,2025-04-30 21:18:52,745.5,0.16
4,running,137.35,0.9,0,2025-04-30 21:18:52,779.47,0.17
5,running,282.01,0.9,1871,2025-04-30 21:18:52,689.92,0.16
6,running,60,0.49,493,2025-04-30 21:18:52,766.97,0.16
7,running,60,0.4,0,2025-04-30 21:18:52,676.33,0.15
8,running,88.85,0.5,135,2025-04-30 21:18:52,672.37,0.17
9,running,70.96,0.55,10,2025-04-30 21:18:52,701.44,0.16
10,running,60,0.64,0,2025-04-30 21:18:52,692.89,0.16
1,running,123.93,0.69,467,2025-04-30 21:19:02,748.77,0.16
2,running,129.23,0.72,1666,2025-04-30 21:19:02,730.06,0.17
3,running,247.74,0.75,1623,2025-04-30 21:19:02,745.5,0.16
4,running,164.79,0.9,306,2025-04-30 21:19:02,779.48,0.18
5,idle,60.0,0.2,0,2025-04-30 21:19:02,689.92,0.16
6,idle,60.0,0.2,0,2025-04-30 21:19:02,766.97,0.16
7,running,78.41,0.73,0,2025-04-30 21:19:02,676.33,0.15
8,running,134.47,0.84,672,2025-04-30 21:19:02,672.37,0.17
9,running,170.81,0.9,410,2025-04-30 21:19:02,701.45,0.17
10,running,61.48,0.9,898,2025-04-30 21:19:02,692.89,0.16
1,idle,60.0,0.2,0,2025-04-30 21:19:12,748.77,0.16
2,running,164.22,0.9,814,2025-04-30 21:19:12,730.07,0.18
3,running,300,0.71,1788,2025-04-30 21:19:12,745.5,0.16
4,running,191.72,0.9,254,2025-04-30 21:19:12,779.48,0.18
5,running,136.81,0.66,0,2025-04-30 21:19:12,689.93,0.17
6,running,153.03,0.43,30,2025-04-30 21:19:12,766.98,0.17
7,running,109.93,0.72,0,2025-04-30 21:19:12,676.34,0.16
8,running,191.26,0.9,16,2025-04-30 21:19:12,672.37,0.17
9,running,161.81,0.9,1029,2025-04-30 21:19:12,701.45,0.17
10,running,122.56,0.9,1566,2025-04-30 21:19:12,692.89,0.16
1,running,60,0.37,0,2025-04-30 21:19:22,748.77,0.16
2,idle,60.0,0.2,0,2025-04-30 21:19:22,730.07,0.18
3,running,300,0.76,2330,2025-04-30 21:19:22,745.5,0.16
4,running,154.45,0.9,0,2025-04-30 21:19:22,779.48,0.18
5,running,149.26,0.9,375,2025-04-30 21:19:22,689.93,0.17
6,running,249.16,0.46,17,2025-04-30 21:19:22,766.98,0.17
7,idle,60.0,0.2,0,2025-04-30 21:19:22,676.34,0.16
8,running,141.38,0.9,501,2025-04-30 21:19:22,672.38,0.18
9,idle,60.0,0.2,0,2025-04-30 21:19:22,701.45,0.17
10,running,91.47,0.9,983,2025-04-30 21:19:22,692.89,0.16
1,running,60,0.46,0,2025-04-30 21:19:32,748.78,0.17
2,running,60,0.63,590,2025-04-30 21:19:32,730.07,0.18
3,running,300,0.9,3182,2025-04-30 21:19:32,745.51,0.17
4,running,179.91,0.9,356,2025-04-30 21:19:32,779.49,0.19
5,running,134.76,0.9,266,2025-04-30 21:19:32,689.93,0.17
6,idle,60.0,0.2,0,2025-04-30 21:19:32,766.98,0.17
7,running,69.04,0.32,0,2025-04-30 21:19:32,676.34,0.16
8,running,178.77,0.9,0,2025-04-30 21:19:32,672.38,0.18
9,idle,60.0,0.2,0,2025-04-30 21:19:32,701.45,0.17
10,running,60,0.9,1841,2025-04-30 21:19:32,692.9,0.17
1,running,118.31,0.76,0,2025-04-30 21:19:42,748.78,0.17
2,idle,60.0,0.2,0,2025-04-30 21:19:42,730.07,0.18
3,running,300,0.9,4071,2025-04-30 21:19:42,745.51,0.17
4,running,145.32,0.9,86,2025-04-30 21:19:42,779.49,0.19
5,running,210.73,0.9,0,2025-04-30 21:19:42,689.93,0.17
6,running,73.13,0.4,0,2025-04-30 21:19:42,766.98,0.17
7,running,60,0.5,988,2025-04-30 21:19:42,676.34,0.16
8,running,264.1,0.9,0,2025-04-30 21:19:42,672.38,0.18
9,running,155.71,0.28,236,2025-04-30 21:19:42,701.45,0.17
10,running,123.24,0.9,2152,2025-04-30 21:19:42,692.9,0.17
1,running,73.24,0.9,0,2025-04-30 21:19:52,748.78,0.17
2,running,71.37,0.26,0,2025-04-30 21:19:52,730.07,0.18
3,idle,60.0,0.2,0,2025-04-30 21:19:52,745.51,0.17
4,running,240.25,0.9,0,2025-04-30 21:19:52,779.49,0.19
5,idle,60.0,0.2,0,2025-04-30 21:19:52,689.93,0.17
6,running,71.49,0.7,341,2025-04-30 21:19:52,766.98,0.17
7,idle,60.0,0.2,0,2025-04-30 21:19:52,676.34,0.16
8,running,270.31,0.9,427,2025-04-30 21:19:52,672.39,0.19
9,running,231.63,0.72,961,2025-04-30 21:19:52,701.45,0.17
10,running,166.02,0.9,2825,2025-04-30 21:19:52,692.9,0.17
1,running,118.09,0.9,819,2025-04-30 21:20:02,748.78,0.17
2,running,82.91,0.31,735,2025-04-30 21:20:02,730.08,0.19
3,running,60,0.35,0,2025-04-30 21:20:02,745.51,0.17
4,running,300,0.9,0,2025-04-30 21:20:02,779.49,0.19
5,running,60,0.17,64,2025-04-30 21:20:02,689.94,0.18
6,running,112.39,0.79,0,2025-04-30 21:20:02,766.99,0.18
7,running,60.02,0.36,353,2025-04-30 21:20:02,676.34,0.16
8,running,264.81,0.9,469,2025-04-30 21:20:02,672.39,0.19
9,idle,60.0,0.2,0,2025-04-30 21:20:02,701.45,0.17
10,running,222.32,0.9,3493,2025-04-30 21:20:02,692.9,0.17
1,running,68.93,0.86,1330,2025-04-30 21:20:12,748.79,0.18
2,idle,60.0,0.2,0,2025-04-30 21:20:12,730.08,0.19
3,running,60,0.61,900,2025-04-30 21:20:12,745.51,0.17
4,idle,60.0,0.2,0,2025-04-30 21:20:12,779.49,0.19
5,running,111.2,0.24,14,2025-04-30 21:20:12,689.94,0.18
6,error,60.0,0.2,0,2025-04-30 21:20:12,766.99,0.18
7,running,60,0.31,971,2025-04-30 21:20:12,676.35,0.17
8,running,300,0.9,901,2025-04-30 21:20:12,672.39,0.19
9,running,84.81,0.7,927,2025-04-30 21:20:12,701.46,0.18
10,idle,60.0,0.2,0,2025-04-30 21:20:12,692.9,0.17
1,running,164.0,0.9,1076,2025-04-30 21:20:22,748.79,0.18
2,idle,60.0,0.2,0,2025-04-30 21:20:22,730.08,0.19
3,running,82.7,0.63,1792,2025-04-30 21:20:22,745.52,0.18
4,running,60,0.42,0,2025-04-30 21:20:22,779.5,0.2
5,running,90.6,0.65,289,2025-04-30 21:20:22,689.94,0.18
6,running,74.88,0.17,0,2025-04-30 21:20:22,766.99,0.18
7,running,92.52,0.42,208,2025-04-30 21:20:22,676.35,0.17
8,running,300,0.9,770,2025-04-30 21:20:22,672.39,0.19
9,running,108.36,0.9,528,2025-04-30 21:20:22,701.46,0.18
10,running,60,0.31,0,2025-04-30 21:20:22,692.91,0.18
1,running,176.38,0.9,1236,2025-04-30 21:20:32,748.79,0.18
2,running,98.61,0.42,431,2025-04-30 21:20:32,730.08,0.19
3,idle,60.0,0.2,0,2025-04-30 21:20:32,745.52,0.18
4,running,61.3,0.89,0,2025-04-30 21:20:32,779.5,0.2
5,running,108.04,0.7,56,2025-04-30 21:20:32,689.95,0.19
6,running,60,0.21,663,2025-04-30 21:20:32,766.99,0.18
7,running,157.18,0.88,704,2025-04-30 21:20:32,676.35,0.17
8,idle,60.0,0.2,0,2025-04-30 21:20:32,672.39,0.19
9,running,124.48,0.9,0,2025-04-30 21:20:32,701.46,0.18
10,running,79.78,0.8,311,2025-04-30 21:20:32,692.91,0.18
1,running,240.26,0.9,2041,2025-04-30 21:20:42,748.8,0.19
2,running,133.95,0.69,0,2025-04-30 21:20:42,730.08,0.19
3,running,112.07,0.22,4,2025-04-30 21:20:42,745.52,0.18
4,running,110.9,0.9,0,2025-04-30 21:20:42,779.5,0.2
5,running,166.62,0.9,0,2025-04-30 21:20:42,689.95,0.19
6,running,82.72,0.56,1026,2025-04-30 21:20:42,767.0,0.19
7,running,225.57,0.87,1470,2025-04-30 21:20:42,676.35,0.17
8,running,60,0.15,0,2025-04-30 21:20:42,672.4,0.2
9,running,87.55,0.9,0,2025-04-30 21:20:42,701.47,0.19
10,running,157.48,0.9,816,2025-04-30 21:20:42,692.91,0.18
1,running,247.63,0.9,1718,2025-04-30 21:20:52,748.8,0.19
2,running,189.09,0.86,457,2025-04-30 21:20:52,730.08,0.19
3,running,131.15,0.29,0,2025-04-30 21:20:52,745.52,0.18
4,running,105.02,0.9,0,2025-04-30 21:20:52,779.51,0.21
5,running,135.53,0.85,87,2025-04-30 21:20:52,689.95,0.19
6,running,142.23,0.76,760,2025-04-30 21:20:52,767.0,0.19
7,running,194.08,0.9,1066,2025-04-30 21:20:52,676.36,0.18
8,running,97.85,0.5,0,2025-04-30 21:20:52,672.4,0.2
9,running,158.93,0.9,382,2025-04-30 21:20:52,701.47,0.19
10,running,164.88,0.9,1693,2025-04-30 21:20:52,692.92,0.19
1,running,244.4,0.9,1678,2025-04-30 21:21:02,748.8,0.19
2,running,155.93,0.9,111,2025-04-30 21:21:02,730.09,0.2
3,idle,60.0,0.2,0,2025-04-30 21:21:02,745.52,0.18
4,error,60.0,0.2,0,2025-04-30 21:21:02,779.51,0.21
5,running,220.85,0.9,2,2025-04-30 21:21:02,689.95,0.19
6,running,162.3,0.81,0,2025-04-30 21:21:02,767.0,0.19
7,running,155.92,0.9,259,2025-04-30 21:21:02,676.36,0.18
8,running,194.89,0.51,932,2025-04-30 21:21:02,672.4,0.2
9,running,172.8,0.9,0,2025-04-30 21:21:02,701.47,0.19
10,running,165.3,0.9,1236,2025-04-30 21:21:02,692.92,0.19
1,running,264.46,0.9,1173,2025-04-30 21:21:12,748.8,0.19
2,running,131.14,0.88,177,2025-04-30 21:21:12,730.09,0.2
3,running,146.54,0.61,472,2025-04-30 21:21:12,745.53,0.19
4,idle,60.0,0.2,0,2025-04-30 21:21:12,779.51,0.21
5,running,242.15,0.9,20,2025-04-30 21:21:12,689.96,0.2
6,running,251.01,0.9,0,2025-04-30 21:21:12,767.0,0.19
7,running,182.58,0.9,1021,2025-04-30 21:21:12,676.36,0.18
8,running,233.23,0.89,1787,2025-04-30 21:21:12,672.41,0.21
9,running,224.78,0.9,587,2025-04-30 21:21:12,701.47,0.19
10,running,175.16,0.9,2044,2025-04-30 21:21:12,692.92,0.19
1,running,300,0.9,568,2025-04-30 21:21:22,748.81,0.2
2,running,142.44,0.9,945,2025-04-30 21:21:22,730.09,0.2
3,running,102.32,0.61,78,2025-04-30 21:21:22,745.53,0.19
4,running,89.8,0.43,0,2025-04-30 21:21:22,779.51,0.21
5,running,280.64,0.9,0,2025-04-30 21:21:22,689.96,0.2
6,error,60.0,0.2,0,2025-04-30 21:21:22,767.0,0.19
7,running,192.09,0.9,1609,2025-04-30 21:21:22,676.37,0.19
8,idle,60.0,0.2,0,2025-04-30 21:21:22,672.41,0.21
9,running,300,0.9,596,2025-04-30 21:21:22,701.48,0.2
10,running,174.41,0.87,3021,2025-04-30 21:21:22,692.92,0.19
1,idle,60.0,0.2,0,2025-04-30 21:21:32,748.81,0.2
2,running,136.69,0.87,1440,2025-04-30 21:21:32,730.1,0.21
3,running,91.5,0.9,0,2025-04-30 21:21:32,745.53,0.19
4,running,129.51,0.88,0,2025-04-30 21:21:32,779.51,0.21
5,running,300,0.9,776,2025-04-30 21:21:32,689.96,0.2
6,running,98.59,0.63,573,2025-04-30 21:21:32,767.01,0.2
7,running,228.7,0.9,1186,2025-04-30 21:21:32,676.37,0.19
8,running,60,0.67,0,2025-04-30 21:21:32,672.41,0.21
9,running,297.01,0.9,1000,2025-04-30 21:21:32,701.48,0.2
10,running,252.17,0.9,3914,2025-04-30 21:21:32,692.93,0.2
1,running,60,0.69,442,2025-04-30 21:21:42,748.81,0.2
2,running,104.05,0.9,2017,2025-04-30 21:21:42,730.1,0.21
3,error,60.0,0.2,0,2025-04-30 21:21:42,745.53,0.19
4,running,127.85,0.9,404,2025-04-30 21:21:42,779.51,0.21
5,idle,60.0,0.2,0,2025-04-30 21:21:42,689.96,0.2
6,running,148.01,0.81,933,2025-04-30 21:21:42,767.01,0.2
7,error,60.0,0.2,0,2025-04-30 21:21:42,676.37,0.19
8,running,81.92,0.77,0,2025-04-30 21:21:42,672.41,0.21
9,idle,60.0,0.2,0,2025-04-30 21:21:42,701.48,0.2
10,idle,60.0,0.2,0,2025-04-30 21:21:42,692.93,0.2
1,running,60,0.9,35,2025-04-30 21:21:52,748.81,0.2
2,running,79.85,0.9,2116,2025-04-30 21:21:52,730.1,0.21
3,running,99.88,0.16,359,2025-04-30 21:21:52,745.53,0.19
4,running,118.9,0.9,1245,2025-04-30 21:21:52,779.52,0.22
5,running,98.18,0.54,463,2025-04-30 21:21:52,689.97,0.21
6,running,189.53,0.9,479,2025-04-30 21:21:52,767.01,0.2
7,running,90.13,0.46,562,2025-04-30 21:21:52,676.37,0.19
8,error,60.0,0.2,0,2025-04-30 21:21:52,672.41,0.21
9,idle,60.0,0.2,0,2025-04-30 21:21:52,701.48,0.2
10,running,158.71,0.67,872,2025-04-30 21:21:52,692.93,0.2
1,running,60,0.9,935,2025-04-30 21:22:02,748.82,0.21
2,idle,60.0,0.2,0,2025-04-30 21:22:02,730.1,0.21
3,idle,60.0,0.2,0,2025-04-30 21:22:02,745.53,0.19
4,running,193.82,0.9,301,2025-04-30 21:22:02,779.52,0.22
5,running,73.07,0.9,0,2025-04-30 21:22:02,689.97,0.21
6,running,142.56,0.88,0,2025-04-30 21:22:02,767.02,0.21
7,running,174.45,0.81,81,2025-04-30 21:22:02,676.37,0.19
8,running,110.09,0.44,0,2025-04-30 21:22:02,672.41,0.21
9,running,60,0.51,0,2025-04-30 21:22:02,701.48,0.2
10,idle,60.0,0.2,0,2025-04-30 21:22:02,692.93,0.2
1,error,60.0,0.2,0,2025-04-30 21:22:12,748.82,0.21
2,error,60.0,0.2,0,2025-04-30 21:22:12,730.1,0.21
3,running,94.97,0.69,152,2025-04-30 21:22:12,745.54,0.2
4,idle,60.0,0.2,0,2025-04-30 21:22:12,779.52,0.22
5,running,63.83,0.9,773,2025-04-30 21:22:12,689.97,0.21
6,idle,60.0,0.2,0,2025-04-30 21:22:12,767.02,0.21
7,idle,60.0,0.2,0,2025-04-30 21:22:12,676.37,0.19
8,idle,60.0,0.2,0,2025-04-30 21:22:12,672.41,0.21
9,running,102.85,0.87,513,2025-04-30 21:22:12,701.49,0.21
10,running,60,0.46,0,2025-04-30 21:22:12,692.93,0.2
1,running,78.68,0.65,0,2025-04-30 21:22:22,748.82,0.21
2,running,60,0.46,0,2025-04-30 21:22:22,730.1,0.21
3,idle,60.0,0.2,0,2025-04-30 21:22:22,745.54,0.2
4,running,100.19,0.59,0,2025-04-30 21:22:22,779.52,0.22
5,running,73.63,0.86,1036,2025-04-30 21:22:22,689.97,0.21
6,running,60,0.47,613,2025-04-30 21:22:22,767.02,0.21
7,idle,60.0,0.2,0,2025-04-30 21:22:22,676.37,0.19
8,idle,60.0,0.2,0,2025-04-30 21:22:22,672.41,0.21
9,running,181.11,0.9,0,2025-04-30 21:22:22,701.49,0.21
10,running,60,0.52,799,2025-04-30 21:22:22,692.94,0.21
1,idle,60.0,0.2,0,2025-04-30 21:22:32,748.82,0.21
2,idle,60.0,0.2,0,2025-04-30 21:22:32,730.1,0.21
3,running,60,0.32,0,2025-04-30 21:22:32,745.54,0.2
4,idle,60.0,0.2,0,2025-04-30 21:22:32,779.52,0.22
5,running,60,0.9,1163,2025-04-30 21:22:32,689.98,0.22
6,running,60,0.82,937,2025-04-30 21:22:32,767.02,0.21
7,running,153.13,0.5,0,2025-04-30 21:22:32,676.38,0.2
8,running,77.95,0.47,288,2025-04-30 21:22:32,672.42,0.22
9,running,138.78,0.9,213,2025-04-30 21:22:32,701.49,0.21
10,running,153.91,0.9,0,2025-04-30 21:22:32,692.94,0.21
1,running,82.5,0.57,0,2025-04-30 21:22:42,748.82,0.21
2,running,60,0.49,726,2025-04-30 21:22:42,730.11,0.22
3,error,60.0,0.2,0,2025-04-30 21:22:42,745.54,0.2
4,running,84.93,0.36,781,2025-04-30 21:22:42,779.52,0.22
5,running,146.78,0.9,1141,2025-04-30 21:22:42,689.98,0.22
6,idle,60.0,0.2,0,2025-04-30 21:22:42,767.02,0.21
7,error,60.0,0.2,0,2025-04-30 21:22:42,676.38,0.2
8,running,176.59,0.61,0,2025-04-30 21:22:42,672.42,0.22
9,running,190.68,0.9,0,2025-04-30 21:22:42,701.49,0.21
10,running,194.22,0.9,0,2025-04-30 21:22:42,692.94,0.21
1,running,105.04,0.53,0,2025-04-30 21:22:52,748.82,0.21
2,running,97.75,0.76,427,2025-04-30 21:22:52,730.11,0.22
3,running,60,0.41,0,2025-04-30 21:22:52,745.54,0.2
4,error,60.0,0.2,0,2025-04-30 21:22:52,779.52,0.22
5,error,60.0,0.2,0,2025-04-30 21:22:52,689.98,0.22
6,running,72.52,0.25,0,2025-04-30 21:22:52,767.02,0.21
7,running,129.37,0.6,0,2025-04-30 21:22:52,676.38,0.2
8,running,199.17,0.9,46,2025-04-30 21:22:52,672.42,0.22
9,running,145.9,0.9,0,2025-04-30 21:22:52,701.5,0.22
10,running,250.53,0.9,240,2025-04-30 21:22:52,692.94,0.21
1,running,170.69,0.9,373,2025-04-30 21:23:02,748.83,0.22
2,running,79.31,0.9,0,2025-04-30 21:23:02,730.11,0.22
3,running,113.74,0.62,0,2025-04-30 21:23:02,745.55,0.21
4,running,83.71,0.67,325,2025-04-30 21:23:02,779.53,0.23
5,running,148.11,0.23,0,2025-04-30 21:23:02,689.98,0.22
6,running,104.07,0.5,0,2025-04-30 21:23:02,767.03,0.22
7,running,124.92,0.6,303,2025-04-30 21:23:02,676.38,0.2
8,running,191.19,0.9,197,2025-04-30 21:23:02,672.42,0.22
9,running,222.21,0.9,579,2025-04-30 21:23:02,701.5,0.22
10,running,244.64,0.9,106,2025-04-30 21:23:02,692.95,0.22
1,running,159.23,0.9,689,2025-04-30 21:23:12,748.83,0.22
2,running,60,0.88,963,2025-04-30 21:23:12,730.11,0.22
3,idle,60.0,0.2,0,2025-04-30 21:23:12,745.55,0.21
4,running,153.39,0.9,390,2025-04-30 21:23:12,779.53,0.23
5,idle,60.0,0.2,0,2025-04-30 21:23:12,689.98,0.22
6,running,148.61,0.69,878,2025-04-30 21:23:12,767.03,0.22
7,error,60.0,0.2,0,2025-04-30 21:23:12,676.38,0.2
8,running,159.88,0.9,0,2025-04-30 21:23:12,672.43,0.23
9,running,277.4,0.9,1335,2025-04-30 21:23:12,701.5,0.22
10,running,239.36,0.9,398,2025-04-30 21:23:12,692.95,0.22
1,running,128.66,0.9,355,2025-04-30 21:23:22,748.83,0.22
2,running,104.84,0.9,339,2025-04-30 21:23:22,730.12,0.23
3,running,60,0.68,0,2025-04-30 21:23:22,745.55,0.21
4,running,234.9,0.9,190,2025-04-30 21:23:22,779.53,0.23
5,running,60,0.42,397,2025-04-30 21:23:22,689.98,0.22
6,running,213.52,0.8,107,2025-04-30 21:23:22,767.03,0.22
7,running,94.49,0.28,51,2025-04-30 21:23:22,676.39,0.21
8,running,115.89,0.86,0,2025-04-30 21:23:22,672.43,0.23
9,idle,60.0,0.2,0,2025-04-30 21:23:22,701.5,0.22
10,running,251.51,0.86,1375,2025-04-30 21:23:22,692.95,0.22
1,running,142.74,0.9,0,2025-04-30 21:23:32,748.83,0.22
2,running,142.23,0.9,502,2025-04-30 21:23:32,730.12,0.23
3,running,65.2,0.9,0,2025-04-30 21:23:32,745.55,0.21
4,error,60.0,0.2,0,2025-04-30 21:23:32,779.53,0.23
5,idle,60.0,0.2,0,2025-04-30 21:23:32,689.98,0.22
6,running,163.58,0.9,749,2025-04-30 21:23:32,767.03,0.22
7,idle,60.0,0.2,0,2025-04-30 21:23:32,676.39,0.21
8,idle,60.0,0.2,0,2025-04-30 21:23:32,672.43,0.23
9,idle,60.0,0.2,0,2025-04-30 21:23:32,701.5,0.22
10,running,300,0.9,576,2025-04-30 21:23:32,692.95,0.22
1,running,127.3,0.9,524,2025-04-30 21:23:42,748.84,0.23
2,error,60.0,0.2,0,2025-04-30 21:23:42,730.12,0.23
3,running,78.15,0.9,183,2025-04-30 21:23:42,745.55,0.21
4,error,60.0,0.2,0,2025-04-30 21:23:42,779.53,0.23
5,running,90.34,0.31,331,2025-04-30 21:23:42,689.99,0.23
6,error,60.0,0.2,0,2025-04-30 21:23:42,767.03,0.22
7,running,60,0.57,434,2025-04-30 21:23:42,676.39,0.21
8,running,104.78,0.24,914,2025-04-30 21:23:42,672.43,0.23
9,running,60,0.55,131,2025-04-30 21:23:42,701.5,0.22
10,running,300,0.9,1550,2025-04-30 21:23:42,692.96,0.23
1,running,83.49,0.9,1018,2025-04-30 21:23:52,748.84,0.23
2,running,60,0.51,0,2025-04-30 21:23:52,730.12,0.23
3,running,176.82,0.9,924,2025-04-30 21:23:52,745.56,0.22
4,running,60,0.42,0,2025-04-30 21:23:52,779.54,0.24
5,running,188.54,0.79,0,2025-04-30 21:23:52,689.99,0.23
6,running,129.58,0.59,3,2025-04-30 21:23:52,767.04,0.23
7,running,82.97,0.9,595,2025-04-30 21:23:52,676.39,0.21
8,running,62.94,0.3,1705,2025-04-30 21:23:52,672.44,0.24
9,idle,60.0,0.2,0,2025-04-30 21:23:52,701.5,0.22
10,running,300,0.9,1208,2025-04-30 21:23:52,692.96,0.23
1,running,120.51,0.9,216,2025-04-30 21:24:02,748.84,0.23
2,running,60,0.75,265,2025-04-30 21:24:02,730.13,0.24
3,running,150.8,0.9,994,2025-04-30 21:24:02,745.56,0.22
4,idle,60.0,0.2,0,2025-04-30 21:24:02,779.54,0.24
5,running,161.62,0.9,0,2025-04-30 21:24:02,689.99,0.23
6,running,208.95,0.81,0,2025-04-30 21:24:02,767.04,0.23
7,running,119.08,0.9,1242,2025-04-30 21:24:02,676.39,0.21
8,running,60,0.69,1818,2025-04-30 21:24:02,672.44,0.24
9,idle,60.0,0.2,0,2025-04-30 21:24:02,701.5,0.22
10,running,289.63,0.9,531,2025-04-30 21:24:02,692.96,0.23
1,running,109.33,0.9,1018,2025-04-30 21:24:12,748.85,0.24
2,running,111.55,0.75,1250,2025-04-30 21:24:12,730.13,0.24
3,running,146.71,0.87,1029,2025-04-30 21:24:12,745.56,0.22
4,idle,60.0,0.2,0,2025-04-30 21:24:12,779.54,0.24
5,running,147.57,0.9,879,2025-04-30 21:24:12,690.0,0.24
6,running,170.67,0.9,506,2025-04-30 21:24:12,767.04,0.23
7,running,104.66,0.9,1443,2025-04-30 21:24:12,676.4,0.22
8,running,60,0.9,1300,2025-04-30 21:24:12,672.44,0.24
9,running,91.19,0.2,151,2025-04-30 21:24:12,701.51,0.23
10,running,279.86,0.9,1273,2025-04-30 21:24:12,692.97,0.24
1,error,60.0,0.2,0,2025-04-30 21:24:22,748.85,0.24
2,running,206.22,0.9,2158,2025-04-30 21:24:22,730.13,0.24
3,idle,60.0,0.2,0,2025-04-30 21:24:22,745.56,0.22
4,running,102.24,0.63,139,2025-04-30 21:24:22,779.54,0.24
5,running,230.8,0.9,909,2025-04-30 21:24:22,690.0,0.24
6,error,60.0,0.2,0,2025-04-30 21:24:22,767.04,0.23
7,idle,60.0,0.2,0,2025-04-30 21:24:22,676.4,0.22
8,running,60,0.9,873,2025-04-30 21:24:22,672.44,0.24
9,running,60,0.68,136,2025-04-30 21:24:22,701.51,0.23
10,running,272.83,0.9,750,2025-04-30 21:24:22,692.97,0.24
1,idle,60.0,0.2,0,2025-04-30 21:24:32,748.85,0.24
2,running,162.03,0.9,1936,2025-04-30 21:24:32,730.13,0.24
3,running,60,0.25,266,2025-04-30 21:24:32,745.56,0.22
4,running,73.39,0.9,834,2025-04-30 21:24:32,779.54,0.24
5,idle,60.0,0.2,0,2025-04-30 21:24:32,690.0,0.24
6,running,60,0.55,0,2025-04-30 21:24:32,767.05,0.24
7,running,103.83,0.2,233,2025-04-30 21:24:32,676.4,0.22
8,running,94.17,0.9,1742,2025-04-30 21:24:32,672.45,0.25
9,running,60.97,0.9,288,2025-04-30 21:24:32,701.51,0.23
10,running,238.21,0.9,1621,2025-04-30 21:24:32,692.97,0.24
1,running,143.2,0.46,0,2025-04-30 21:24:42,748.85,0.24
2,running,261.89,0.9,2271,2025-04-30 21:24:42,730.14,0.25
3,running,64.47,0.29,0,2025-04-30 21:24:42,745.57,0.23
4,running,60,0.9,1173,2025-04-30 21:24:42,779.54,0.24
5,running,60,0.69,538,2025-04-30 21:24:42,690.0,0.24
6,idle,60.0,0.2,0,2025-04-30 21:24:42,767.05,0.24
7,running,136.89,0.54,0,2025-04-30 21:24:42,676.4,0.22
8,running,86.48,0.9,2291,2025-04-30 21:24:42,672.45,0.25
9,running,150.95,0.9,348,2025-04-30 21:24:42,701.52,0.24
10,idle,60.0,0.2,0,2025-04-30 21:24:42,692.97,0.24
1,running,95.7,0.56,0,2025-04-30 21:24:52,748.85,0.24
2,running,264.19,0.9,2533,2025-04-30 21:24:52,730.14,0.25
3,running,85.8,0.64,0,2025-04-30 21:24:52,745.57,0.23
4,idle,60.0,0.2,0,2025-04-30 21:24:52,779.54,0.24
5,error,60.0,0.2,0,2025-04-30 21:24:52,690.0,0.24
6,running,148.85,0.38,0,2025-04-30 21:24:52,767.05,0.24
7,running,223.29,0.75,0,2025-04-30 21:24:52,676.4,0.22
8,running,154.7,0.9,2751,2025-04-30 21:24:52,672.45,0.25
9,running,200.88,0.88,956,2025-04-30 21:24:52,701.52,0.24
10,running,60,0.68,0,2025-04-30 21:24:52,692.97,0.24
1,idle,60.0,0.2,0,2025-04-30 21:25:02,748.85,0.24
2,running,295.29,0.89,1688,2025-04-30 21:25:02,730.14,0.25
3,running,123.37,0.76,0,2025-04-30 21:25:02,745.57,0.23
4,running,108.08,0.34,497,2025-04-30 21:25:02,779.55,0.25
5,running,111.76,0.65,201,2025-04-30 21:25:02,690.0,0.24
6,running,233.12,0.76,0,2025-04-30 21:25:02,767.05,0.24
7,idle,60.0,0.2,0,2025-04-30 21:25:02,676.4,0.22
8,running,243.07,0.9,2279,2025-04-30 21:25:02,672.46,0.26
9,running,277.37,0.9,1035,2025-04-30 21:25:02,701.52,0.24
10,running,60,0.69,242,2025-04-30 21:25:02,692.98,0.25
1,running,126.16,0.45,853,2025-04-30 21:25:12,748.85,0.24
2,running,300,0.9,1240,2025-04-30 21:25:12,730.15,0.26
3,running,192.86,0.9,0,2025-04-30 21:25:12,745.58,0.24
4,idle,60.0,0.2,0,2025-04-30 21:25:12,779.55,0.25
5,running,92.59,0.87,0,2025-04-30 21:25:12,690.01,0.25
6,running,290.18,0.8,0,2025-04-30 21:25:12,767.05,0.24
7,running,88.05,0.32,0,2025-04-30 21:25:12,676.41,0.23
8,running,300,0.87,2118,2025-04-30 21:25:12,672.46,0.26
9,running,252.65,0.9,345,2025-04-30 21:25:12,701.52,0.24
10,running,107.69,0.84,0,2025-04-30 21:25:12,692.98,0.25
1,running,132.89,0.88,1792,2025-04-30 21:25:22,748.86,0.25
2,running,300,0.9,1628,2025-04-30 21:25:22,730.15,0.26
3,running,256.0,0.9,0,2025-04-30 21:25:22,745.58,0.24
4,running,60,0.38,0,2025-04-30 21:25:22,779.55,0.25
5,idle,60.0,0.2,0,2025-04-30 21:25:22,690.01,0.25
6,idle,60.0,0.2,0,2025-04-30 21:25:22,767.05,0.24
7,running,84.44,0.45,57,2025-04-30 21:25:22,676.41,0.23
8,running,300,0.9,1948,2025-04-30 21:25:22,672.46,0.26
9,running,236.47,0.9,0,2025-04-30 21:25:22,701.53,0.25
10,running,188.91,0.86,0,2025-04-30 21:25:22,692.98,0.25
1,running,197.45,0.9,2399,2025-04-30 21:25:32,748.86,0.25
2,running,300,0.9,1836,2025-04-30 21:25:32,730.15,0.26
3,running,300,0.9,490,2025-04-30 21:25:32,745.58,0.24
4,idle,60.0,0.2,0,2025-04-30 21:25:32,779.55,0.25
5,running,76.21,0.21,0,2025-04-30 21:25:32,690.01,0.25
6,idle,60.0,0.2,0,2025-04-30 21:25:32,767.05,0.24
7,idle,60.0,0.2,0,2025-04-30 21:25:32,676.41,0.23
8,idle,60.0,0.2,0,2025-04-30 21:25:32,672.46,0.26
9,running,238.23,0.9,869,2025-04-30 21:25:32,701.53,0.25
10,idle,60.0,0.2,0,2025-04-30 21:25:32,692.98,0.25
1,running,174.14,0.9,3329,2025-04-30 21:25:42,748.86,0.25
2,running,278.17,0.9,1271,2025-04-30 21:25:42,730.15,0.26
3,running,290.94,0.9,1106,2025-04-30 21:25:42,745.58,0.24
4,idle,60.0,0.2,0,2025-04-30 21:25:42,779.55,0.25
5,idle,60.0,0.2,0,2025-04-30 21:25:42,690.01,0.25
6,running,84.2,0.54,0,2025-04-30 21:25:42,767.06,0.25
7,running,148.73,0.68,0,2025-04-30 21:25:42,676.41,0.23
8,running,60,0.32,430,2025-04-30 21:25:42,672.46,0.26
9,idle,60.0,0.2,0,2025-04-30 21:25:42,701.53,0.25
10,running,144.35,0.39,992,2025-04-30 21:25:42,692.99,0.26
1,running,174.83,0.9,3173,2025-04-30 21:25:52,748.87,0.26
2,running,300,0.9,290,2025-04-30 21:25:52,730.16,0.27
3,running,300,0.9,1226,2025-04-30 21:25:52,745.59,0.25
4,running,63.63,0.47,0,2025-04-30 21:25:52,779.55,0.25
5,running,103.91,0.18,0,2025-04-30 21:25:52,690.01,0.25
6,running,122.92,0.69,0,2025-04-30 21:25:52,767.06,0.25
7,running,214.48,0.87,0,2025-04-30 21:25:52,676.42,0.24
8,idle,60.0,0.2,0,2025-04-30 21:25:52,672.46,0.26
9,running,99.99,0.22,422,2025-04-30 21:25:52,701.53,0.25
10,idle,60.0,0.2,0,2025-04-30 21:25:52,692.99,0.26
1,running,230.1,0.9,3419,2025-04-30 21:26:02,748.87,0.26
2,running,295.72,0.9,240,2025-04-30 21:26:02,730.16,0.27
3,running,298.49,0.9,1197,2025-04-30 21:26:02,745.59,0.25
4,running,159.68,0.65,0,2025-04-30 21:26:02,779.56,0.26
5,running,102.98,0.49,828,2025-04-30 21:26:02,690.02,0.26
6,running,73.29,0.9,951,2025-04-30 21:26:02,767.06,0.25
7,running,245.28,0.9,0,2025-04-30 21:26:02,676.42,0.24
8,running,60,0.24,737,2025-04-30 21:26:02,672.47,0.27
9,running,98.3,0.19,935,2025-04-30 21:26:02,701.54,0.26
10,running,60,0.3,0,2025-04-30 21:26:02,692.99,0.26
1,idle,60.0,0.2,0,2025-04-30 21:26:12,748.87,0.26
2,running,300,0.9,60,2025-04-30 21:26:12,730.16,0.27
3,idle,60.0,0.2,0,2025-04-30 21:26:12,745.59,0.25
4,running,250.68,0.9,0,2025-04-30 21:26:12,779.56,0.26
5,running,170.48,0.85,151,2025-04-30 21:26:12,690.02,0.26
6,idle,60.0,0.2,0,2025-04-30 21:26:12,767.06,0.25
7,running,300,0.9,0,2025-04-30 21:26:12,676.42,0.24
8,error,60.0,0.2,0,2025-04-30 21:26:12,672.47,0.27
9,running,103.26,0.43,1546,2025-04-30 21:26:12,701.54,0.26
10,error,60.0,0.2,0,2025-04-30 21:26:12,692.99,0.26
1,idle,60.0,0.2,0,2025-04-30 21:26:22,748.87,0.26
2,running,300,0.9,39,2025-04-30 21:26:22,730.16,0.27
3,running,60,0.45,702,2025-04-30 21:26:22,745.59,0.25
4,running,235.76,0.9,0,2025-04-30 21:26:22,779.56,0.26
5,idle,60.0,0.2,0,2025-04-30 21:26:22,690.02,0.26
6,error,60.0,0.2,0,2025-04-30 21:26:22,767.06,0.25
7,error,60.0,0.2,0,2025-04-30 21:26:22,676.42,0.24
8,running,110.91,0.53,743,2025-04-30 21:26:22,672.47,0.27
9,running,104.88,0.9,1886,2025-04-30 21:26:22,701.54,0.26
10,running,60,0.19,79,2025-04-30 21:26:22,692.99,0.26
1,running,83.93,0.28,0,2025-04-30 21:26:32,748.87,0.26
2,error,60.0,0.2,0,2025-04-30 21:26:32,730.16,0.27
3,running,88.24,0.46,1439,2025-04-30 21:26:32,745.6,0.26
4,error,60.0,0.2,0,2025-04-30 21:26:32,779.56,0.26
5,running,60,0.46,731,2025-04-30 21:26:32,690.02,0.26
6,running,60,0.16,686,2025-04-30 21:26:32,767.07,0.26
7,running,151.08,0.25,0,2025-04-30 21:26:32,676.42,0.24
8,running,95.75,0.89,1008,2025-04-30 21:26:32,672.47,0.27
9,running,60.28,0.9,904,2025-04-30 21:26:32,701.54,0.26
10,running,91.84,0.4,389,2025-04-30 21:26:32,692.99,0.26
1,running,183.23,0.26,0,2025-04-30 21:26:42,748.87,0.26
2,running,60,0.7,358,2025-04-30 21:26:42,730.17,0.28
3,running,65.83,0.58,1417,2025-04-30 21:26:42,745.6,0.26
4,running,60,0.43,128,2025-04-30 21:26:42,779.56,0.26
5,running,60,0.86,1395,2025-04-30 21:26:42,690.02,0.26
6,running,60,0.16,174,2025-04-30 21:26:42,767.07,0.26
7,running,118.72,0.46,0,2025-04-30 21:26:42,676.43,0.25
8,running,188.94,0.9,579,2025-04-30 21:26:42,672.47,0.27
9,running,159.21,0.9,1217,2025-04-30 21:26:42,701.55,0.27
10,running,107.53,0.66,0,2025-04-30 21:26:42,693.0,0.27
1,running,202.98,0.72,0,2025-04-30 21:26:52,748.88,0.27
2,running,60,0.9,764,2025-04-30 21:26:52,730.17,0.28
3,running,84.71,0.75,800,2025-04-30 21:26:52,745.6,0.26
4,running,124.82,0.9,13,2025-04-30 21:26:52,779.57,0.27
5,running,120.56,0.9,1226,2025-04-30 21:26:52,690.03,0.27
6,idle,60.0,0.2,0,2025-04-30 21:26:52,767.07,0.26
7,running,90.21,0.9,0,2025-04-30 21:26:52,676.43,0.25
8,running,272.2,0.9,1354,2025-04-30 21:26:52,672.48,0.28
9,running,162.86,0.9,1103,2025-04-30 21:26:52,701.55,0.27
10,running,181.17,0.9,535,2025-04-30 21:26:52,693.0,0.27
1,running,257.07,0.9,0,2025-04-30 21:27:02,748.88,0.27
2,running,79.37,0.9,1549,2025-04-30 21:27:02,730.17,0.28
3,running,180.72,0.9,32,2025-04-30 21:27:02,745.6,0.26
4,running,158.62,0.9,9,2025-04-30 21:27:02,779.57,0.27
5,running,152.41,0.86,2151,2025-04-30 21:27:02,690.03,0.27
6,running,60,0.35,0,2025-04-30 21:27:02,767.07,0.26
7,running,91.69,0.89,26,2025-04-30 21:27:02,676.43,0.25
8,running,262.11,0.9,577,2025-04-30 21:27:02,672.48,0.28
9,idle,60.0,0.2,0,2025-04-30 21:27:02,701.55,0.27
10,running,153.12,0.9,537,2025-04-30 21:27:02,693.0,0.27
1,running,300,0.9,6,2025-04-30 21:27:12,748.88,0.27
2,running,60,0.9,712,2025-04-30 21:27:12,730.18,0.29
3,running,204.17,0.9,0,2025-04-30 21:27:12,745.61,0.27
4,running,128.41,0.9,346,2025-04-30 21:27:12,779.57,0.27
5,running,224.23,0.9,2202,2025-04-30 21:27:12,690.03,0.27
6,running,60,0.48,469,2025-04-30 21:27:12,767.07,0.26
7,running,171.4,0.9,0,2025-04-30 21:27:12,676.44,0.26
8,running,222.91,0.9,1343,2025-04-30 21:27:12,672.48,0.28
9,running,60,0.22,0,2025-04-30 21:27:12,701.55,0.27
10,running,127.14,0.9,352,2025-04-30 21:27:12,693.0,0.27
1,idle,60.0,0.2,0,2025-04-30 21:27:22,748.88,0.27
2,running,120.3,0.9,630,2025-04-30 21:27:22,730.18,0.29
3,running,245.63,0.9,459,2025-04-30 21:27:22,745.61,0.27
4,running,154.39,0.9,0,2025-04-30 21:27:22,779.57,0.27
5,idle,60.0,0.2,0,2025-04-30 21:27:22,690.03,0.27
6,running,132.67,0.44,716,2025-04-30 21:27:22,767.08,0.27
7,running,251.26,0.9,0,2025-04-30 21:27:22,676.44,0.26
8,running,215.41,0.9,1721,2025-04-30 21:27:22,672.49,0.29
9,idle,60.0,0.2,0,2025-04-30 21:27:22,701.55,0.27
10,running,213.33,0.9,0,2025-04-30 21:27:22,693.01,0.28
1,idle,60.0,0.2,0,2025-04-30 21:27:32,748.88,0.27
2,idle,60.0,0.2,0,2025-04-30 21:27:32,730.18,0.29
3,idle,60.0,0.2,0,2025-04-30 21:27:32,745.61,0.27
4,running,252.8,0.9,0,2025-04-30 21:27:32,779.58,0.28
5,idle,60.0,0.2,0,2025-04-30 21:27:32,690.03,0.27
6,running,131.03,0.47,426,2025-04-30 21:27:32,767.08,0.27
7,running,217.11,0.9,0,2025-04-30 21:27:32,676.44,0.26
8,running,300,0.9,2274,2025-04-30 21:27:32,672.49,0.29
9,running,114.27,0.65,0,2025-04-30 21:27:32,701.55,0.27
10,running,244.52,0.9,395,2025-04-30 21:27:32,693.01,0.28
1,idle,60.0,0.2,0,2025-04-30 21:27:42,748.88,0.27
2,running,124.53,0.21,26,2025-04-30 21:27:42,730.18,0.29
3,running,125.45,0.36,265,2025-04-30 21:27:42,745.61,0.27
4,running,300,0.88,164,2025-04-30 21:27:42,779.58,0.28
5,error,60.0,0.2,0,2025-04-30 21:27:42,690.03,0.27
6,running,146.4,0.62,83,2025-04-30 21:27:42,767.08,0.27
7,running,299.57,0.86,0,2025-04-30 21:27:42,676.44,0.26
8,idle,60.0,0.2,0,2025-04-30 21:27:42,672.49,0.29
9,running,112.7,0.66,0,2025-04-30 21:27:42,701.56,0.28
10,idle,60.0,0.2,0,2025-04-30 21:27:42,693.01,0.28
1,running,111.04,0.61,371,2025-04-30 21:27:52,748.88,0.27
2,idle,60.0,0.2,0,2025-04-30 21:27:52,730.18,0.29
3,idle,60.0,0.2,0,2025-04-30 21:27:52,745.61,0.27
4,running,300,0.9,0,2025-04-30 21:27:52,779.58,0.28
5,running,60,0.3,0,2025-04-30 21:27:52,690.03,0.27
6,running,243.1,0.88,0,2025-04-30 21:27:52,767.08,0.27
7,running,300,0.9,0,2025-04-30 21:27:52,676.45,0.27
8,running,107.86,0.65,0,2025-04-30 21:27:52,672.49,0.29
9,idle,60.0,0.2,0,2025-04-30 21:27:52,701.56,0.28
10,running,88.5,0.59,0,2025-04-30 21:27:52,693.01,0.28
1,idle,60.0,0.2,0,2025-04-30 21:28:02,748.88,0.27
2,running,64.83,0.29,0,2025-04-30 21:28:02,730.18,0.29
3,running,85.73,0.27,569,2025-04-30 21:28:02,745.61,0.27
4,running,300,0.9,0,2025-04-30 21:28:02,779.59,0.29
5,running,127.25,0.71,253,2025-04-30 21:28:02,690.04,0.28
6,running,207.06,0.9,155,2025-04-30 21:28:02,767.09,0.28
7,running,300,0.9,948,2025-04-30 21:28:02,676.45,0.27
8,running,154.05,0.68,471,2025-04-30 21:28:02,672.49,0.29
9,running,98.28,0.38,77,2025-04-30 21:28:02,701.56,0.28
10,running,60,0.69,863,2025-04-30 21:28:02,693.02,0.29
1,running,60,0.3,801,2025-04-30 21:28:12,748.89,0.28
2,running,152.02,0.7,686,2025-04-30 21:28:12,730.19,0.3
3,idle,60.0,0.2,0,2025-04-30 21:28:12,745.61,0.27
4,running,300,0.9,0,2025-04-30 21:28:12,779.59,0.29
5,running,152.66,0.9,1242,2025-04-30 21:28:12,690.04,0.28
6,running,225.12,0.9,0,2025-04-30 21:28:12,767.09,0.28
7,running,277.43,0.9,671,2025-04-30 21:28:12,676.45,0.27
8,idle,60.0,0.2,0,2025-04-30 21:28:12,672.49,0.29
9,running,146.59,0.81,955,2025-04-30 21:28:12,701.56,0.28
10,running,72.63,0.77,1433,2025-04-30 21:28:12,693.02,0.29
1,running,155.66,0.66,889,2025-04-30 21:28:22,748.89,0.28
2,running,174.7,0.69,0,2025-04-30 21:28:22,730.19,0.3
3,running,60,0.19,347,2025-04-30 21:28:22,745.62,0.28
4,running,300,0.9,541,2025-04-30 21:28:22,779.59,0.29
5,running,161.96,0.9,1342,2025-04-30 21:28:22,690.04,0.28
6,running,270.0,0.9,499,2025-04-30 21:28:22,767.09,0.28
7,running,300,0.9,947,2025-04-30 21:28:22,676.45,0.27
8,running,112.74,0.63,232,2025-04-30 21:28:22,672.5,0.3
9,running,186.98,0.9,312,2025-04-30 21:28:22,701.57,0.29
10,running,104.19,0.9,1064,2025-04-30 21:28:22,693.02,0.29
1,idle,60.0,0.2,0,2025-04-30 21:28:32,748.89,0.28
2,idle,60.0,0.2,0,2025-04-30 21:28:32,730.19,0.3
3,idle,60.0,0.2,0,2025-04-30 21:28:32,745.62,0.28
4,running,291.62,0.9,942,2025-04-30 21:28:32,779.59,0.29
5,idle,60.0,0.2,0,2025-04-30 21:28:32,690.04,0.28
6,error,60.0,0.2,0,2025-04-30 21:28:32,767.09,0.28
7,running,300,0.9,1772,2025-04-30 21:28:32,676.46,0.28
8,running,164.88,0.9,0,2025-04-30 21:28:32,672.5,0.3
9,running,160.12,0.9,685,2025-04-30 21:28:32,701.57,0.29
10,running,180.65,0.9,1029,2025-04-30 21:28:32,693.02,0.29
1,running,60,0.68,356,2025-04-30 21:28:42,748.89,0.28
2,idle,60.0,0.2,0,2025-04-30 21:28:42,730.19,0.3
3,running,65.66,0.32,155,2025-04-30 21:28:42,745.62,0.28
4,running,300,0.9,1788,2025-04-30 21:28:42,779.6,0.3
5,idle,60.0,0.2,0,2025-04-30 21:28:42,690.04,0.28
6,running,127.44,0.35,0,2025-04-30 21:28:42,767.1,0.29
7,running,300,0.9,1389,2025-04-30 21:28:42,676.46,0.28
8,running,226.49,0.9,0,2025-04-30 21:28:42,672.5,0.3
9,running,242.7,0.9,1664,2025-04-30 21:28:42,701.57,0.29
10,running,184.14,0.9,945,2025-04-30 21:28:42,693.03,0.3
1,running,60,0.9,584,2025-04-30 21:28:52,748.9,0.29
2,running,68.86,0.57,830,2025-04-30 21:28:52,730.19,0.3
3,error,60.0,0.2,0,2025-04-30 21:28:52,745.62,0.28
4,idle,60.0,0.2,0,2025-04-30 21:28:52,779.6,0.3
5,running,63.62,0.23,0,2025-04-30 21:28:52,690.05,0.29
6,running,89.51,0.43,0,2025-04-30 21:28:52,767.1,0.29
7,running,300,0.9,1393,2025-04-30 21:28:52,676.46,0.28
8,running,235.52,0.88,0,2025-04-30 21:28:52,672.51,0.31
9,error,60.0,0.2,0,2025-04-30 21:28:52,701.57,0.29
10,running,194.73,0.9,1088,2025-04-30 21:28:52,693.03,0.3
1,running,60,0.9,334,2025-04-30 21:29:02,748.9,0.29
2,running,116.48,0.64,1,2025-04-30 21:29:02,730.2,0.31
3,running,135.42,0.58,270,2025-04-30 21:29:02,745.62,0.28
4,idle,60.0,0.2,0,2025-04-30 21:29:02,779.6,0.3
5,running,151.17,0.61,0,2025-04-30 21:29:02,690.05,0.29
6,running,96.76,0.85,0,2025-04-30 21:29:02,767.1,0.29
7,running,267.96,0.9,599,2025-04-30 21:29:02,676.47,0.29
8,running,300,0.9,486,2025-04-30 21:29:02,672.51,0.31
9,running,120.07,0.3,0,2025-04-30 21:29:02,701.57,0.29
10,idle,60.0,0.2,0,2025-04-30 21:29:02,693.03,0.3
1,running,97.83,0.9,921,2025-04-30 21:29:12,748.9,0.29
2,running,108.51,0.85,965,2025-04-30 21:29:12,730.2,0.31
3,running,167.42,0.89,596,2025-04-30 21:29:12,745.63,0.29
4,running,66.82,0.25,580,2025-04-30 21:29:12,779.6,0.3
5,running,202.33,0.9,438,2025-04-30 21:29:12,690.05,0.29
6,idle,60.0,0.2,0,2025-04-30 21:29:12,767.1,0.29
7,running,271.32,0.9,1004,2025-04-30 21:29:12,676.47,0.29
8,running,300,0.9,783,2025-04-30 21:29:12,672.51,0.31
9,running,132.07,0.52,537,2025-04-30 21:29:12,701.58,0.3
10,running,132.88,0.51,2,2025-04-30 21:29:12,693.03,0.3
1,running,134.89,0.88,0,2025-04-30 21:29:22,748.9,0.29
2,running,139.52,0.83,1275,2025-04-30 21:29:22,730.2,0.31
3,running,185.58,0.9,1192,2025-04-30 21:29:22,745.63,0.29
4,running,60,0.72,997,2025-04-30 21:29:22,779.6,0.3
5,running,286.02,0.9,732,2025-04-30 21:29:22,690.05,0.29
6,idle,60.0,0.2,0,2025-04-30 21:29:22,767.1,0.29
7,running,284.51,0.9,724,2025-04-30 21:29:22,676.47,0.29
8,running,300,0.9,504,2025-04-30 21:29:22,672.51,0.31
9,running,164.49,0.9,0,2025-04-30 21:29:22,701.58,0.3
10,running,137.52,0.9,76,2025-04-30 21:29:22,693.04,0.31
1,running,116.94,0.9,50,2025-04-30 21:29:32,748.91,0.3
2,running,191.38,0.9,1329,2025-04-30 21:29:32,730.2,0.31
3,idle,60.0,0.2,0,2025-04-30 21:29:32,745.63,0.29
4,running,67.71,0.9,1874,2025-04-30 21:29:32,779.61,0.31
5,running,300,0.9,163,2025-04-30 21:29:32,690.06,0.3
6,running,60,0.18,0,2025-04-30 21:29:32,767.1,0.29
7,running,278.93,0.9,194,2025-04-30 21:29:32,676.47,0.29
8,running,296.39,0.9,0,2025-04-30 21:29:32,672.52,0.32
9,running,201.38,0.9,0,2025-04-30 21:29:32,701.58,0.3
10,running,185.03,0.9,886,2025-04-30 21:29:32,693.04,0.31
1,running,136.46,0.9,97,2025-04-30 21:29:42,748.91,0.3
2,idle,60.0,0.2,0,2025-04-30 21:29:42,730.2,0.31
3,running,94.18,0.17,318,2025-04-30 21:29:42,745.63,0.29
4,running,138.11,0.9,2554,2025-04-30 21:29:42,779.61,0.31
5,running,300,0.9,354,2025-04-30 21:29:42,690.06,0.3
6,running,156.06,0.37,798,2025-04-30 21:29:42,767.11,0.3
7,idle,60.0,0.2,0,2025-04-30 21:29:42,676.47,0.29
8,running,283.22,0.9,0,2025-04-30 21:29:42,672.52,0.32
9,running,200.39,0.9,0,2025-04-30 21:29:42,701.59,0.31
10,running,144.67,0.9,469,2025-04-30 21:29:42,693.04,0.31
1,running,96.92,0.9,535,2025-04-30 21:29:52,748.91,0.3
2,running,60,0.65,0,2025-04-30 21:29:52,730.21,0.32
3,running,182.07,0.28,198,2025-04-30 21:29:52,745.63,0.29
4,running,235.19,0.9,3401,2025-04-30 21:29:52,779.61,0.31
5,running,271.82,0.9,0,2025-04-30 21:29:52,690.06,0.3
6,idle,60.0,0.2,0,2025-04-30 21:29:52,767.11,0.3
7,running,154.07,0.3,0,2025-04-30 21:29:52,676.48,0.3
8,idle,60.0,0.2,0,2025-04-30 21:29:52,672.52,0.32
9,idle,60.0,0.2,0,2025-04-30 21:29:52,701.59,0.31
10,running,169.92,0.9,0,2025-04-30 21:29:52,693.04,0.31
1,running,62.84,0.9,187,2025-04-30 21:30:02,748.92,0.31
2,running,109.53,0.9,785,2025-04-30 21:30:02,730.21,0.32
3,error,60.0,0.2,0,2025-04-30 21:30:02,745.63,0.29
4,idle,60.0,0.2,0,2025-04-30 21:30:02,779.61,0.31
5,running,248.56,0.9,232,2025-04-30 21:30:02,690.07,0.31
6,running,126.2,0.56,966,2025-04-30 21:30:02,767.11,0.3
7,running,219.91,0.71,969,2025-04-30 21:30:02,676.48,0.3
8,running,105.69,0.31,0,2025-04-30 21:30:02,672.52,0.32
9,idle,60.0,0.2,0,2025-04-30 21:30:02,701.59,0.31
10,running,145.01,0.9,643,2025-04-30 21:30:02,693.05,0.32
1,running,105.59,0.9,656,2025-04-30 21:30:12,748.92,0.31
2,running,72.13,0.9,0,2025-04-30 21:30:12,730.21,0.32
3,running,156.7,0.29,145,2025-04-30 21:30:12,745.64,0.3
4,running,60,0.25,27,2025-04-30 21:30:12,779.61,0.31
5,running,208.1,0.9,0,2025-04-30 21:30:12,690.07,0.31
6,running,90.46,0.76,1710,2025-04-30 21:30:12,767.11,0.3
7,running,300,0.9,786,2025-04-30 21:30:12,676.48,0.3
8,running,181.27,0.78,0,2025-04-30 21:30:12,672.52,0.32
9,idle,60.0,0.2,0,2025-04-30 21:30:12,701.59,0.31
10,running,170.8,0.9,0,2025-04-30 21:30:12,693.05,0.32
1,running,166.19,0.9,40,2025-04-30 21:30:22,748.92,0.31
2,idle,60.0,0.2,0,2025-04-30 21:30:22,730.21,0.32
3,running,142.64,0.67,0,2025-04-30 21:30:22,745.64,0.3
4,running,134.8,0.3,0,2025-04-30 21:30:22,779.62,0.32
5,running,247.78,0.9,270,2025-04-30 21:30:22,690.07,0.31
6,running,60,0.9,1572,2025-04-30 21:30:22,767.12,0.31
7,running,298.44,0.9,1712,2025-04-30 21:30:22,676.49,0.31
8,idle,60.0,0.2,0,2025-04-30 21:30:22,672.52,0.32
9,running,145.25,0.31,79,2025-04-30 21:30:22,701.59,0.31
10,running,147.91,0.9,0,2025-04-30 21:30:22,693.05,0.32
1,running,204.12,0.9,997,2025-04-30 21:30:32,748.92,0.31
2,running,93.29,0.55,0,2025-04-30 21:30:32,730.21,0.32
3,running,169.29,0.9,0,2025-04-30 21:30:32,745.64,0.3
4,running,139.54,0.36,0,2025-04-30 21:30:32,779.62,0.32
5,running,248.88,0.9,902,2025-04-30 21:30:32,690.07,0.31
6,running,60,0.9,677,2025-04-30 21:30:32,767.12,0.31
7,running,300,0.9,1925,2025-04-30 21:30:32,676.49,0.31
8,running,71.38,0.7,0,2025-04-30 21:30:32,672.53,0.33
9,idle,60.0,0.2,0,2025-04-30 21:30:32,701.59,0.31
10,error,60.0,0.2,0,2025-04-30 21:30:32,693.05,0.32
1,running,271.13,0.9,1512,2025-04-30 21:30:42,748.93,0.32
2,running,117.48,0.59,0,2025-04-30 21:30:42,730.22,0.33
3,running,244.92,0.9,305,2025-04-30 21:30:42,745.65,0.31
4,running,95.79,0.42,306,2025-04-30 21:30:42,779.62,0.32
5,running,282.87,0.9,1064,2025-04-30 21:30:42,690.08,0.32
6,running,60,0.9,0,2025-04-30 21:30:42,767.12,0.31
7,running,300,0.9,2767,2025-04-30 21:30:42,676.49,0.31
8,running,142.94,0.9,0,2025-04-30 21:30:42,672.53,0.33
9,running,141.89,0.3,642,2025-04-30 21:30:42,701.59,0.31
10,running,60,0.57,0,2025-04-30 21:30:42,693.05,0.32
1,running,300,0.9,2019,2025-04-30 21:30:52,748.93,0.32
2,running,114.65,0.9,0,2025-04-30 21:30:52,730.22,0.33
3,running,243.78,0.9,0,2025-04-30 21:30:52,745.65,0.31
4,running,126.43,0.73,0,2025-04-30 21:30:52,779.62,0.32
5,running,300,0.9,1384,2025-04-30 21:30:52,690.08,0.32
6,running,77.23,0.9,500,2025-04-30 21:30:52,767.12,0.31
7,running,289.13,0.9,2208,2025-04-30 21:30:52,676.49,0.31
8,idle,60.0,0.2,0,2025-04-30 21:30:52,672.53,0.33
9,running,238.7,0.51,0,2025-04-30 21:30:52,701.59,0.31
10,running,135.23,0.73,612,2025-04-30 21:30:52,693.06,0.33
1,running,300,0.9,1849,2025-04-30 21:31:02,748.93,0.32
2,running,162.09,0.85,610,2025-04-30 21:31:02,730.22,0.33
3,running,283.11,0.9,0,2025-04-30 21:31:02,745.65,0.31
4,running,157.87,0.9,0,2025-04-30 21:31:02,779.63,0.33
5,running,300,0.9,1877,2025-04-30 21:31:02,690.08,0.32
6,running,170.81,0.88,0,2025-04-30 21:31:02,767.13,0.32
7,error,60.0,0.2,0,2025-04-30 21:31:02,676.49,0.31
8,running,141.08,0.3,240,2025-04-30 21:31:02,672.53,0.33
9,idle,60.0,0.2,0,2025-04-30 21:31:02,701.59,0.31
10,running,95.58,0.9,521,2025-04-30 21:31:02,693.06,0.33
1,running,271.92,0.9,1431,2025-04-30 21:31:12,748.93,0.32
2,running,236.08,0.9,1262,2025-04-30 21:31:12,730.23,0.34
3,running,300,0.9,0,2025-04-30 21:31:12,745.65,0.31
4,running,138.01,0.86,701,2025-04-30 21:31:12,779.63,0.33
5,running,300,0.9,1113,2025-04-30 21:31:12,690.08,0.32
6,idle,60.0,0.2,0,2025-04-30 21:31:12,767.13,0.32
7,running,60,0.22,428,2025-04-30 21:31:12,676.5,0.32
8,error,60.0,0.2,0,2025-04-30 21:31:12,672.53,0.33
9,running,106.62,0.19,226,2025-04-30 21:31:12,701.6,0.32
10,running,126.4,0.9,504,2025-04-30 21:31:12,693.06,0.33
1,running,270.64,0.9,1202,2025-04-30 21:31:22,748.94,0.33
2,idle,60.0,0.2,0,2025-04-30 21:31:22,730.23,0.34
3,running,300,0.9,517,2025-04-30 21:31:22,745.66,0.32
4,running,228.49,0.9,937,2025-04-30 21:31:22,779.63,0.33
5,idle,60.0,0.2,0,2025-04-30 21:31:22,690.08,0.32
6,running,143.74,0.2,0,2025-04-30 21:31:22,767.13,0.32
7,idle,60.0,0.2,0,2025-04-30 21:31:22,676.5,0.32
8,running,122.63,0.53,620,2025-04-30 21:31:22,672.54,0.34
9,running,145.09,0.19,636,2025-04-30 21:31:22,701.6,0.32
10,running,134.64,0.9,1051,2025-04-30 21:31:22,693.07,0.34
1,running,300,0.9,713,2025-04-30 21:31:32,748.94,0.33
2,running,65.07,0.15,571,2025-04-30 21:31:32,730.23,0.34
3,running,300,0.9,1311,2025-04-30 21:31:32,745.66,0.32
4,running,205.43,0.9,15,2025-04-30 21:31:32,779.64,0.34
5,running,137.73,0.32,0,2025-04-30 21:31:32,690.09,0.33
6,running,199.96,0.28,0,2025-04-30 21:31:32,767.13,0.32
7,running,133.1,0.44,0,2025-04-30 21:31:32,676.5,0.32
8,running,217.75,0.9,1506,2025-04-30 21:31:32,672.54,0.34
9,idle,60.0,0.2,0,2025-04-30 21:31:32,701.6,0.32
10,idle,60.0,0.2,0,2025-04-30 21:31:32,693.07,0.34
1,idle,60.0,0.2,0,2025-04-30 21:31:42,748.94,0.33
2,running,125.4,0.33,459,2025-04-30 21:31:42,730.23,0.34
3,idle,60.0,0.2,0,2025-04-30 21:31:42,745.66,0.32
4,running,223.04,0.88,0,2025-04-30 21:31:42,779.64,0.34
5,running,149.4,0.47,0,2025-04-30 21:31:42,690.09,0.33
6,idle,60.0,0.2,0,2025-04-30 21:31:42,767.13,0.32
7,running,144.85,0.44,0,2025-04-30 21:31:42,676.5,0.32
8,idle,60.0,0.2,0,2025-04-30 21:31:42,672.54,0.34
9,running,60,0.65,654,2025-04-30 21:31:42,701.6,0.32
10,running,60,0.64,0,2025-04-30 21:31:42,693.07,0.34
1,running,60.12,0.5,0,2025-04-30 21:31:52,748.94,0.33
2,running,137.58,0.52,1295,2025-04-30 21:31:52,730.23,0.34
3,running,60,0.64,609,2025-04-30 21:31:52,745.66,0.32
4,running,242.22,0.9,0,2025-04-30 21:31:52,779.64,0.34
5,idle,60.0,0.2,0,2025-04-30 21:31:52,690.09,0.33
6,idle,60.0,0.2,0,2025-04-30 21:31:52,767.13,0.32
7,running,129.4,0.84,544,2025-04-30 21:31:52,676.5,0.32
8,running,60,0.58,238,2025-04-30 21:31:52,672.54,0.34
9,running,140.06,0.74,870,2025-04-30 21:31:52,701.6,0.32
10,running,60,0.8,78,2025-04-30 21:31:52,693.07,0.34
1,running,60,0.56,742,2025-04-30 21:32:02,748.95,0.34
2,running,235.55,0.66,1277,2025-04-30 21:32:02,730.24,0.35
3,running,113.74,0.68,415,2025-04-30 21:32:02,745.66,0.32
4,running,275.93,0.9,803,2025-04-30 21:32:02,779.64,0.34
5,running,156.99,0.38,0,2025-04-30 21:32:02,690.09,0.33
6,running,112.31,0.36,244,2025-04-30 21:32:02,767.13,0.32
7,running,224.09,0.83,704,2025-04-30 21:32:02,676.51,0.33
8,running,60,0.73,184,2025-04-30 21:32:02,672.54,0.34
9,running,206.74,0.88,325,2025-04-30 21:32:02,701.61,0.33
10,running,120.93,0.9,372,2025-04-30 21:32:02,693.07,0.34
1,running,60,0.9,1539,2025-04-30 21:32:12,748.95,0.34
2,running,204.85,0.64,534,2025-04-30 21:32:12,730.24,0.35
3,running,204.76,0.69,0,2025-04-30 21:32:12,745.67,0.33
4,running,225.97,0.9,1256,2025-04-30 21:32:12,779.65,0.35
5,running,203.47,0.36,990,2025-04-30 21:32:12,690.1,0.34
6,running,134.5,0.36,112,2025-04-30 21:32:12,767.14,0.33
7,running,294.23,0.9,0,2025-04-30 21:32:12,676.51,0.33
8,running,145.49,0.9,0,2025-04-30 21:32:12,672.55,0.35
9,running,268.11,0.9,502,2025-04-30 21:32:12,701.61,0.33
10,running,147.85,0.9,977,2025-04-30 21:32:12,693.08,0.35
1,running,60,0.9,673,2025-04-30 21:32:22,748.95,0.34
2,idle,60.0,0.2,0,2025-04-30 21:32:22,730.24,0.35
3,running,188.5,0.81,70,2025-04-30 21:32:22,745.67,0.33
4,running,295.74,0.9,1287,2025-04-30 21:32:22,779.65,0.35
5,running,259.13,0.42,617,2025-04-30 21:32:22,690.1,0.34
6,running,143.7,0.49,701,2025-04-30 21:32:22,767.14,0.33
7,running,300,0.9,993,2025-04-30 21:32:22,676.51,0.33
8,running,137.87,0.9,0,2025-04-30 21:32:22,672.55,0.35
9,running,267.97,0.9,1026,2025-04-30 21:32:22,701.61,0.33
10,running,167.96,0.9,1917,2025-04-30 21:32:22,693.08,0.35
1,running,157.82,0.9,145,2025-04-30 21:32:32,748.95,0.34
2,running,148.61,0.27,0,2025-04-30 21:32:32,730.24,0.35
3,running,285.97,0.9,0,2025-04-30 21:32:32,745.67,0.33
4,running,266.07,0.9,1876,2025-04-30 21:32:32,779.65,0.35
5,running,281.22,0.73,477,2025-04-30 21:32:32,690.1,0.34
6,running,219.74,0.58,0,2025-04-30 21:32:32,767.14,0.33
7,running,291.71,0.9,605,2025-04-30 21:32:32,676.52,0.34
8,idle,60.0,0.2,0,2025-04-30 21:32:32,672.55,0.35
9,running,293.04,0.9,328,2025-04-30 21:32:32,701.62,0.34
10,running,168.89,0.89,2117,2025-04-30 21:32:32,693.08,0.35
1,idle,60.0,0.2,0,2025-04-30 21:32:42,748.95,0.34
2,idle,60.0,0.2,0,2025-04-30 21:32:42,730.24,0.35
3,running,300,0.9,70,2025-04-30 21:32:42,745.68,0.34
4,running,300,0.9,2589,2025-04-30 21:32:42,779.66,0.36
5,running,300,0.9,847,2025-04-30 21:32:42,690.1,0.34
6,running,300,0.9,0,2025-04-30 21:32:42,767.15,0.34
7,running,300,0.9,430,2025-04-30 21:32:42,676.52,0.34
8,running,60,0.38,0,2025-04-30 21:32:42,672.55,0.35
9,running,300,0.9,493,2025-04-30 21:32:42,701.62,0.34
10,idle,60.0,0.2,0,2025-04-30 21:32:42,693.08,0.35
1,running,93.6,0.3,12,2025-04-30 21:32:52,748.96,0.35
2,running,60,0.62,872,2025-04-30 21:32:52,730.25,0.36
3,running,296.12,0.9,659,2025-04-30 21:32:52,745.68,0.34
4,idle,60.0,0.2,0,2025-04-30 21:32:52,779.66,0.36
5,running,300,0.9,1117,2025-04-30 21:32:52,690.11,0.35
6,running,300,0.9,586,2025-04-30 21:32:52,767.15,0.34
7,running,300,0.9,421,2025-04-30 21:32:52,676.52,0.34
8,running,93.59,0.69,0,2025-04-30 21:32:52,672.56,0.36
9,running,300,0.9,0,2025-04-30 21:32:52,701.62,0.34
10,running,146.36,0.52,0,2025-04-30 21:32:52,693.09,0.36
1,idle,60.0,0.2,0,2025-04-30 21:33:02,748.96,0.35
2,running,142.37,0.9,1582,2025-04-30 21:33:02,730.25,0.36
3,running,300,0.9,879,2025-04-30 21:33:02,745.68,0.34
4,running,60,0.56,781,2025-04-30 21:33:02,779.66,0.36
5,running,300,0.9,1750,2025-04-30 21:33:02,690.11,0.35
6,running,300,0.9,899,2025-04-30 21:33:02,767.15,0.34
7,idle,60.0,0.2,0,2025-04-30 21:33:02,676.52,0.34
8,running,187.84,0.8,0,2025-04-30 21:33:02,672.56,0.36
9,running,300,0.9,129,2025-04-30 21:33:02,701.62,0.34
10,idle,60.0,0.2,0,2025-04-30 21:33:02,693.09,0.36
1,running,108.06,0.53,473,2025-04-30 21:33:12,748.96,0.35
2,running,130.53,0.9,1972,2025-04-30 21:33:12,730.25,0.36
3,running,268.18,0.9,339,2025-04-30 21:33:12,745.68,0.34
4,running,106.65,0.75,312,2025-04-30 21:33:12,779.66,0.36
5,running,300,0.9,2580,2025-04-30 21:33:12,690.11,0.35
6,idle,60.0,0.2,0,2025-04-30 21:33:12,767.15,0.34
7,running,158.81,0.21,0,2025-04-30 21:33:12,676.52,0.34
8,running,148.51,0.9,251,2025-04-30 21:33:12,672.56,0.36
9,idle,60.0,0.2,0,2025-04-30 21:33:12,701.62,0.34
10,running,69.23,0.22,0,2025-04-30 21:33:12,693.09,0.36
1,running,200.92,0.57,525,2025-04-30 21:33:22,748.96,0.35
2,running,163.96,0.9,2855,2025-04-30 21:33:22,730.25,0.36
3,running,300,0.9,1212,2025-04-30 21:33:22,745.69,0.35
4,running,154.59,0.9,1088,2025-04-30 21:33:22,779.66,0.36
5,running,300,0.9,2305,2025-04-30 21:33:22,690.12,0.36
6,error,60.0,0.2,0,2025-04-30 21:33:22,767.15,0.34
7,running,140.19,0.64,0,2025-04-30 21:33:22,676.53,0.35
8,running,140.18,0.9,1217,2025-04-30 21:33:22,672.56,0.36
9,running,147.73,0.26,0,2025-04-30 21:33:22,701.63,0.35
10,running,92.59,0.69,0,2025-04-30 21:33:22,693.09,0.36
1,running,152.15,0.77,882,2025-04-30 21:33:32,748.97,0.36
2,running,134.75,0.9,3840,2025-04-30 21:33:32,730.26,0.37
3,idle,60.0,0.2,0,2025-04-30 21:33:32,745.69,0.35
4,idle,60.0,0.2,0,2025-04-30 21:33:32,779.66,0.36
5,running,300,0.9,2374,2025-04-30 21:33:32,690.12,0.36
6,running,135.8,0.29,333,2025-04-30 21:33:32,767.15,0.34
7,running,104.32,0.9,0,2025-04-30 21:33:32,676.53,0.35
8,running,93.41,0.9,505,2025-04-30 21:33:32,672.57,0.37
9,running,210.95,0.5,166,2025-04-30 21:33:32,701.63,0.35
10,idle,60.0,0.2,0,2025-04-30 21:33:32,693.09,0.36
1,idle,60.0,0.2,0,2025-04-30 21:33:42,748.97,0.36
2,running,96.62,0.9,3978,2025-04-30 21:33:42,730.26,0.37
3,running,60,0.25,853,2025-04-30 21:33:42,745.69,0.35
4,running,108.5,0.17,856,2025-04-30 21:33:42,779.67,0.37
5,error,60.0,0.2,0,2025-04-30 21:33:42,690.12,0.36
6,running,124.9,0.3,0,2025-04-30 21:33:42,767.16,0.35
7,idle,60.0,0.2,0,2025-04-30 21:33:42,676.53,0.35
8,running,113.95,0.9,0,2025-04-30 21:33:42,672.57,0.37
9,running,300,0.79,768,2025-04-30 21:33:42,701.63,0.35
10,running,110.81,0.66,132,2025-04-30 21:33:42,693.09,0.36
1,running,60,0.33,0,2025-04-30 21:33:52,748.97,0.36
2,running,117.92,0.9,3459,2025-04-30 21:33:52,730.26,0.37
3,running,103.83,0.47,0,2025-04-30 21:33:52,745.69,0.35
4,running,102.61,0.31,119,2025-04-30 21:33:52,779.67,0.37
5,running,60,0.66,0,2025-04-30 21:33:52,690.12,0.36
6,running,181.12,0.43,773,2025-04-30 21:33:52,767.16,0.35
7,idle,60.0,0.2,0,2025-04-30 21:33:52,676.53,0.35
8,running,167.35,0.9,924,2025-04-30 21:33:52,672.57,0.37
9,running,300,0.9,378,2025-04-30 21:33:52,701.64,0.36
10,running,178.64,0.9,208,2025-04-30 21:33:52,693.1,0.37
1,running,60,0.46,945,2025-04-30 21:34:02,748.97,0.36
2,running,73.63,0.9,2742,2025-04-30 21:34:02,730.26,0.37
3,running,84.85,0.42,706,2025-04-30 21:34:02,745.7,0.36
4,running,131.08,0.41,0,2025-04-30 21:34:02,779.67,0.37
5,running,61.55,0.81,135,2025-04-30 21:34:02,690.12,0.36
6,running,219.57,0.76,888,2025-04-30 21:34:02,767.16,0.35
7,running,94.34,0.57,705,2025-04-30 21:34:02,676.53,0.35
8,running,136.71,0.86,1164,2025-04-30 21:34:02,672.57,0.37
9,running,300,0.9,1019,2025-04-30 21:34:02,701.64,0.36
10,running,252.39,0.89,0,2025-04-30 21:34:02,693.1,0.37
1,running,156.0,0.45,0,2025-04-30 21:34:12,748.97,0.36
2,idle,60.0,0.2,0,2025-04-30 21:34:12,730.26,0.37
3,running,115.62,0.69,1059,2025-04-30 21:34:12,745.7,0.36
4,idle,60.0,0.2,0,2025-04-30 21:34:12,779.67,0.37
5,running,62.53,0.9,961,2025-04-30 21:34:12,690.13,0.37
6,running,300,0.8,1867,2025-04-30 21:34:12,767.17,0.36
7,idle,60.0,0.2,0,2025-04-30 21:34:12,676.53,0.35
8,running,92.33,0.9,1345,2025-04-30 21:34:12,672.58,0.38
9,running,300,0.9,181,2025-04-30 21:34:12,701.64,0.36
10,running,300,0.9,0,2025-04-30 21:34:12,693.1,0.37
1,running,167.76,0.51,0,2025-04-30 21:34:22,748.98,0.37
2,running,136.29,0.67,950,2025-04-30 21:34:22,730.27,0.38
3,idle,60.0,0.2,0,2025-04-30 21:34:22,745.7,0.36
4,running,86.12,0.67,0,2025-04-30 21:34:22,779.67,0.37
5,running,89.94,0.9,726,2025-04-30 21:34:22,690.13,0.37
6,running,300,0.81,950,2025-04-30 21:34:22,767.17,0.36
7,running,152.89,0.57,194,2025-04-30 21:34:22,676.54,0.36
8,running,159.37,0.9,2344,2025-04-30 21:34:22,672.58,0.38
9,running,300,0.9,803,2025-04-30 21:34:22,701.64,0.36
10,running,300,0.9,490,2025-04-30 21:34:22,693.1,0.37
1,error,60.0,0.2,0,2025-04-30 21:34:32,748.98,0.37
2,idle,60.0,0.2,0,2025-04-30 21:34:32,730.27,0.38
3,running,69.74,0.19,419,2025-04-30 21:34:32,745.7,0.36
4,running,60,0.82,0,2025-04-30 21:34:32,779.68,0.38
5,running,77.1,0.9,1299,2025-04-30 21:34:32,690.13,0.37
6,running,273.35,0.9,1261,2025-04-30 21:34:32,767.17,0.36
7,running,227.75,0.9,1021,2025-04-30 21:34:32,676.54,0.36
8,running,235.15,0.9,2608,2025-04-30 21:34:32,672.58,0.38
9,idle,60.0,0.2,0,2025-04-30 21:34:32,701.64,0.36
10,running,300,0.9,0,2025-04-30 21:34:32,693.11,0.38
1,running,128.5,0.25,159,2025-04-30 21:34:42,748.98,0.37
2,running,78.29,0.27,619,2025-04-30 21:34:42,730.27,0.38
3,running,93.56,0.66,75,2025-04-30 21:34:42,745.7,0.36
4,idle,60.0,0.2,0,2025-04-30 21:34:42,779.68,0.38
5,running,74.43,0.9,710,2025-04-30 21:34:42,690.13,0.37
6,running,300,0.9,310,2025-04-30 21:34:42,767.17,0.36
7,idle,60.0,0.2,0,2025-04-30 21:34:42,676.54,0.36
8,running,300,0.9,3406,2025-04-30 21:34:42,672.59,0.39
9,running,137.48,0.59,0,2025-04-30 21:34:42,701.65,0.37
10,running,283.57,0.88,740,2025-04-30 21:34:42,693.11,0.38
1,running,138.28,0.63,747,2025-04-30 21:34:52,748.98,0.37
2,running,60,0.32,1234,2025-04-30 21:34:52,730.27,0.38
3,idle,60.0,0.2,0,2025-04-30 21:34:52,745.7,0.36
4,error,60.0,0.2,0,2025-04-30 21:34:52,779.68,0.38
5,running,98.37,0.9,1230,2025-04-30 21:34:52,690.14,0.38
6,running,275.29,0.9,840,2025-04-30 21:34:52,767.18,0.37
7,running,60,0.2,0,2025-04-30 21:34:52,676.54,0.36
8,running,300,0.9,3700,2025-04-30 21:34:52,672.59,0.39
9,running,186.24,0.89,0,2025-04-30 21:34:52,701.65,0.37
10,running,300,0.9,67,2025-04-30 21:34:52,693.11,0.38
1,running,139.91,0.82,1030,2025-04-30 21:35:02,748.98,0.37
2,running,60,0.46,242,2025-04-30 21:35:02,730.28,0.39
3,running,60,0.18,0,2025-04-30 21:35:02,745.71,0.37
4,running,74.43,0.62,588,2025-04-30 21:35:02,779.68,0.38
5,idle,60.0,0.2,0,2025-04-30 21:35:02,690.14,0.38
6,running,250.01,0.9,111,2025-04-30 21:35:02,767.18,0.37
7,running,145.84,0.39,595,2025-04-30 21:35:02,676.54,0.36
8,running,300,0.9,4132,2025-04-30 21:35:02,672.59,0.39
9,running,260.93,0.9,0,2025-04-30 21:35:02,701.65,0.37
10,running,300,0.9,43,2025-04-30 21:35:02,693.12,0.39
1,error,60.0,0.2,0,2025-04-30 21:35:12,748.98,0.37
2,running,129.52,0.47,979,2025-04-30 21:35:12,730.28,0.39
3,running,81.25,0.4,0,2025-04-30 21:35:12,745.71,0.37
4,running,60,0.9,1486,2025-04-30 21:35:12,779.68,0.38
5,running,60,0.39,0,2025-04-30 21:35:12,690.14,0.38
6,running,285.55,0.9,836,2025-04-30 21:35:12,767.18,0.37
7,running,190.87,0.49,1455,2025-04-30 21:35:12,676.55,0.37
8,idle,60.0,0.2,0,2025-04-30 21:35:12,672.59,0.39
9,running,300,0.85,403,2025-04-30 21:35:12,701.65,0.37
10,running,257.35,0.9,0,2025-04-30 21:35:12,693.12,0.39
1,running,73.24,0.19,289,2025-04-30 21:35:22,748.99,0.38
2,running,158.1,0.9,1777,2025-04-30 21:35:22,730.28,0.39
3,running,88.56,0.45,483,2025-04-30 21:35:22,745.71,0.37
4,running,158.57,0.9,1491,2025-04-30 21:35:22,779.69,0.39
5,running,60,0.76,0,2025-04-30 21:35:22,690.14,0.38
6,running,238.55,0.9,931,2025-04-30 21:35:22,767.18,0.37
7,running,277.14,0.68,1035,2025-04-30 21:35:22,676.55,0.37
8,running,104.65,0.4,503,2025-04-30 21:35:22,672.59,0.39
9,running,300,0.84,99,2025-04-30 21:35:22,701.66,0.38
10,running,233.62,0.89,879,2025-04-30 21:35:22,693.12,0.39
1,running,60,0.39,0,2025-04-30 21:35:32,748.99,0.38
2,running,187.26,0.9,2208,2025-04-30 21:35:32,730.28,0.39
3,running,181.74,0.5,1415,2025-04-30 21:35:32,745.71,0.37
4,running,234.22,0.9,1642,2025-04-30 21:35:32,779.69,0.39
5,running,66.09,0.9,0,2025-04-30 21:35:32,690.15,0.39
6,running,300,0.9,905,2025-04-30 21:35:32,767.19,0.38
7,running,272.82,0.9,215,2025-04-30 21:35:32,676.55,0.37
8,running,196.74,0.67,0,2025-04-30 21:35:32,672.6,0.4
9,running,300,0.83,0,2025-04-30 21:35:32,701.66,0.38
10,idle,60.0,0.2,0,2025-04-30 21:35:32,693.12,0.39
1,running,127.43,0.85,0,2025-04-30 21:35:42,748.99,0.38
2,running,175.6,0.9,2891,2025-04-30 21:35:42,730.29,0.4
3,running,249.82,0.66,1855,2025-04-30 21:35:42,745.72,0.38
4,running,286.76,0.9,1293,2025-04-30 21:35:42,779.69,0.39
5,running,71.13,0.9,0,2025-04-30 21:35:42,690.15,0.39
6,error,60.0,0.2,0,2025-04-30 21:35:42,767.19,0.38
7,running,284.84,0.9,0,2025-04-30 21:35:42,676.55,0.37
8,running,275.93,0.73,0,2025-04-30 21:35:42,672.6,0.4
9,idle,60.0,0.2,0,2025-04-30 21:35:42,701.66,0.38
10,running,60,0.34,0,2025-04-30 21:35:42,693.12,0.39
1,running,96.68,0.87,0,2025-04-30 21:35:52,749.0,0.39
2,running,142.48,0.86,3246,2025-04-30 21:35:52,730.29,0.4
3,running,233.36,0.9,1119,2025-04-30 21:35:52,745.72,0.38
4,running,300,0.85,2248,2025-04-30 21:35:52,779.69,0.39
5,running,146.04,0.86,914,2025-04-30 21:35:52,690.15,0.39
6,running,60,0.16,0,2025-04-30 21:35:52,767.19,0.38
7,running,287.91,0.9,0,2025-04-30 21:35:52,676.56,0.38
8,running,295.72,0.9,513,2025-04-30 21:35:52,672.6,0.4
9,running,125.77,0.3,796,2025-04-30 21:35:52,701.66,0.38
10,running,60,0.72,357,2025-04-30 21:35:52,693.13,0.4
1,running,126.47,0.9,172,2025-04-30 21:36:02,749.0,0.39
2,running,136.04,0.9,3677,2025-04-30 21:36:02,730.29,0.4
3,running,300,0.9,1734,2025-04-30 21:36:02,745.72,0.38
4,running,300,0.89,3142,2025-04-30 21:36:02,779.7,0.4
5,running,123.59,0.9,1439,2025-04-30 21:36:02,690.15,0.39
6,running,60,0.38,0,2025-04-30 21:36:02,767.19,0.38
7,running,300,0.9,175,2025-04-30 21:36:02,676.56,0.38
8,idle,60.0,0.2,0,2025-04-30 21:36:02,672.6,0.4
9,running,140.53,0.71,1572,2025-04-30 21:36:02,701.67,0.39
10,running,65.75,0.9,1035,2025-04-30 21:36:02,693.13,0.4
1,running,202.98,0.9,0,2025-04-30 21:36:12,749.0,0.39
2,running,123.83,0.9,4035,2025-04-30 21:36:12,730.3,0.41
3,running,300,0.9,2001,2025-04-30 21:36:12,745.73,0.39
4,running,300,0.9,3486,2025-04-30 21:36:12,779.7,0.4
5,running,78.27,0.9,1144,2025-04-30 21:36:12,690.16,0.4
6,running,106.45,0.67,0,2025-04-30 21:36:12,767.2,0.39
7,running,266.26,0.9,812,2025-04-30 21:36:12,676.56,0.38
8,running,88.34,0.57,0,2025-04-30 21:36:12,672.61,0.41
9,running,181.93,0.89,2558,2025-04-30 21:36:12,701.67,0.39
10,error,60.0,0.2,0,2025-04-30 21:36:12,693.13,0.4
1,idle,60.0,0.2,0,2025-04-30 21:36:22,749.0,0.39
2,running,148.73,0.9,3839,2025-04-30 21:36:22,730.3,0.41
3,running,300,0.9,1675,2025-04-30 21:36:22,745.73,0.39
4,idle,60.0,0.2,0,2025-04-30 21:36:22,779.7,0.4
5,running,70.17,0.9,1093,2025-04-30 21:36:22,690.16,0.4
6,running,125.38,0.9,917,2025-04-30 21:36:22,767.2,0.39
7,running,219.14,0.9,1095,2025-04-30 21:36:22,676.57,0.39
8,running,85.88,0.9,824,2025-04-30 21:36:22,672.61,0.41
9,idle,60.0,0.2,0,2025-04-30 21:36:22,701.67,0.39
10,running,60,0.44,0,2025-04-30 21:36:22,693.13,0.4
1,running,127.92,0.3,861,2025-04-30 21:36:32,749.0,0.39
2,running,136.5,0.9,3738,2025-04-30 21:36:32,730.3,0.41
3,idle,60.0,0.2,0,2025-04-30 21:36:32,745.73,0.39
4,error,60.0,0.2,0,2025-04-30 21:36:32,779.7,0.4
5,running,130.01,0.9,792,2025-04-30 21:36:32,690.16,0.4
6,running,87.48,0.9,1845,2025-04-30 21:36:32,767.2,0.39
7,running,290.11,0.9,2024,2025-04-30 21:36:32,676.57,0.39
8,running,177.13,0.9,402,2025-04-30 21:36:32,672.61,0.41
9,idle,60.0,0.2,0,2025-04-30 21:36:32,701.67,0.39
10,running,78.84,0.66,0,2025-04-30 21:36:32,693.14,0.41
1,running,113.65,0.79,867,2025-04-30 21:36:42,749.01,0.4
2,running,113.2,0.9,4655,2025-04-30 21:36:42,730.3,0.41
3,idle,60.0,0.2,0,2025-04-30 21:36:42,745.73,0.39
4,idle,60.0,0.2,0,2025-04-30 21:36:42,779.7,0.4
5,idle,60.0,0.2,0,2025-04-30 21:36:42,690.16,0.4
6,idle,60.0,0.2,0,2025-04-30 21:36:42,767.2,0.39
7,running,274.35,0.9,2875,2025-04-30 21:36:42,676.57,0.39
8,running,212.64,0.9,0,2025-04-30 21:36:42,672.61,0.41
9,running,60,0.35,0,2025-04-30 21:36:42,701.67,0.39
10,running,137.66,0.65,896,2025-04-30 21:36:42,693.14,0.41
1,running,199.2,0.9,845,2025-04-30 21:36:52,749.01,0.4
2,running,81.82,0.9,4509,2025-04-30 21:36:52,730.31,0.42
3,running,94.81,0.57,0,2025-04-30 21:36:52,745.73,0.39
4,running,85.94,0.25,76,2025-04-30 21:36:52,779.7,0.4
5,running,119.03,0.53,674,2025-04-30 21:36:52,690.17,0.41
6,running,137.89,0.41,0,2025-04-30 21:36:52,767.2,0.39
7,running,300,0.9,2311,2025-04-30 21:36:52,676.57,0.39
8,idle,60.0,0.2,0,2025-04-30 21:36:52,672.61,0.41
9,running,112.83,0.71,728,2025-04-30 21:36:52,701.67,0.39
10,running,138.81,0.86,668,2025-04-30 21:36:52,693.14,0.41
1,idle,60.0,0.2,0,2025-04-30 21:37:02,749.01,0.4
2,running,172.09,0.9,4533,2025-04-30 21:37:02,730.31,0.42
3,running,134.73,0.65,794,2025-04-30 21:37:02,745.73,0.39
4,idle,60.0,0.2,0,2025-04-30 21:37:02,779.7,0.4
5,running,189.33,0.65,1285,2025-04-30 21:37:02,690.17,0.41
6,running,116.25,0.87,0,2025-04-30 21:37:02,767.21,0.4
7,running,263.74,0.9,1380,2025-04-30 21:37:02,676.58,0.4
8,running,155.44,0.64,772,2025-04-30 21:37:02,672.62,0.42
9,running,167.71,0.9,498,2025-04-30 21:37:02,701.68,0.4
10,running,224.61,0.9,96,2025-04-30 21:37:02,693.14,0.41
1,running,60,0.18,0,2025-04-30 21:37:12,749.01,0.4
2,running,218.62,0.9,4428,2025-04-30 21:37:12,730.31,0.42
3,running,219.67,0.9,1101,2025-04-30 21:37:12,745.74,0.4
4,idle,60.0,0.2,0,2025-04-30 21:37:12,779.7,0.4
5,running,154.22,0.63,411,2025-04-30 21:37:12,690.17,0.41
6,running,108.12,0.9,209,2025-04-30 21:37:12,767.21,0.4
7,running,258.27,0.89,1714,2025-04-30 21:37:12,676.58,0.4
8,running,109.25,0.78,840,2025-04-30 21:37:12,672.62,0.42
9,running,127.79,0.9,1302,2025-04-30 21:37:12,701.68,0.4
10,idle,60.0,0.2,0,2025-04-30 21:37:12,693.14,0.41
1,running,60,0.38,0,2025-04-30 21:37:22,749.02,0.41
2,running,222.04,0.9,3470,2025-04-30 21:37:22,730.31,0.42
3,running,300,0.9,1277,2025-04-30 21:37:22,745.74,0.4
4,running,122.87,0.43,446,2025-04-30 21:37:22,779.71,0.41
5,running,168.79,0.9,550,2025-04-30 21:37:22,690.17,0.41
6,running,85.0,0.9,922,2025-04-30 21:37:22,767.21,0.4
7,running,300,0.9,1618,2025-04-30 21:37:22,676.58,0.4
8,running,155.0,0.9,528,2025-04-30 21:37:22,672.62,0.42
9,running,158.33,0.9,338,2025-04-30 21:37:22,701.68,0.4
10,idle,60.0,0.2,0,2025-04-30 21:37:22,693.14,0.41
1,running,159.68,0.65,451,2025-04-30 21:37:32,749.02,0.41
2,running,300,0.9,2953,2025-04-30 21:37:32,730.32,0.43
3,running,300,0.9,804,2025-04-30 21:37:32,745.74,0.4
4,error,60.0,0.2,0,2025-04-30 21:37:32,779.71,0.41
5,running,153.95,0.9,1031,2025-04-30 21:37:32,690.18,0.42
6,running,66.47,0.9,1549,2025-04-30 21:37:32,767.22,0.41
7,idle,60.0,0.2,0,2025-04-30 21:37:32,676.58,0.4
8,running,111.73,0.9,1109,2025-04-30 21:37:32,672.62,0.42
9,idle,60.0,0.2,0,2025-04-30 21:37:32,701.68,0.4
10,running,118.19,0.25,0,2025-04-30 21:37:32,693.15,0.42
1,running,133.2,0.63,154,2025-04-30 21:37:42,749.02,0.41
2,running,269.92,0.87,3826,2025-04-30 21:37:42,730.32,0.43
3,running,292.49,0.9,752,2025-04-30 21:37:42,745.75,0.41
4,running,117.15,0.63,975,2025-04-30 21:37:42,779.71,0.41
5,idle,60.0,0.2,0,2025-04-30 21:37:42,690.18,0.42
6,error,60.0,0.2,0,2025-04-30 21:37:42,767.22,0.41
7,idle,60.0,0.2,0,2025-04-30 21:37:42,676.58,0.4
8,running,163.07,0.9,1677,2025-04-30 21:37:42,672.63,0.43
9,running,126.76,0.5,964,2025-04-30 21:37:42,701.69,0.41
10,idle,60.0,0.2,0,2025-04-30 21:37:42,693.15,0.42
1,running,123.95,0.87,435,2025-04-30 21:37:52,749.02,0.41
2,running,300,0.86,4552,2025-04-30 21:37:52,730.32,0.43
3,error,60.0,0.2,0,2025-04-30 21:37:52,745.75,0.41
4,idle,60.0,0.2,0,2025-04-30 21:37:52,779.71,0.41
5,running,60,0.36,162,2025-04-30 21:37:52,690.18,0.42
6,running,64.65,0.22,0,2025-04-30 21:37:52,767.22,0.41
7,running,60,0.23,0,2025-04-30 21:37:52,676.59,0.41
8,running,217.65,0.88,1698,2025-04-30 21:37:52,672.63,0.43
9,idle,60.0,0.2,0,2025-04-30 21:37:52,701.69,0.41
10,running,121.28,0.33,853,2025-04-30 21:37:52,693.15,0.42
1,running,195.44,0.9,283,2025-04-30 21:38:02,749.03,0.42
2,running,300,0.9,4402,2025-04-30 21:38:02,730.33,0.44
3,running,69.57,0.4,0,2025-04-30 21:38:02,745.75,0.41
4,running,60,0.31,0,2025-04-30 21:38:02,779.71,0.41
5,idle,60.0,0.2,0,2025-04-30 21:38:02,690.18,0.42
6,idle,60.0,0.2,0,2025-04-30 21:38:02,767.22,0.41
7,running,105.35,0.4,555,2025-04-30 21:38:02,676.59,0.41
8,running,258.28,0.9,1826,2025-04-30 21:38:02,672.63,0.43
9,idle,60.0,0.2,0,2025-04-30 21:38:02,701.69,0.41
10,running,217.38,0.75,164,2025-04-30 21:38:02,693.15,0.42
1,error,60.0,0.2,0,2025-04-30 21:38:12,749.03,0.42
2,error,60.0,0.2,0,2025-04-30 21:38:12,730.33,0.44
3,running,155.17,0.79,549,2025-04-30 21:38:12,745.75,0.41
4,idle,60.0,0.2,0,2025-04-30 21:38:12,779.71,0.41
5,running,123.69,0.49,0,2025-04-30 21:38:12,690.18,0.42
6,running,60,0.33,0,2025-04-30 21:38:12,767.22,0.41
7,running,172.36,0.79,3,2025-04-30 21:38:12,676.59,0.41
8,running,292.17,0.9,1239,2025-04-30 21:38:12,672.64,0.44
9,idle,60.0,0.2,0,2025-04-30 21:38:12,701.69,0.41
10,running,300,0.9,803,2025-04-30 21:38:12,693.15,0.42
1,idle,60.0,0.2,0,2025-04-30 21:38:22,749.03,0.42
2,running,94.02,0.28,0,2025-04-30 21:38:22,730.33,0.44
3,idle,60.0,0.2,0,2025-04-30 21:38:22,745.75,0.41
4,running,60,0.51,0,2025-04-30 21:38:22,779.71,0.41
5,idle,60.0,0.2,0,2025-04-30 21:38:22,690.18,0.42
6,running,60.01,0.58,0,2025-04-30 21:38:22,767.22,0.41
7,running,231.28,0.9,1001,2025-04-30 21:38:22,676.59,0.41
8,running,300,0.9,1923,2025-04-30 21:38:22,672.64,0.44
9,running,71.95,0.48,933,2025-04-30 21:38:22,701.69,0.41
10,idle,60.0,0.2,0,2025-04-30 21:38:22,693.15,0.42
1,idle,60.0,0.2,0,2025-04-30 21:38:32,749.03,0.42
2,running,60,0.25,0,2025-04-30 21:38:32,730.33,0.44
3,running,140.18,0.23,866,2025-04-30 21:38:32,745.75,0.41
4,running,76.04,0.69,0,2025-04-30 21:38:32,779.72,0.42
5,running,153.97,0.59,546,2025-04-30 21:38:32,690.18,0.42
6,idle,60.0,0.2,0,2025-04-30 21:38:32,767.22,0.41
7,running,300,0.9,1758,2025-04-30 21:38:32,676.6,0.42
8,error,60.0,0.2,0,2025-04-30 21:38:32,672.64,0.44
9,running,60,0.76,424,2025-04-30 21:38:32,701.69,0.41
10,running,95.39,0.17,892,2025-04-30 21:38:32,693.16,0.43
1,running,99.03,0.69,0,2025-04-30 21:38:42,749.03,0.42
2,running,131.13,0.46,589,2025-04-30 21:38:42,730.33,0.44
3,idle,60.0,0.2,0,2025-04-30 21:38:42,745.75,0.41
4,running,122.75,0.77,282,2025-04-30 21:38:42,779.72,0.42
5,running,168.61,0.66,769,2025-04-30 21:38:42,690.19,0.43
6,running,105.11,0.18,0,2025-04-30 21:38:42,767.23,0.42
7,idle,60.0,0.2,0,2025-04-30 21:38:42,676.6,0.42
8,idle,60.0,0.2,0,2025-04-30 21:38:42,672.64,0.44
9,running,67.96,0.87,1340,2025-04-30 21:38:42,701.69,0.41
10,running,60,0.26,242,2025-04-30 21:38:42,693.16,0.43
1,running,165.69,0.74,947,2025-04-30 21:38:52,749.03,0.42
2,running,96.96,0.89,899,2025-04-30 21:38:52,730.34,0.45
3,running,126.3,0.48,165,2025-04-30 21:38:52,745.76,0.42
4,idle,60.0,0.2,0,2025-04-30 21:38:52,779.72,0.42
5,running,142.03,0.78,1586,2025-04-30 21:38:52,690.19,0.43
6,running,162.37,0.28,205,2025-04-30 21:38:52,767.23,0.42
7,running,140.89,0.39,0,2025-04-30 21:38:52,676.6,0.42
8,running,97.96,0.21,0,2025-04-30 21:38:52,672.64,0.44
9,idle,60.0,0.2,0,2025-04-30 21:38:52,701.69,0.41
10,running,60,0.49,648,2025-04-30 21:38:52,693.16,0.43
1,running,206.66,0.9,1010,2025-04-30 21:39:02,749.03,0.42
2,running,187.73,0.9,0,2025-04-30 21:39:02,730.34,0.45
3,running,220.18,0.9,386,2025-04-30 21:39:02,745.76,0.42
4,running,148.0,0.42,13,2025-04-30 21:39:02,779.72,0.42
5,idle,60.0,0.2,0,2025-04-30 21:39:02,690.19,0.43
6,running,258.26,0.7,891,2025-04-30 21:39:02,767.23,0.42
7,running,225.43,0.73,0,2025-04-30 21:39:02,676.6,0.42
8,running,130.51,0.57,0,2025-04-30 21:39:02,672.64,0.44
9,running,133.79,0.39,813,2025-04-30 21:39:02,701.7,0.42
10,running,145.21,0.9,797,2025-04-30 21:39:02,693.17,0.44
1,running,279.99,0.9,1065,2025-04-30 21:39:12,749.04,0.43
2,running,234.33,0.9,0,2025-04-30 21:39:12,730.34,0.45
3,running,260.81,0.9,1176,2025-04-30 21:39:12,745.76,0.42
4,running,157.22,0.85,0,2025-04-30 21:39:12,779.72,0.42
5,running,104.29,0.68,781,2025-04-30 21:39:12,690.19,0.43
6,running,300,0.65,641,2025-04-30 21:39:12,767.23,0.42
7,idle,60.0,0.2,0,2025-04-30 21:39:12,676.6,0.42
8,running,156.83,0.81,791,2025-04-30 21:39:12,672.65,0.45
9,running,103.82,0.69,873,2025-04-30 21:39:12,701.7,0.42
10,running,118.63,0.9,1144,2025-04-30 21:39:12,693.17,0.44
1,running,289.19,0.9,555,2025-04-30 21:39:22,749.04,0.43
2,running,254.33,0.9,238,2025-04-30 21:39:22,730.35,0.46
3,idle,60.0,0.2,0,2025-04-30 21:39:22,745.76,0.42
4,running,207.23,0.82,956,2025-04-30 21:39:22,779.73,0.43
5,running,194.52,0.9,811,2025-04-30 21:39:22,690.2,0.44
6,running,300,0.9,0,2025-04-30 21:39:22,767.24,0.43
7,running,148.17,0.29,562,2025-04-30 21:39:22,676.6,0.42
8,running,183.94,0.78,13,2025-04-30 21:39:22,672.65,0.45
9,running,106.9,0.68,0,2025-04-30 21:39:22,701.7,0.42
10,running,155.05,0.9,1144,2025-04-30 21:39:22,693.17,0.44
1,idle,60.0,0.2,0,2025-04-30 21:39:32,749.04,0.43
2,running,298.38,0.9,0,2025-04-30 21:39:32,730.35,0.46
3,running,86.52,0.57,0,2025-04-30 21:39:32,745.76,0.42
4,running,256.65,0.8,0,2025-04-30 21:39:32,779.73,0.43
5,running,210.09,0.9,1429,2025-04-30 21:39:32,690.2,0.44
6,error,60.0,0.2,0,2025-04-30 21:39:32,767.24,0.43
7,running,135.21,0.31,470,2025-04-30 21:39:32,676.61,0.43
8,running,204.13,0.83,677,2025-04-30 21:39:32,672.65,0.45
9,running,123.06,0.9,79,2025-04-30 21:39:32,701.7,0.42
10,running,117.69,0.9,623,2025-04-30 21:39:32,693.17,0.44
1,running,84.52,0.42,0,2025-04-30 21:39:42,749.04,0.43
2,running,300,0.9,0,2025-04-30 21:39:42,730.35,0.46
3,running,144.25,0.9,0,2025-04-30 21:39:42,745.77,0.43
4,idle,60.0,0.2,0,2025-04-30 21:39:42,779.73,0.43
5,running,279.02,0.9,2199,2025-04-30 21:39:42,690.2,0.44
6,running,140.65,0.34,937,2025-04-30 21:39:42,767.24,0.43
7,running,218.44,0.28,0,2025-04-30 21:39:42,676.61,0.43
8,running,187.92,0.9,1556,2025-04-30 21:39:42,672.66,0.46
9,idle,60.0,0.2,0,2025-04-30 21:39:42,701.7,0.42
10,running,110.67,0.9,3,2025-04-30 21:39:42,693.18,0.45
1,running,60,0.48,379,2025-04-30 21:39:53,749.05,0.44
2,running,296.55,0.9,0,2025-04-30 21:39:53,730.35,0.46
3,idle,60.0,0.2,0,2025-04-30 21:39:53,745.77,0.43
4,idle,60.0,0.2,0,2025-04-30 21:39:53,779.73,0.43
5,running,300,0.9,1350,2025-04-30 21:39:53,690.2,0.44
6,running,223.39,0.52,109,2025-04-30 21:39:53,767.24,0.43
7,running,252.5,0.51,0,2025-04-30 21:39:53,676.61,0.43
8,running,170.7,0.9,2300,2025-04-30 21:39:53,672.66,0.46
9,idle,60.0,0.2,0,2025-04-30 21:39:53,701.7,0.42
10,running,128.14,0.9,998,2025-04-30 21:39:53,693.18,0.45
1,running,92.62,0.8,1238,2025-04-30 21:40:03,749.05,0.44
2,running,300,0.9,78,2025-04-30 21:40:03,730.36,0.47
3,running,97.39,0.41,0,2025-04-30 21:40:03,745.77,0.43
4,running,60,0.5,0,2025-04-30 21:40:03,779.73,0.43
5,running,300,0.9,2027,2025-04-30 21:40:03,690.21,0.45
6,running,254.88,0.47,0,2025-04-30 21:40:03,767.25,0.44
7,running,221.42,0.89,0,2025-04-30 21:40:03,676.62,0.44
8,idle,60.0,0.2,0,2025-04-30 21:40:03,672.66,0.46
9,running,135.96,0.52,637,2025-04-30 21:40:03,701.71,0.43
10,running,114.27,0.9,1849,2025-04-30 21:40:03,693.18,0.45
1,running,171.93,0.9,2116,2025-04-30 21:40:13,749.05,0.44
2,running,300,0.9,1040,2025-04-30 21:40:13,730.36,0.47
3,running,187.16,0.58,697,2025-04-30 21:40:13,745.77,0.43
4,running,86.72,0.51,715,2025-04-30 21:40:13,779.74,0.44
5,running,259.98,0.9,1146,2025-04-30 21:40:13,690.21,0.45
6,running,278.19,0.66,240,2025-04-30 21:40:13,767.25,0.44
7,running,300,0.9,196,2025-04-30 21:40:13,676.62,0.44
8,running,117.49,0.36,265,2025-04-30 21:40:13,672.66,0.46
9,running,165.63,0.9,978,2025-04-30 21:40:13,701.71,0.43
10,running,79.33,0.9,2026,2025-04-30 21:40:13,693.19,0.46
1,error,60.0,0.2,0,2025-04-30 21:40:23,749.05,0.44
2,running,284.49,0.9,835,2025-04-30 21:40:23,730.36,0.47
3,running,159.37,0.87,797,2025-04-30 21:40:23,745.78,0.44
4,running,95.2,0.69,419,2025-04-30 21:40:23,779.74,0.44
5,running,300,0.9,1213,2025-04-30 21:40:23,690.21,0.45
6,running,270.49,0.89,1121,2025-04-30 21:40:23,767.25,0.44
7,running,288.3,0.9,0,2025-04-30 21:40:23,676.62,0.44
8,running,148.48,0.72,500,2025-04-30 21:40:23,672.66,0.46
9,running,208.96,0.9,1858,2025-04-30 21:40:23,701.71,0.43
10,running,93.5,0.9,1775,2025-04-30 21:40:23,693.19,0.46
1,running,132.96,0.32,0,2025-04-30 21:40:33,749.05,0.44
2,running,286.84,0.9,0,2025-04-30 21:40:33,730.36,0.47
3,running,189.34,0.9,1154,2025-04-30 21:40:33,745.78,0.44
4,running,165.04,0.7,0,2025-04-30 21:40:33,779.74,0.44
5,running,300,0.9,1864,2025-04-30 21:40:33,690.22,0.46
6,idle,60.0,0.2,0,2025-04-30 21:40:33,767.25,0.44
7,running,262.49,0.9,78,2025-04-30 21:40:33,676.62,0.44
8,running,182.48,0.9,239,2025-04-30 21:40:33,672.67,0.47
9,idle,60.0,0.2,0,2025-04-30 21:40:33,701.71,0.43
10,running,132.7,0.9,2376,2025-04-30 21:40:33,693.19,0.46
1,error,60.0,0.2,0,2025-04-30 21:40:43,749.05,0.44
2,running,279.06,0.9,0,2025-04-30 21:40:43,730.37,0.48
3,idle,60.0,0.2,0,2025-04-30 21:40:43,745.78,0.44
4,running,231.89,0.69,0,2025-04-30 21:40:43,779.74,0.44
5,running,300,0.9,2793,2025-04-30 21:40:43,690.22,0.46
6,running,78.32,0.24,478,2025-04-30 21:40:43,767.25,0.44
7,running,271.82,0.9,0,2025-04-30 21:40:43,676.63,0.45
8,running,216.27,0.9,1074,2025-04-30 21:40:43,672.67,0.47
9,running,60,0.48,0,2025-04-30 21:40:43,701.72,0.44
10,running,128.82,0.9,2709,2025-04-30 21:40:43,693.19,0.46
1,running,60,0.58,0,2025-04-30 21:40:53,749.06,0.45
2,running,300,0.9,0,2025-04-30 21:40:53,730.37,0.48
3,running,71.44,0.68,528,2025-04-30 21:40:53,745.78,0.44
4,running,239.07,0.9,901,2025-04-30 21:40:53,779.75,0.45
5,running,266.85,0.9,2931,2025-04-30 21:40:53,690.22,0.46
6,running,60,0.47,126,2025-04-30 21:40:53,767.26,0.45
7,running,256.0,0.9,0,2025-04-30 21:40:53,676.63,0.45
8,running,198.1,0.9,2051,2025-04-30 21:40:53,672.67,0.47
9,idle,60.0,0.2,0,2025-04-30 21:40:53,701.72,0.44
10,running,167.96,0.9,2433,2025-04-30 21:40:53,693.2,0.47
1,running,126.43,0.57,670,2025-04-30 21:41:03,749.06,0.45
2,running,300,0.9,0,2025-04-30 21:41:03,730.37,0.48
3,running,60,0.82,567,2025-04-30 21:41:03,745.78,0.44
4,running,300,0.9,1625,2025-04-30 21:41:03,779.75,0.45
5,running,300,0.9,2935,2025-04-30 21:41:03,690.22,0.46
6,running,60,0.7,0,2025-04-30 21:41:03,767.26,0.45
7,running,295.03,0.86,0,2025-04-30 21:41:03,676.63,0.45
8,running,181.52,0.9,1609,2025-04-30 21:41:03,672.67,0.47
9,running,141.7,0.22,0,2025-04-30 21:41:03,701.72,0.44
10,running,146.3,0.9,1485,2025-04-30 21:41:03,693.2,0.47
1,idle,60.0,0.2,0,2025-04-30 21:41:13,749.06,0.45
2,running,255.69,0.9,0,2025-04-30 21:41:13,730.38,0.49
3,running,104.57,0.9,0,2025-04-30 21:41:13,745.79,0.45
4,running,300,0.9,1872,2025-04-30 21:41:13,779.75,0.45
5,running,300,0.86,2701,2025-04-30 21:41:13,690.23,0.47
6,running,86.19,0.89,0,2025-04-30 21:41:13,767.26,0.45
7,running,300,0.9,878,2025-04-30 21:41:13,676.64,0.46
8,running,216.32,0.9,2408,2025-04-30 21:41:13,672.68,0.48
9,idle,60.0,0.2,0,2025-04-30 21:41:13,701.72,0.44
10,running,165.11,0.9,926,2025-04-30 21:41:13,693.2,0.47
1,running,86.61,0.15,547,2025-04-30 21:41:23,749.06,0.45
2,running,300,0.9,0,2025-04-30 21:41:23,730.38,0.49
3,running,198.17,0.9,0,2025-04-30 21:41:23,745.79,0.45
4,running,300,0.9,2801,2025-04-30 21:41:23,779.76,0.46
5,running,279.47,0.9,3413,2025-04-30 21:41:23,690.23,0.47
6,running,123.89,0.88,861,2025-04-30 21:41:23,767.27,0.46
7,running,263.11,0.9,1567,2025-04-30 21:41:23,676.64,0.46
8,running,249.76,0.9,3262,2025-04-30 21:41:23,672.68,0.48
9,running,86.73,0.34,169,2025-04-30 21:41:23,701.72,0.44
10,running,229.2,0.9,1441,2025-04-30 21:41:23,693.2,0.47
1,running,152.32,0.21,708,2025-04-30 21:41:33,749.07,0.46
2,running,291.85,0.9,963,2025-04-30 21:41:33,730.38,0.49
3,idle,60.0,0.2,0,2025-04-30 21:41:33,745.79,0.45
4,running,283.57,0.9,2355,2025-04-30 21:41:33,779.76,0.46
5,running,300,0.9,4099,2025-04-30 21:41:33,690.23,0.47
6,error,60.0,0.2,0,2025-04-30 21:41:33,767.27,0.46
7,running,287.63,0.9,2252,2025-04-30 21:41:33,676.64,0.46
8,running,263.7,0.9,3150,2025-04-30 21:41:33,672.68,0.48
9,running,70.55,0.66,0,2025-04-30 21:41:33,701.72,0.44
10,running,226.3,0.9,1295,2025-04-30 21:41:33,693.21,0.48
1,running,188.86,0.22,495,2025-04-30 21:41:43,749.07,0.46
2,running,299.9,0.9,1854,2025-04-30 21:41:43,730.38,0.49
3,idle,60.0,0.2,0,2025-04-30 21:41:43,745.79,0.45
4,running,300,0.9,2730,2025-04-30 21:41:43,779.76,0.46
5,running,278.17,0.9,4415,2025-04-30 21:41:43,690.23,0.47
6,running,77.59,0.57,0,2025-04-30 21:41:43,767.27,0.46
7,running,264.83,0.9,1551,2025-04-30 21:41:43,676.64,0.46
8,running,247.45,0.9,3288,2025-04-30 21:41:43,672.69,0.49
9,running,91.32,0.78,0,2025-04-30 21:41:43,701.73,0.45
10,idle,60.0,0.2,0,2025-04-30 21:41:43,693.21,0.48
1,running,251.25,0.69,726,2025-04-30 21:41:53,749.07,0.46
2,running,300,0.9,2491,2025-04-30 21:41:53,730.39,0.5
3,running,60,0.58,0,2025-04-30 21:41:53,745.79,0.45
4,running,300,0.9,2938,2025-04-30 21:41:53,779.76,0.46
5,running,300,0.9,4781,2025-04-30 21:41:53,690.24,0.48
6,running,116.71,0.79,0,2025-04-30 21:41:53,767.27,0.46
7,idle,60.0,0.2,0,2025-04-30 21:41:53,676.64,0.46
8,running,300,0.9,4256,2025-04-30 21:41:53,672.69,0.49
9,running,138.76,0.9,0,2025-04-30 21:41:53,701.73,0.45
10,running,60,0.16,522,2025-04-30 21:41:53,693.21,0.48
1,idle,60.0,0.2,0,2025-04-30 21:42:03,749.07,0.46
2,idle,60.0,0.2,0,2025-04-30 21:42:03,730.39,0.5
3,running,76.99,0.8,41,2025-04-30 21:42:03,745.8,0.46
4,running,300,0.9,3808,2025-04-30 21:42:03,779.77,0.47
5,error,60.0,0.2,0,2025-04-30 21:42:03,690.24,0.48
6,running,89.89,0.9,0,2025-04-30 21:42:03,767.27,0.46
7,idle,60.0,0.2,0,2025-04-30 21:42:03,676.64,0.46
8,running,300,0.9,3877,2025-04-30 21:42:03,672.69,0.49
9,running,154.9,0.9,0,2025-04-30 21:42:03,701.73,0.45
10,idle,60.0,0.2,0,2025-04-30 21:42:03,693.21,0.48
1,idle,60.0,0.2,0,2025-04-30 21:42:13,749.07,0.46
2,running,60,0.36,0,2025-04-30 21:42:13,730.39,0.5
3,running,81.7,0.83,0,2025-04-30 21:42:13,745.8,0.46
4,running,300,0.9,3240,2025-04-30 21:42:13,779.77,0.47
5,running,121.38,0.3,809,2025-04-30 21:42:13,690.24,0.48
6,running,113.63,0.9,0,2025-04-30 21:42:13,767.28,0.47
7,running,124.57,0.39,0,2025-04-30 21:42:13,676.65,0.47
8,running,269.57,0.9,3089,2025-04-30 21:42:13,672.69,0.49
9,running,196.76,0.9,0,2025-04-30 21:42:13,701.74,0.46
10,running,141.06,0.51,0,2025-04-30 21:42:13,693.21,0.48
1,running,113.24,0.54,0,2025-04-30 21:42:54,749.07,0.46
2,running,133.17,0.83,612,2025-04-30 21:42:54,730.39,0.5
3,running,115.88,0.9,339,2025-04-30 21:42:54,745.8,0.46
4,running,300,0.9,4210,2025-04-30 21:42:54,779.77,0.47
5,running,220.97,0.54,1123,2025-04-30 21:42:54,690.24,0.48
6,running,191.18,0.9,975,2025-04-30 21:42:54,767.28,0.47
7,running,85.97,0.67,0,2025-04-30 21:42:54,676.65,0.47
8,idle,60.0,0.2,0,2025-04-30 21:42:54,672.69,0.49
9,running,296.19,0.9,0,2025-04-30 21:42:54,701.74,0.46
10,idle,60.0,0.2,0,2025-04-30 21:42:54,693.21,0.48
1,running,121.57,0.79,0,2025-04-30 21:43:04,749.08,0.47
2,error,60.0,0.2,0,2025-04-30 21:43:04,730.39,0.5
3,running,108.25,0.9,0,2025-04-30 21:43:04,745.81,0.47
4,running,300,0.9,5050,2025-04-30 21:43:04,779.78,0.48
5,running,294.61,0.54,1350,2025-04-30 21:43:04,690.25,0.49
6,running,200.09,0.9,616,2025-04-30 21:43:04,767.29,0.48
7,running,60,0.9,299,2025-04-30 21:43:04,676.66,0.48
8,running,66.9,0.22,275,2025-04-30 21:43:04,672.69,0.49
9,running,300,0.9,315,2025-04-30 21:43:04,701.75,0.47
10,running,84.52,0.61,389,2025-04-30 21:43:04,693.21,0.48
1,error,60.0,0.2,0,2025-04-30 21:43:14,749.08,0.47
2,idle,60.0,0.2,0,2025-04-30 21:43:14,730.39,0.5
3,running,85.8,0.9,0,2025-04-30 21:43:14,745.81,0.47
4,running,296.85,0.9,5395,2025-04-30 21:43:14,779.78,0.48
5,running,300,0.82,1029,2025-04-30 21:43:14,690.25,0.49
6,running,262.26,0.9,255,2025-04-30 21:43:14,767.29,0.48
7,running,60,0.9,640,2025-04-30 21:43:14,676.66,0.48
8,idle,60.0,0.2,0,2025-04-30 21:43:14,672.69,0.49
9,running,300,0.9,0,2025-04-30 21:43:14,701.75,0.47
10,running,60,0.9,0,2025-04-30 21:43:14,693.22,0.49
1,running,120.7,0.66,415,2025-04-30 21:43:24,749.08,0.47
2,idle,60.0,0.2,0,2025-04-30 21:43:24,730.39,0.5
3,running,144.37,0.9,259,2025-04-30 21:43:24,745.81,0.47
4,running,300,0.9,5796,2025-04-30 21:43:24,779.78,0.48
5,running,274.32,0.89,192,2025-04-30 21:43:24,690.25,0.49
6,idle,60.0,0.2,0,2025-04-30 21:43:24,767.29,0.48
7,running,121.56,0.9,966,2025-04-30 21:43:24,676.66,0.48
8,error,60.0,0.2,0,2025-04-30 21:43:24,672.69,0.49
9,running,270.47,0.9,904,2025-04-30 21:43:24,701.75,0.47
10,running,60,0.9,0,2025-04-30 21:43:24,693.22,0.49
1,idle,60.0,0.2,0,2025-04-30 21:43:34,749.08,0.47
2,running,60,0.45,223,2025-04-30 21:43:34,730.4,0.51
3,running,221.7,0.9,451,2025-04-30 21:43:34,745.81,0.47
4,idle,60.0,0.2,0,2025-04-30 21:43:34,779.78,0.48
5,running,271.66,0.9,0,2025-04-30 21:43:34,690.25,0.49
6,running,60,0.62,267,2025-04-30 21:43:34,767.29,0.48
7,running,128.65,0.9,70,2025-04-30 21:43:34,676.66,0.48
8,idle,60.0,0.2,0,2025-04-30 21:43:34,672.69,0.49
9,running,263.54,0.9,1739,2025-04-30 21:43:34,701.75,0.47
10,running,84.18,0.9,257,2025-04-30 21:43:34,693.22,0.49
1,error,60.0,0.2,0,2025-04-30 21:43:44,749.08,0.47
2,running,115.42,0.81,529,2025-04-30 21:43:44,730.4,0.51
3,idle,60.0,0.2,0,2025-04-30 21:43:44,745.81,0.47
4,running,124.88,0.65,0,2025-04-30 21:43:44,779.78,0.48
5,idle,60.0,0.2,0,2025-04-30 21:43:44,690.25,0.49
6,running,87.25,0.9,1247,2025-04-30 21:43:44,767.29,0.48
7,running,94.7,0.9,863,2025-04-30 21:43:44,676.67,0.49
8,idle,60.0,0.2,0,2025-04-30 21:43:44,672.69,0.49
9,running,263.98,0.9,1365,2025-04-30 21:43:44,701.76,0.48
10,idle,60.0,0.2,0,2025-04-30 21:43:44,693.22,0.49
1,running,154.22,0.29,0,2025-04-30 21:43:54,749.08,0.47
2,running,66.98,0.9,410,2025-04-30 21:43:54,730.4,0.51
3,error,60.0,0.2,0,2025-04-30 21:43:54,745.81,0.47
4,running,126.2,0.64,999,2025-04-30 21:43:54,779.79,0.49
5,running,60,0.3,424,2025-04-30 21:43:54,690.26,0.5
6,running,60,0.9,898,2025-04-30 21:43:54,767.3,0.49
7,running,60,0.9,899,2025-04-30 21:43:54,676.67,0.49
8,running,60,0.29,166,2025-04-30 21:43:54,672.7,0.5
9,running,300,0.9,670,2025-04-30 21:43:54,701.76,0.48
10,running,96.38,0.33,846,2025-04-30 21:43:54,693.22,0.49
1,idle,60.0,0.2,0,2025-04-30 21:44:04,749.08,0.47
2,running,158.95,0.9,0,2025-04-30 21:44:04,730.4,0.51
3,running,125.55,0.47,0,2025-04-30 21:44:04,745.82,0.48
4,running,205.52,0.9,8,2025-04-30 21:44:04,779.79,0.49
5,running,136.1,0.27,0,2025-04-30 21:44:04,690.26,0.5
6,running,60,0.9,1084,2025-04-30 21:44:04,767.3,0.49
7,running,60,0.9,1230,2025-04-30 21:44:04,676.67,0.49
8,idle,60.0,0.2,0,2025-04-30 21:44:04,672.7,0.5
9,running,294.96,0.9,0,2025-04-30 21:44:04,701.76,0.48
10,running,117.49,0.64,675,2025-04-30 21:44:04,693.23,0.5
1,running,60,0.46,0,2025-04-30 21:44:14,749.08,0.47
2,running,128.36,0.9,584,2025-04-30 21:44:14,730.41,0.52
3,running,90.05,0.46,194,2025-04-30 21:44:14,745.82,0.48
4,running,240.54,0.9,596,2025-04-30 21:44:14,779.79,0.49
5,idle,60.0,0.2,0,2025-04-30 21:44:14,690.26,0.5
6,idle,60.0,0.2,0,2025-04-30 21:44:14,767.3,0.49
7,running,60,0.9,717,2025-04-30 21:44:14,676.67,0.49
8,running,60,0.17,671,2025-04-30 21:44:14,672.7,0.5
9,running,295.92,0.9,0,2025-04-30 21:44:14,701.76,0.48
10,running,148.66,0.9,711,2025-04-30 21:44:14,693.23,0.5
1,running,149.81,0.75,0,2025-04-30 21:44:24,749.09,0.48
2,running,225.21,0.9,1169,2025-04-30 21:44:24,730.41,0.52
3,running,135.8,0.42,1062,2025-04-30 21:44:24,745.82,0.48
4,running,243.86,0.9,675,2025-04-30 21:44:24,779.79,0.49
5,running,60,0.68,127,2025-04-30 21:44:24,690.26,0.5
6,running,142.95,0.27,0,2025-04-30 21:44:24,767.3,0.49
7,running,73.48,0.9,0,2025-04-30 21:44:24,676.68,0.5
8,running,154.41,0.51,1120,2025-04-30 21:44:24,672.7,0.5
9,running,300,0.9,0,2025-04-30 21:44:24,701.77,0.49
10,running,227.6,0.9,899,2025-04-30 21:44:24,693.23,0.5
1,running,200.68,0.9,595,2025-04-30 21:44:34,749.09,0.48
2,running,300,0.9,896,2025-04-30 21:44:34,730.41,0.52
3,running,178.75,0.8,362,2025-04-30 21:44:34,745.82,0.48
4,running,295.83,0.9,963,2025-04-30 21:44:34,779.8,0.5
5,running,60,0.86,182,2025-04-30 21:44:34,690.26,0.5
6,running,223.4,0.44,0,2025-04-30 21:44:34,767.3,0.49
7,running,138.19,0.9,397,2025-04-30 21:44:34,676.68,0.5
8,running,132.37,0.66,1837,2025-04-30 21:44:34,672.7,0.5
9,running,300,0.9,0,2025-04-30 21:44:34,701.77,0.49
10,running,261.14,0.9,736,2025-04-30 21:44:34,693.23,0.5
1,running,201.76,0.9,339,2025-04-30 21:44:44,749.09,0.48
2,running,259.82,0.9,81,2025-04-30 21:44:44,730.41,0.52
3,running,263.7,0.9,223,2025-04-30 21:44:44,745.83,0.49
4,running,300,0.9,298,2025-04-30 21:44:44,779.8,0.5
5,idle,60.0,0.2,0,2025-04-30 21:44:44,690.26,0.5
6,running,189.4,0.76,0,2025-04-30 21:44:44,767.31,0.5
7,idle,60.0,0.2,0,2025-04-30 21:44:44,676.68,0.5
8,running,166.11,0.67,899,2025-04-30 21:44:44,672.71,0.51
9,running,277.16,0.9,907,2025-04-30 21:44:44,701.77,0.49
10,running,275.51,0.89,338,2025-04-30 21:44:44,693.24,0.51
1,running,273.3,0.9,0,2025-04-30 21:44:54,749.09,0.48
2,running,216.59,0.9,968,2025-04-30 21:44:54,730.42,0.53
3,running,218.14,0.9,902,2025-04-30 21:44:54,745.83,0.49
4,idle,60.0,0.2,0,2025-04-30 21:44:54,779.8,0.5
5,running,60,0.22,212,2025-04-30 21:44:54,690.27,0.51
6,running,233.65,0.9,0,2025-04-30 21:44:54,767.31,0.5
7,error,60.0,0.2,0,2025-04-30 21:44:54,676.68,0.5
8,running,125.03,0.67,332,2025-04-30 21:44:54,672.71,0.51
9,running,239.81,0.9,1260,2025-04-30 21:44:54,701.78,0.5
10,running,278.13,0.9,562,2025-04-30 21:44:54,693.24,0.51
1,running,300,0.9,0,2025-04-30 21:45:04,749.1,0.49
2,running,260.57,0.87,1373,2025-04-30 21:45:04,730.42,0.53
3,running,259.89,0.9,1002,2025-04-30 21:45:04,745.83,0.49
4,running,148.77,0.52,0,2025-04-30 21:45:04,779.8,0.5
5,error,60.0,0.2,0,2025-04-30 21:45:04,690.27,0.51
6,running,289.89,0.9,328,2025-04-30 21:45:04,767.31,0.5
7,running,118.86,0.69,0,2025-04-30 21:45:04,676.68,0.5
8,running,219.72,0.9,0,2025-04-30 21:45:04,672.71,0.51
9,running,196.98,0.9,1601,2025-04-30 21:45:04,701.78,0.5
10,running,300,0.9,0,2025-04-30 21:45:04,693.24,0.51
1,idle,60.0,0.2,0,2025-04-30 21:45:14,749.1,0.49
2,running,300,0.9,971,2025-04-30 21:45:14,730.42,0.53
3,running,228.61,0.9,1354,2025-04-30 21:45:14,745.84,0.5
4,running,119.0,0.88,0,2025-04-30 21:45:14,779.81,0.51
5,idle,60.0,0.2,0,2025-04-30 21:45:14,690.27,0.51
6,running,300,0.9,0,2025-04-30 21:45:14,767.32,0.51
7,running,78.69,0.9,818,2025-04-30 21:45:14,676.69,0.51
8,running,235.53,0.9,793,2025-04-30 21:45:14,672.71,0.51
9,running,190.17,0.9,1816,2025-04-30 21:45:14,701.78,0.5
10,running,300,0.9,0,2025-04-30 21:45:14,693.25,0.52
1,running,97.24,0.57,0,2025-04-30 21:45:24,749.1,0.49
2,running,300,0.9,984,2025-04-30 21:45:24,730.43,0.54
3,running,190.91,0.9,1319,2025-04-30 21:45:24,745.84,0.5
4,running,125.45,0.9,0,2025-04-30 21:45:24,779.81,0.51
5,running,116.0,0.63,832,2025-04-30 21:45:24,690.27,0.51
6,running,300,0.9,0,2025-04-30 21:45:24,767.32,0.51
7,running,60,0.9,1806,2025-04-30 21:45:24,676.69,0.51
8,running,201.25,0.9,911,2025-04-30 21:45:24,672.72,0.52
9,running,276.95,0.9,2219,2025-04-30 21:45:24,701.78,0.5
10,running,300,0.9,0,2025-04-30 21:45:24,693.25,0.52
1,running,162.48,0.62,61,2025-04-30 21:45:34,749.1,0.49
2,error,60.0,0.2,0,2025-04-30 21:45:34,730.43,0.54
3,running,260.08,0.9,1123,2025-04-30 21:45:34,745.84,0.5
4,running,200.76,0.9,0,2025-04-30 21:45:34,779.81,0.51
5,running,137.42,0.83,231,2025-04-30 21:45:34,690.27,0.51
6,running,300,0.9,0,2025-04-30 21:45:34,767.32,0.51
7,running,64.78,0.9,1357,2025-04-30 21:45:34,676.69,0.51
8,running,184.02,0.9,1336,2025-04-30 21:45:34,672.72,0.52
9,running,300,0.86,2883,2025-04-30 21:45:34,701.79,0.51
10,running,300,0.9,0,2025-04-30 21:45:34,693.25,0.52
1,running,132.66,0.72,0,2025-04-30 21:45:44,749.11,0.5
2,idle,60.0,0.2,0,2025-04-30 21:45:44,730.43,0.54
3,running,300,0.9,1650,2025-04-30 21:45:44,745.84,0.5
4,idle,60.0,0.2,0,2025-04-30 21:45:44,779.81,0.51
5,running,93.24,0.8,174,2025-04-30 21:45:44,690.28,0.52
6,running,300,0.9,669,2025-04-30 21:45:44,767.32,0.51
7,idle,60.0,0.2,0,2025-04-30 21:45:44,676.69,0.51
8,running,213.65,0.9,1837,2025-04-30 21:45:44,672.72,0.52
9,running,269.06,0.9,3100,2025-04-30 21:45:44,701.79,0.51
10,running,263.61,0.9,303,2025-04-30 21:45:44,693.25,0.52
1,error,60.0,0.2,0,2025-04-30 21:45:54,749.11,0.5
2,running,113.6,0.34,408,2025-04-30 21:45:54,730.43,0.54
3,running,300,0.9,1594,2025-04-30 21:45:54,745.85,0.51
4,running,154.31,0.37,583,2025-04-30 21:45:54,779.81,0.51
5,running,184.23,0.77,1063,2025-04-30 21:45:54,690.28,0.52
6,running,300,0.9,42,2025-04-30 21:45:54,767.33,0.52
7,error,60.0,0.2,0,2025-04-30 21:45:54,676.69,0.51
8,error,60.0,0.2,0,2025-04-30 21:45:54,672.72,0.52
9,running,300,0.9,4092,2025-04-30 21:45:54,701.79,0.51
10,running,243.03,0.9,0,2025-04-30 21:45:54,693.26,0.53
1,running,82.28,0.26,0,2025-04-30 21:46:04,749.11,0.5
2,idle,60.0,0.2,0,2025-04-30 21:46:04,730.43,0.54
3,running,300,0.9,597,2025-04-30 21:46:04,745.85,0.51
4,idle,60.0,0.2,0,2025-04-30 21:46:04,779.81,0.51
5,running,226.21,0.9,1398,2025-04-30 21:46:04,690.28,0.52
6,running,257.2,0.9,515,2025-04-30 21:46:04,767.33,0.52
7,running,96.85,0.52,955,2025-04-30 21:46:04,676.69,0.51
8,running,116.76,0.36,0,2025-04-30 21:46:04,672.73,0.53
9,running,300,0.9,5071,2025-04-30 21:46:04,701.8,0.52
10,running,259.94,0.9,915,2025-04-30 21:46:04,693.26,0.53
1,idle,60.0,0.2,0,2025-04-30 21:46:14,749.11,0.5
2,running,60,0.42,0,2025-04-30 21:46:14,730.43,0.54
3,running,300,0.9,50,2025-04-30 21:46:14,745.85,0.51
4,running,120.72,0.38,136,2025-04-30 21:46:14,779.82,0.52
5,idle,60.0,0.2,0,2025-04-30 21:46:14,690.28,0.52
6,running,298.46,0.9,255,2025-04-30 21:46:14,767.33,0.52
7,running,106.04,0.48,737,2025-04-30 21:46:14,676.7,0.52
8,running,138.55,0.79,980,2025-04-30 21:46:14,672.73,0.53
9,idle,60.0,0.2,0,2025-04-30 21:46:14,701.8,0.52
10,running,268.42,0.9,666,2025-04-30 21:46:14,693.26,0.53
1,running,135.5,0.38,325,2025-04-30 21:46:24,749.11,0.5
2,running,128.77,0.84,0,2025-04-30 21:46:24,730.43,0.54
3,running,300,0.89,0,2025-04-30 21:46:24,745.86,0.52
4,idle,60.0,0.2,0,2025-04-30 21:46:24,779.82,0.52
5,running,67.42,0.36,0,2025-04-30 21:46:24,690.28,0.52
6,running,250.54,0.9,664,2025-04-30 21:46:24,767.34,0.53
7,running,117.86,0.61,0,2025-04-30 21:46:24,676.7,0.52
8,running,235.97,0.9,1483,2025-04-30 21:46:24,672.73,0.53
9,running,60,0.41,484,2025-04-30 21:46:24,701.8,0.52
10,idle,60.0,0.2,0,2025-04-30 21:46:24,693.26,0.53
1,idle,60.0,0.2,0,2025-04-30 21:46:34,749.11,0.5
2,running,188.36,0.87,632,2025-04-30 21:46:34,730.44,0.55
3,running,294.44,0.9,690,2025-04-30 21:46:34,745.86,0.52
4,running,97.25,0.2,0,2025-04-30 21:46:34,779.82,0.52
5,running,163.48,0.45,0,2025-04-30 21:46:34,690.29,0.53
6,idle,60.0,0.2,0,2025-04-30 21:46:34,767.34,0.53
7,running,94.58,0.78,0,2025-04-30 21:46:34,676.7,0.52
8,running,300,0.9,2053,2025-04-30 21:46:34,672.73,0.53
9,idle,60.0,0.2,0,2025-04-30 21:46:34,701.8,0.52
10,idle,60.0,0.2,0,2025-04-30 21:46:34,693.26,0.53
1,running,60.32,0.43,429,2025-04-30 21:46:44,749.11,0.5
2,running,195.39,0.85,1495,2025-04-30 21:46:44,730.44,0.55
3,idle,60.0,0.2,0,2025-04-30 21:46:44,745.86,0.52
4,running,97.38,0.67,0,2025-04-30 21:46:44,779.82,0.52
5,running,227.82,0.78,524,2025-04-30 21:46:44,690.29,0.53
6,running,72.02,0.55,984,2025-04-30 21:46:44,767.34,0.53
7,running,114.48,0.9,0,2025-04-30 21:46:44,676.71,0.53
8,running,300,0.9,2605,2025-04-30 21:46:44,672.74,0.54
9,idle,60.0,0.2,0,2025-04-30 21:46:44,701.8,0.52
10,running,60,0.68,0,2025-04-30 21:46:44,693.27,0.54
1,running,129.66,0.9,1220,2025-04-30 21:46:54,749.12,0.51
2,running,164.43,0.82,1280,2025-04-30 21:46:54,730.44,0.55
3,running,98.23,0.32,0,2025-04-30 21:46:54,745.86,0.52
4,running,84.19,0.79,931,2025-04-30 21:46:54,779.83,0.53
5,running,201.78,0.9,604,2025-04-30 21:46:54,690.29,0.53
6,idle,60.0,0.2,0,2025-04-30 21:46:54,767.34,0.53
7,idle,60.0,0.2,0,2025-04-30 21:46:54,676.71,0.53
8,idle,60.0,0.2,0,2025-04-30 21:46:54,672.74,0.54
9,running,96.96,0.42,0,2025-04-30 21:46:54,701.8,0.52
10,running,60,0.79,682,2025-04-30 21:46:54,693.27,0.54
1,running,187.0,0.9,392,2025-04-30 21:47:04,749.12,0.51
2,running,255.83,0.9,1470,2025-04-30 21:47:04,730.45,0.56
3,running,104.74,0.58,974,2025-04-30 21:47:04,745.86,0.52
4,running,180.08,0.9,804,2025-04-30 21:47:04,779.83,0.53
5,running,271.77,0.88,252,2025-04-30 21:47:04,690.3,0.54
6,running,80.24,0.42,0,2025-04-30 21:47:04,767.34,0.53
7,running,151.29,0.16,0,2025-04-30 21:47:04,676.71,0.53
8,running,60,0.29,407,2025-04-30 21:47:04,672.74,0.54
9,running,133.79,0.49,0,2025-04-30 21:47:04,701.8,0.52
10,running,60,0.9,0,2025-04-30 21:47:04,693.27,0.54
1,running,187.82,0.9,1075,2025-04-30 21:47:14,749.12,0.51
2,running,297.02,0.9,2109,2025-04-30 21:47:14,730.45,0.56
3,running,67.73,0.85,1463,2025-04-30 21:47:14,745.87,0.53
4,idle,60.0,0.2,0,2025-04-30 21:47:14,779.83,0.53
5,idle,60.0,0.2,0,2025-04-30 21:47:14,690.3,0.54
6,running,65.62,0.65,964,2025-04-30 21:47:14,767.34,0.53
7,running,165.48,0.58,477,2025-04-30 21:47:14,676.71,0.53
8,running,60,0.65,0,2025-04-30 21:47:14,672.74,0.54
9,running,173.52,0.6,523,2025-04-30 21:47:14,701.81,0.53
10,running,60,0.9,0,2025-04-30 21:47:14,693.27,0.54
1,running,140.64,0.9,488,2025-04-30 21:47:24,749.13,0.52
2,running,300,0.9,1247,2025-04-30 21:47:24,730.45,0.56
3,idle,60.0,0.2,0,2025-04-30 21:47:24,745.87,0.53
4,running,60,0.25,186,2025-04-30 21:47:24,779.83,0.53
5,running,62.56,0.4,0,2025-04-30 21:47:24,690.3,0.54
6,running,60,0.81,1188,2025-04-30 21:47:24,767.35,0.54
7,running,177.66,0.9,0,2025-04-30 21:47:24,676.71,0.53
8,running,119.3,0.65,0,2025-04-30 21:47:24,672.75,0.55
9,running,150.13,0.71,1330,2025-04-30 21:47:24,701.81,0.53
10,running,60,0.9,964,2025-04-30 21:47:24,693.28,0.55
1,running,137.6,0.86,260,2025-04-30 21:47:34,749.13,0.52
2,running,300,0.9,371,2025-04-30 21:47:34,730.45,0.56
3,running,60,0.69,936,2025-04-30 21:47:34,745.87,0.53
4,running,60,0.25,247,2025-04-30 21:47:34,779.83,0.53
5,running,85.61,0.74,0,2025-04-30 21:47:34,690.3,0.54
6,running,148.6,0.79,1335,2025-04-30 21:47:34,767.35,0.54
7,running,224.71,0.88,0,2025-04-30 21:47:34,676.72,0.54
8,running,186.95,0.66,815,2025-04-30 21:47:34,672.75,0.55
9,running,129.29,0.9,1882,2025-04-30 21:47:34,701.81,0.53
10,running,92.14,0.9,176,2025-04-30 21:47:34,693.28,0.55
1,running,203.17,0.87,0,2025-04-30 21:47:44,749.13,0.52
2,idle,60.0,0.2,0,2025-04-30 21:47:44,730.45,0.56
3,idle,60.0,0.2,0,2025-04-30 21:47:44,745.87,0.53
4,running,74.89,0.38,612,2025-04-30 21:47:44,779.84,0.54
5,running,169.52,0.9,0,2025-04-30 21:47:44,690.3,0.54
6,running,168.39,0.9,1243,2025-04-30 21:47:44,767.35,0.54
7,running,258.77,0.89,0,2025-04-30 21:47:44,676.72,0.54
8,running,264.34,0.69,907,2025-04-30 21:47:44,672.75,0.55
9,error,60.0,0.2,0,2025-04-30 21:47:44,701.81,0.53
10,running,144.92,0.9,0,2025-04-30 21:47:44,693.28,0.55
1,running,259.4,0.9,0,2025-04-30 21:47:54,749.13,0.52
2,idle,60.0,0.2,0,2025-04-30 21:47:54,730.45,0.56
3,running,149.14,0.26,0,2025-04-30 21:47:54,745.87,0.53
4,running,173.25,0.53,0,2025-04-30 21:47:54,779.84,0.54
5,idle,60.0,0.2,0,2025-04-30 21:47:54,690.3,0.54
6,running,174.08,0.89,811,2025-04-30 21:47:54,767.35,0.54
7,running,221.37,0.9,0,2025-04-30 21:47:54,676.72,0.54
8,idle,60.0,0.2,0,2025-04-30 21:47:54,672.75,0.55
9,running,107.21,0.2,0,2025-04-30 21:47:54,701.81,0.53
10,running,132.24,0.9,0,2025-04-30 21:47:54,693.28,0.55
1,running,270.48,0.9,277,2025-04-30 21:48:04,749.14,0.53
2,idle,60.0,0.2,0,2025-04-30 21:48:04,730.45,0.56
3,running,152.8,0.53,0,2025-04-30 21:48:04,745.87,0.53
4,running,271.4,0.6,149,2025-04-30 21:48:04,779.84,0.54
5,running,60,0.69,671,2025-04-30 21:48:04,690.31,0.55
6,running,203.98,0.9,1751,2025-04-30 21:48:04,767.36,0.55
7,running,186.53,0.85,0,2025-04-30 21:48:04,676.72,0.54
8,running,60,0.58,0,2025-04-30 21:48:04,672.75,0.55
9,running,107.63,0.2,0,2025-04-30 21:48:04,701.82,0.54
10,running,99.06,0.9,0,2025-04-30 21:48:04,693.29,0.56
1,running,300,0.9,0,2025-04-30 21:48:14,749.14,0.53
2,running,129.18,0.41,0,2025-04-30 21:48:14,730.46,0.57
3,running,193.02,0.56,652,2025-04-30 21:48:14,745.88,0.54
4,running,300,0.76,0,2025-04-30 21:48:14,779.84,0.54
5,running,60,0.9,689,2025-04-30 21:48:14,690.31,0.55
6,running,166.57,0.9,1134,2025-04-30 21:48:14,767.36,0.55
7,running,174.12,0.9,440,2025-04-30 21:48:14,676.73,0.55
8,running,95.78,0.9,705,2025-04-30 21:48:14,672.76,0.56
9,running,166.41,0.46,758,2025-04-30 21:48:14,701.82,0.54
10,running,71.62,0.9,0,2025-04-30 21:48:14,693.29,0.56
1,running,270.17,0.9,0,2025-04-30 21:48:24,749.14,0.53
2,running,207.95,0.83,229,2025-04-30 21:48:24,730.46,0.57
3,running,160.16,0.53,785,2025-04-30 21:48:24,745.88,0.54
4,running,300,0.9,0,2025-04-30 21:48:24,779.85,0.55
5,idle,60.0,0.2,0,2025-04-30 21:48:24,690.31,0.55
6,idle,60.0,0.2,0,2025-04-30 21:48:24,767.36,0.55
7,running,163.57,0.9,1054,2025-04-30 21:48:24,676.73,0.55
8,running,104.87,0.9,623,2025-04-30 21:48:24,672.76,0.56
9,running,197.07,0.5,1196,2025-04-30 21:48:24,701.82,0.54
10,running,171.0,0.9,0,2025-04-30 21:48:24,693.29,0.56
1,running,280.17,0.9,44,2025-04-30 21:48:34,749.14,0.53
2,error,60.0,0.2,0,2025-04-30 21:48:34,730.46,0.57
3,running,113.38,0.58,0,2025-04-30 21:48:34,745.88,0.54
4,running,300,0.86,194,2025-04-30 21:48:34,779.85,0.55
5,idle,60.0,0.2,0,2025-04-30 21:48:34,690.31,0.55
6,idle,60.0,0.2,0,2025-04-30 21:48:34,767.36,0.55
7,idle,60.0,0.2,0,2025-04-30 21:48:34,676.73,0.55
8,running,128.1,0.85,1539,2025-04-30 21:48:34,672.76,0.56
9,running,162.34,0.59,2021,2025-04-30 21:48:34,701.83,0.55
10,running,227.34,0.87,961,2025-04-30 21:48:34,693.3,0.57
1,running,262.79,0.9,815,2025-04-30 21:48:44,749.15,0.54
2,running,152.63,0.68,140,2025-04-30 21:48:44,730.46,0.57
3,running,192.17,0.9,0,2025-04-30 21:48:44,745.89,0.55
4,running,300,0.9,1179,2025-04-30 21:48:44,779.85,0.55
5,running,60,0.29,19,2025-04-30 21:48:44,690.31,0.55
6,running,60,0.69,0,2025-04-30 21:48:44,767.36,0.55
7,running,60,0.47,0,2025-04-30 21:48:44,676.73,0.55
8,running,153.64,0.9,1529,2025-04-30 21:48:44,672.76,0.56
9,running,254.95,0.85,1685,2025-04-30 21:48:44,701.83,0.55
10,running,265.92,0.9,1680,2025-04-30 21:48:44,693.3,0.57
1,running,300,0.9,389,2025-04-30 21:48:54,749.15,0.54
2,running,176.6,0.65,538,2025-04-30 21:48:54,730.46,0.57
3,idle,60.0,0.2,0,2025-04-30 21:48:54,745.89,0.55
4,idle,60.0,0.2,0,2025-04-30 21:48:54,779.85,0.55
5,running,60,0.78,0,2025-04-30 21:48:54,690.31,0.55
6,running,64.18,0.9,929,2025-04-30 21:48:54,767.37,0.56
7,running,118.16,0.88,0,2025-04-30 21:48:54,676.74,0.56
8,running,195.12,0.9,2008,2025-04-30 21:48:54,672.77,0.57
9,running,300,0.9,1341,2025-04-30 21:48:54,701.83,0.55
10,idle,60.0,0.2,0,2025-04-30 21:48:54,693.3,0.57
1,running,287.88,0.9,618,2025-04-30 21:49:04,749.15,0.54
2,running,257.18,0.9,176,2025-04-30 21:49:04,730.47,0.58
3,idle,60.0,0.2,0,2025-04-30 21:49:04,745.89,0.55
4,running,106.65,0.58,880,2025-04-30 21:49:04,779.86,0.56
5,running,110.55,0.9,0,2025-04-30 21:49:04,690.32,0.56
6,running,88.06,0.9,1402,2025-04-30 21:49:04,767.37,0.56
7,idle,60.0,0.2,0,2025-04-30 21:49:04,676.74,0.56
8,running,155.11,0.9,2053,2025-04-30 21:49:04,672.77,0.57
9,running,257.81,0.9,2333,2025-04-30 21:49:04,701.83,0.55
10,running,64.46,0.51,655,2025-04-30 21:49:04,693.3,0.57
1,idle,60.0,0.2,0,2025-04-30 21:49:14,749.15,0.54
2,running,283.66,0.9,1031,2025-04-30 21:49:14,730.47,0.58
3,running,60,0.69,347,2025-04-30 21:49:14,745.89,0.55
4,running,189.94,0.9,1608,2025-04-30 21:49:14,779.86,0.56
5,idle,60.0,0.2,0,2025-04-30 21:49:14,690.32,0.56
6,idle,60.0,0.2,0,2025-04-30 21:49:14,767.37,0.56
7,running,60,0.54,0,2025-04-30 21:49:14,676.74,0.56
8,running,233.1,0.9,1244,2025-04-30 21:49:14,672.77,0.57
9,running,300,0.9,1874,2025-04-30 21:49:14,701.84,0.56
10,running,60,0.86,1154,2025-04-30 21:49:14,693.3,0.57
1,running,60,0.7,0,2025-04-30 21:49:24,749.16,0.55
2,running,300,0.9,822,2025-04-30 21:49:24,730.47,0.58
3,running,97.6,0.9,1303,2025-04-30 21:49:24,745.89,0.55
4,running,141.54,0.9,899,2025-04-30 21:49:24,779.86,0.56
5,running,86.51,0.68,0,2025-04-30 21:49:24,690.32,0.56
6,idle,60.0,0.2,0,2025-04-30 21:49:24,767.37,0.56
7,running,119.46,0.9,0,2025-04-30 21:49:24,676.74,0.56
8,running,296.58,0.9,278,2025-04-30 21:49:24,672.78,0.58
9,running,300,0.9,1657,2025-04-30 21:49:24,701.84,0.56
10,running,158.6,0.9,858,2025-04-30 21:49:24,693.31,0.58
1,running,115.56,0.9,0,2025-04-30 21:49:34,749.16,0.55
2,running,291.1,0.9,440,2025-04-30 21:49:34,730.48,0.59
3,idle,60.0,0.2,0,2025-04-30 21:49:34,745.89,0.55
4,running,173.75,0.86,1387,2025-04-30 21:49:34,779.86,0.56
5,running,177.87,0.86,825,2025-04-30 21:49:34,690.32,0.56
6,running,120.33,0.55,202,2025-04-30 21:49:34,767.37,0.56
7,running,145.35,0.9,0,2025-04-30 21:49:34,676.74,0.56
8,running,300,0.9,912,2025-04-30 21:49:34,672.78,0.58
9,running,300,0.87,1627,2025-04-30 21:49:34,701.84,0.56
10,idle,60.0,0.2,0,2025-04-30 21:49:34,693.31,0.58
1,running,137.86,0.9,0,2025-04-30 21:49:44,749.16,0.55
2,running,295.24,0.9,205,2025-04-30 21:49:44,730.48,0.59
3,idle,60.0,0.2,0,2025-04-30 21:49:44,745.89,0.55
4,running,231.54,0.82,2259,2025-04-30 21:49:44,779.87,0.57
5,running,208.6,0.83,1510,2025-04-30 21:49:44,690.33,0.57
6,running,110.27,0.58,0,2025-04-30 21:49:44,767.37,0.56
7,running,153.49,0.9,698,2025-04-30 21:49:44,676.75,0.57
8,error,60.0,0.2,0,2025-04-30 21:49:44,672.78,0.58
9,running,268.81,0.9,888,2025-04-30 21:49:44,701.85,0.57
10,running,123.71,0.22,580,2025-04-30 21:49:44,693.31,0.58
1,idle,60.0,0.2,0,2025-04-30 21:49:54,749.16,0.55
2,running,300,0.9,0,2025-04-30 21:49:54,730.48,0.59
3,running,67.49,0.37,503,2025-04-30 21:49:54,745.89,0.55
4,running,247.42,0.9,1335,2025-04-30 21:49:54,779.87,0.57
5,running,226.67,0.9,1986,2025-04-30 21:49:54,690.33,0.57
6,running,146.38,0.9,0,2025-04-30 21:49:54,767.38,0.57
7,running,202.31,0.9,1327,2025-04-30 21:49:54,676.75,0.57
8,running,74.29,0.42,0,2025-04-30 21:49:54,672.78,0.58
9,running,300,0.9,1854,2025-04-30 21:49:54,701.85,0.57
10,running,158.79,0.42,59,2025-04-30 21:49:54,693.31,0.58
1,running,62.07,0.67,0,2025-04-30 21:50:04,749.16,0.55
2,running,261.67,0.9,492,2025-04-30 21:50:04,730.48,0.59
3,running,98.39,0.6,1471,2025-04-30 21:50:04,745.9,0.56
4,running,271.89,0.9,1868,2025-04-30 21:50:04,779.87,0.57
5,running,178.55,0.9,1089,2025-04-30 21:50:04,690.33,0.57
6,running,216.33,0.9,0,2025-04-30 21:50:04,767.38,0.57
7,running,242.21,0.9,2154,2025-04-30 21:50:04,676.75,0.57
8,running,71.71,0.39,0,2025-04-30 21:50:04,672.78,0.58
9,running,275.99,0.9,1573,2025-04-30 21:50:04,701.85,0.57
10,running,200.38,0.88,0,2025-04-30 21:50:04,693.32,0.59
1,running,60,0.9,498,2025-04-30 21:50:14,749.17,0.56
2,idle,60.0,0.2,0,2025-04-30 21:50:14,730.48,0.59
3,running,83.63,0.9,744,2025-04-30 21:50:14,745.9,0.56
4,running,300,0.9,2335,2025-04-30 21:50:14,779.88,0.58
5,running,175.99,0.9,448,2025-04-30 21:50:14,690.33,0.57
6,running,176.1,0.9,0,2025-04-30 21:50:14,767.38,0.57
7,running,248.68,0.88,2426,2025-04-30 21:50:14,676.76,0.58
8,running,104.16,0.36,0,2025-04-30 21:50:14,672.79,0.59
9,idle,60.0,0.2,0,2025-04-30 21:50:14,701.85,0.57
10,running,261.58,0.87,0,2025-04-30 21:50:14,693.32,0.59
1,running,92.1,0.86,157,2025-04-30 21:50:24,749.17,0.56
2,running,60,0.52,977,2025-04-30 21:50:24,730.49,0.6
3,running,179.79,0.9,826,2025-04-30 21:50:24,745.9,0.56
4,running,300,0.9,2189,2025-04-30 21:50:24,779.88,0.58
5,error,60.0,0.2,0,2025-04-30 21:50:24,690.33,0.57
6,idle,60.0,0.2,0,2025-04-30 21:50:24,767.38,0.57
7,running,203.79,0.9,2414,2025-04-30 21:50:24,676.76,0.58
8,running,60,0.37,458,2025-04-30 21:50:24,672.79,0.59
9,running,60,0.34,0,2025-04-30 21:50:24,701.85,0.57
10,running,218.85,0.9,0,2025-04-30 21:50:24,693.32,0.59
1,running,123.81,0.9,645,2025-04-30 21:50:34,749.17,0.56
2,error,60.0,0.2,0,2025-04-30 21:50:34,730.49,0.6
3,running,262.72,0.9,1247,2025-04-30 21:50:34,745.91,0.57
4,idle,60.0,0.2,0,2025-04-30 21:50:34,779.88,0.58
5,running,98.13,0.34,0,2025-04-30 21:50:34,690.34,0.58
6,running,60,0.6,0,2025-04-30 21:50:34,767.39,0.58
7,running,216.97,0.9,2864,2025-04-30 21:50:34,676.76,0.58
8,idle,60.0,0.2,0,2025-04-30 21:50:34,672.79,0.59
9,running,152.32,0.67,275,2025-04-30 21:50:34,701.86,0.58
10,running,300,0.9,0,2025-04-30 21:50:34,693.32,0.59
1,running,176.86,0.88,777,2025-04-30 21:50:44,749.18,0.57
2,idle,60.0,0.2,0,2025-04-30 21:50:44,730.49,0.6
3,running,300,0.9,1051,2025-04-30 21:50:44,745.91,0.57
4,running,60,0.5,295,2025-04-30 21:50:44,779.88,0.58
5,running,60,0.56,76,2025-04-30 21:50:44,690.34,0.58
6,running,121.24,0.65,392,2025-04-30 21:50:44,767.39,0.58
7,running,186.98,0.9,2036,2025-04-30 21:50:44,676.76,0.58
8,running,120.69,0.55,0,2025-04-30 21:50:44,672.79,0.59
9,running,205.5,0.9,359,2025-04-30 21:50:44,701.86,0.58
10,running,296.86,0.9,0,2025-04-30 21:50:44,693.33,0.6
1,running,260.67,0.9,1045,2025-04-30 21:50:54,749.18,0.57
2,running,60,0.56,0,2025-04-30 21:50:54,730.49,0.6
3,running,300,0.9,500,2025-04-30 21:50:54,745.91,0.57
4,running,60,0.53,0,2025-04-30 21:50:54,779.88,0.58
5,running,60,0.58,0,2025-04-30 21:50:54,690.34,0.58
6,running,182.7,0.9,1002,2025-04-30 21:50:54,767.39,0.58
7,running,190.99,0.9,2634,2025-04-30 21:50:54,676.77,0.59
8,running,85.28,0.63,0,2025-04-30 21:50:54,672.8,0.6
9,error,60.0,0.2,0,2025-04-30 21:50:54,701.86,0.58
10,running,250.23,0.9,229,2025-04-30 21:50:54,693.33,0.6
1,running,271.27,0.9,1588,2025-04-30 21:51:04,749.18,0.57
2,running,77.97,0.88,659,2025-04-30 21:51:04,730.49,0.6
3,running,274.79,0.9,1427,2025-04-30 21:51:04,745.91,0.57
4,running,60,0.9,311,2025-04-30 21:51:04,779.89,0.59
5,error,60.0,0.2,0,2025-04-30 21:51:04,690.34,0.58
6,running,227.09,0.9,1461,2025-04-30 21:51:04,767.39,0.58
7,running,249.23,0.9,1868,2025-04-30 21:51:04,676.77,0.59
8,running,177.1,0.9,0,2025-04-30 21:51:04,672.8,0.6
9,running,65.27,0.37,0,2025-04-30 21:51:04,701.86,0.58
10,error,60.0,0.2,0,2025-04-30 21:51:04,693.33,0.6
1,running,300,0.9,1704,2025-04-30 21:51:14,749.18,0.57
2,running,60,0.9,1037,2025-04-30 21:51:14,730.5,0.61
3,running,239.27,0.9,2357,2025-04-30 21:51:14,745.92,0.58
4,running,60,0.9,0,2025-04-30 21:51:14,779.89,0.59
5,running,153.48,0.62,0,2025-04-30 21:51:14,690.35,0.59
6,running,300,0.9,1405,2025-04-30 21:51:14,767.4,0.59
7,running,238.0,0.9,2113,2025-04-30 21:51:14,676.77,0.59
8,running,209.92,0.9,884,2025-04-30 21:51:14,672.8,0.6
9,running,60,0.76,0,2025-04-30 21:51:14,701.86,0.58
10,running,60,0.5,635,2025-04-30 21:51:14,693.33,0.6
1,running,255.07,0.9,2114,2025-04-30 21:51:24,749.19,0.58
2,idle,60.0,0.2,0,2025-04-30 21:51:24,730.5,0.61
3,running,300,0.9,1990,2025-04-30 21:51:24,745.92,0.58
4,idle,60.0,0.2,0,2025-04-30 21:51:24,779.89,0.59
5,running,221.72,0.68,239,2025-04-30 21:51:24,690.35,0.59
6,running,289.2,0.9,1930,2025-04-30 21:51:24,767.4,0.59
7,running,277.13,0.9,1158,2025-04-30 21:51:24,676.77,0.59
8,running,185.76,0.9,455,2025-04-30 21:51:24,672.8,0.6
9,running,110.06,0.9,0,2025-04-30 21:51:24,701.87,0.59
10,running,86.88,0.9,901,2025-04-30 21:51:24,693.33,0.6
1,idle,60.0,0.2,0,2025-04-30 21:51:34,749.19,0.58
2,idle,60.0,0.2,0,2025-04-30 21:51:34,730.5,0.61
3,running,283.33,0.9,2093,2025-04-30 21:51:34,745.92,0.58
4,running,60,0.21,0,2025-04-30 21:51:34,779.89,0.59
5,running,257.15,0.68,0,2025-04-30 21:51:34,690.35,0.59
6,running,262.96,0.9,2805,2025-04-30 21:51:34,767.4,0.59
7,running,271.19,0.9,1282,2025-04-30 21:51:34,676.78,0.6
8,idle,60.0,0.2,0,2025-04-30 21:51:34,672.8,0.6
9,running,91.68,0.9,0,2025-04-30 21:51:34,701.87,0.59
10,running,146.97,0.9,1401,2025-04-30 21:51:34,693.34,0.61
1,running,124.24,0.19,0,2025-04-30 21:51:44,749.19,0.58
2,running,94.4,0.2,0,2025-04-30 21:51:44,730.5,0.61
3,running,300,0.9,1152,2025-04-30 21:51:44,745.92,0.58
4,idle,60.0,0.2,0,2025-04-30 21:51:44,779.89,0.59
5,running,300,0.9,124,2025-04-30 21:51:44,690.35,0.59
6,idle,60.0,0.2,0,2025-04-30 21:51:44,767.4,0.59
7,running,300,0.9,1224,2025-04-30 21:51:44,676.78,0.6
8,idle,60.0,0.2,0,2025-04-30 21:51:44,672.8,0.6
9,running,143.19,0.9,0,2025-04-30 21:51:44,701.87,0.59
10,running,172.88,0.9,1174,2025-04-30 21:51:44,693.34,0.61
1,idle,60.0,0.2,0,2025-04-30 21:51:54,749.19,0.58
2,running,102.13,0.28,0,2025-04-30 21:51:54,730.5,0.61
3,error,60.0,0.2,0,2025-04-30 21:51:54,745.92,0.58
4,running,129.06,0.46,0,2025-04-30 21:51:54,779.89,0.59
5,running,256.49,0.9,0,2025-04-30 21:51:54,690.36,0.6
6,running,64.48,0.25,733,2025-04-30 21:51:54,767.4,0.59
7,idle,60.0,0.2,0,2025-04-30 21:51:54,676.78,0.6
8,running,120.86,0.15,869,2025-04-30 21:51:54,672.81,0.61
9,running,212.21,0.9,802,2025-04-30 21:51:54,701.88,0.6
10,idle,60.0,0.2,0,2025-04-30 21:51:54,693.34,0.61
1,running,113.03,0.2,0,2025-04-30 21:52:04,749.19,0.58
2,running,67.56,0.53,96,2025-04-30 21:52:04,730.5,0.61
3,error,60.0,0.2,0,2025-04-30 21:52:04,745.92,0.58
4,running,214.64,0.79,723,2025-04-30 21:52:04,779.9,0.6
5,running,261.44,0.9,0,2025-04-30 21:52:04,690.36,0.6
6,idle,60.0,0.2,0,2025-04-30 21:52:04,767.4,0.59
7,running,60,0.7,43,2025-04-30 21:52:04,676.78,0.6
8,running,148.02,0.4,1229,2025-04-30 21:52:04,672.81,0.61
9,running,198.09,0.9,489,2025-04-30 21:52:04,701.88,0.6
10,running,150.69,0.53,0,2025-04-30 21:52:04,693.34,0.61
1,running,161.18,0.25,0,2025-04-30 21:52:14,749.19,0.58
2,idle,60.0,0.2,0,2025-04-30 21:52:14,730.5,0.61
3,running,98.1,0.33,929,2025-04-30 21:52:14,745.93,0.59
4,running,212.06,0.9,1662,2025-04-30 21:52:14,779.9,0.6
5,running,284.11,0.9,391,2025-04-30 21:52:14,690.36,0.6
6,running,60,0.23,0,2025-04-30 21:52:14,767.41,0.6
7,running,113.26,0.9,0,2025-04-30 21:52:14,676.79,0.61
8,running,211.31,0.61,430,2025-04-30 21:52:14,672.81,0.61
9,running,297.46,0.9,706,2025-04-30 21:52:14,701.88,0.6
10,running,149.57,0.9,4,2025-04-30 21:52:14,693.35,0.62
1,idle,60.0,0.2,0,2025-04-30 21:52:24,749.19,0.58
2,idle,60.0,0.2,0,2025-04-30 21:52:24,730.5,0.61
3,error,60.0,0.2,0,2025-04-30 21:52:24,745.93,0.59
4,idle,60.0,0.2,0,2025-04-30 21:52:24,779.9,0.6
5,running,300,0.9,0,2025-04-30 21:52:24,690.36,0.6
6,running,137.27,0.66,0,2025-04-30 21:52:24,767.41,0.6
7,running,143.6,0.9,0,2025-04-30 21:52:24,676.79,0.61
8,running,251.63,0.9,595,2025-04-30 21:52:24,672.81,0.61
9,idle,60.0,0.2,0,2025-04-30 21:52:24,701.88,0.6
10,running,106.05,0.9,0,2025-04-30 21:52:24,693.35,0.62
1,idle,60.0,0.2,0,2025-04-30 21:52:34,749.19,0.58
2,running,100.33,0.67,0,2025-04-30 21:52:34,730.51,0.62
3,idle,60.0,0.2,0,2025-04-30 21:52:34,745.93,0.59
4,idle,60.0,0.2,0,2025-04-30 21:52:34,779.9,0.6
5,running,300,0.9,0,2025-04-30 21:52:34,690.37,0.61
6,running,174.91,0.9,0,2025-04-30 21:52:34,767.41,0.6
7,running,170.49,0.9,658,2025-04-30 21:52:34,676.79,0.61
8,idle,60.0,0.2,0,2025-04-30 21:52:34,672.81,0.61
9,running,60,0.31,263,2025-04-30 21:52:34,701.88,0.6
10,running,69.13,0.9,544,2025-04-30 21:52:34,693.35,0.62
1,idle,60.0,0.2,0,2025-04-30 21:52:44,749.19,0.58
2,running,179.62,0.9,0,2025-04-30 21:52:44,730.51,0.62
3,running,60,0.57,313,2025-04-30 21:52:44,745.93,0.59
4,running,120.88,0.52,0,2025-04-30 21:52:44,779.9,0.6
5,running,300,0.9,0,2025-04-30 21:52:44,690.37,0.61
6,running,177.02,0.9,0,2025-04-30 21:52:44,767.42,0.61
7,running,142.07,0.9,273,2025-04-30 21:52:44,676.79,0.61
8,running,116.76,0.44,0,2025-04-30 21:52:44,672.82,0.62
9,running,60,0.41,0,2025-04-30 21:52:44,701.89,0.61
10,running,157.37,0.9,0,2025-04-30 21:52:44,693.35,0.62
1,running,60,0.22,0,2025-04-30 21:52:54,749.2,0.59
2,running,135.45,0.9,71,2025-04-30 21:52:54,730.51,0.62
3,running,60,0.67,449,2025-04-30 21:52:54,745.93,0.59
4,idle,60.0,0.2,0,2025-04-30 21:52:54,779.9,0.6
5,idle,60.0,0.2,0,2025-04-30 21:52:54,690.37,0.61
6,running,268.68,0.9,256,2025-04-30 21:52:54,767.42,0.61
7,running,102.53,0.9,1138,2025-04-30 21:52:54,676.8,0.62
8,running,105.7,0.45,0,2025-04-30 21:52:54,672.82,0.62
9,running,60,0.73,0,2025-04-30 21:52:54,701.89,0.61
10,running,151.64,0.9,0,2025-04-30 21:52:54,693.36,0.63
1,idle,60.0,0.2,0,2025-04-30 21:53:04,749.2,0.59
2,error,60.0,0.2,0,2025-04-30 21:53:04,730.51,0.62
3,running,156.61,0.9,0,2025-04-30 21:53:04,745.94,0.6
4,running,60,0.17,0,2025-04-30 21:53:04,779.91,0.61
5,idle,60.0,0.2,0,2025-04-30 21:53:04,690.37,0.61
6,running,287.99,0.9,581,2025-04-30 21:53:04,767.42,0.61
7,running,126.79,0.9,1639,2025-04-30 21:53:04,676.8,0.62
8,running,74.36,0.72,137,2025-04-30 21:53:04,672.82,0.62
9,running,60,0.76,0,2025-04-30 21:53:04,701.89,0.61
10,running,214.45,0.9,0,2025-04-30 21:53:04,693.36,0.63
1,running,114.08,0.42,0,2025-04-30 21:53:14,749.2,0.59
2,error,60.0,0.2,0,2025-04-30 21:53:14,730.51,0.62
3,running,251.68,0.9,0,2025-04-30 21:53:14,745.94,0.6
4,idle,60.0,0.2,0,2025-04-30 21:53:14,779.91,0.61
5,running,131.5,0.53,0,2025-04-30 21:53:14,690.37,0.61
6,running,300,0.89,242,2025-04-30 21:53:14,767.42,0.61
7,running,183.78,0.9,1507,2025-04-30 21:53:14,676.8,0.62
8,error,60.0,0.2,0,2025-04-30 21:53:14,672.82,0.62
9,running,132.67,0.9,863,2025-04-30 21:53:14,701.9,0.62
10,running,247.41,0.9,323,2025-04-30 21:53:14,693.36,0.63
1,running,156.64,0.56,0,2025-04-30 21:53:24,749.2,0.59
2,running,123.68,0.61,0,2025-04-30 21:53:24,730.51,0.62
3,running,267.87,0.9,0,2025-04-30 21:53:24,745.94,0.6
4,running,61.58,0.3,477,2025-04-30 21:53:24,779.91,0.61
5,idle,60.0,0.2,0,2025-04-30 21:53:24,690.37,0.61
6,idle,60.0,0.2,0,2025-04-30 21:53:24,767.42,0.61
7,running,239.45,0.9,1036,2025-04-30 21:53:24,676.81,0.63
8,running,60,0.62,64,2025-04-30 21:53:24,672.83,0.63
9,running,116.54,0.9,98,2025-04-30 21:53:24,701.9,0.62
10,running,268.01,0.9,0,2025-04-30 21:53:24,693.37,0.64
1,running,202.95,0.73,0,2025-04-30 21:53:34,749.21,0.6
2,idle,60.0,0.2,0,2025-04-30 21:53:34,730.51,0.62
3,idle,60.0,0.2,0,2025-04-30 21:53:34,745.94,0.6
4,running,60,0.75,0,2025-04-30 21:53:34,779.91,0.61
5,idle,60.0,0.2,0,2025-04-30 21:53:34,690.37,0.61
6,running,103.46,0.23,721,2025-04-30 21:53:34,767.43,0.62
7,running,300,0.9,1355,2025-04-30 21:53:34,676.81,0.63
8,running,95.15,0.9,740,2025-04-30 21:53:34,672.83,0.63
9,running,85.17,0.9,702,2025-04-30 21:53:34,701.9,0.62
10,error,60.0,0.2,0,2025-04-30 21:53:34,693.37,0.64
1,idle,60.0,0.2,0,2025-04-30 21:53:44,749.21,0.6
2,running,62.5,0.5,522,2025-04-30 21:53:44,730.52,0.63
3,idle,60.0,0.2,0,2025-04-30 21:53:44,745.94,0.6
4,running,60,0.81,300,2025-04-30 21:53:44,779.91,0.61
5,running,60,0.66,0,2025-04-30 21:53:44,690.38,0.62
6,running,146.65,0.58,1299,2025-04-30 21:53:44,767.43,0.62
7,running,300,0.9,1397,2025-04-30 21:53:44,676.81,0.63
8,running,60,0.9,1179,2025-04-30 21:53:44,672.83,0.63
9,running,122.58,0.9,1028,2025-04-30 21:53:44,701.9,0.62
10,running,97.12,0.18,166,2025-04-30 21:53:44,693.37,0.64
1,running,60,0.35,0,2025-04-30 21:53:54,749.21,0.6
2,running,72.44,0.61,522,2025-04-30 21:53:54,730.52,0.63
3,idle,60.0,0.2,0,2025-04-30 21:53:54,745.94,0.6
4,idle,60.0,0.2,0,2025-04-30 21:53:54,779.91,0.61
5,running,137.52,0.67,0,2025-04-30 21:53:54,690.38,0.62
6,running,104.49,0.79,1908,2025-04-30 21:53:54,767.43,0.62
7,running,286.21,0.9,1861,2025-04-30 21:53:54,676.81,0.63
8,running,139.93,0.9,583,2025-04-30 21:53:54,672.83,0.63
9,running,142.67,0.9,1714,2025-04-30 21:53:54,701.91,0.63
10,running,169.4,0.6,1088,2025-04-30 21:53:54,693.37,0.64
1,idle,60.0,0.2,0,2025-04-30 21:54:04,749.21,0.6
2,running,166.25,0.9,1482,2025-04-30 21:54:04,730.52,0.63
3,running,60,0.18,0,2025-04-30 21:54:04,745.94,0.6
4,running,60,0.5,680,2025-04-30 21:54:04,779.92,0.62
5,running,174.38,0.82,0,2025-04-30 21:54:04,690.38,0.62
6,running,79.47,0.9,1433,2025-04-30 21:54:04,767.44,0.63
7,running,258.18,0.89,1103,2025-04-30 21:54:04,676.82,0.64
8,running,100.69,0.9,1228,2025-04-30 21:54:04,672.84,0.64
9,running,132.56,0.9,1477,2025-04-30 21:54:04,701.91,0.63
10,running,218.63,0.73,1660,2025-04-30 21:54:04,693.37,0.64
1,running,60,0.27,663,2025-04-30 21:54:14,749.21,0.6
2,running,252.63,0.9,483,2025-04-30 21:54:14,730.53,0.64
3,idle,60.0,0.2,0,2025-04-30 21:54:14,745.94,0.6
4,running,60,0.72,928,2025-04-30 21:54:14,779.92,0.62
5,running,226.99,0.9,0,2025-04-30 21:54:14,690.38,0.62
6,idle,60.0,0.2,0,2025-04-30 21:54:14,767.44,0.63
7,running,245.12,0.9,146,2025-04-30 21:54:14,676.82,0.64
8,idle,60.0,0.2,0,2025-04-30 21:54:14,672.84,0.64
9,running,143.95,0.9,888,2025-04-30 21:54:14,701.91,0.63
10,running,300,0.73,1183,2025-04-30 21:54:14,693.38,0.65
1,error,60.0,0.2,0,2025-04-30 21:54:24,749.21,0.6
2,running,300,0.9,0,2025-04-30 21:54:24,730.53,0.64
3,running,60,0.34,0,2025-04-30 21:54:24,745.95,0.61
4,running,60,0.85,842,2025-04-30 21:54:24,779.92,0.62
5,running,230.42,0.9,652,2025-04-30 21:54:24,690.39,0.63
6,running,154.4,0.23,897,2025-04-30 21:54:24,767.44,0.63
7,idle,60.0,0.2,0,2025-04-30 21:54:24,676.82,0.64
8,running,86.47,0.64,0,2025-04-30 21:54:24,672.84,0.64
9,idle,60.0,0.2,0,2025-04-30 21:54:24,701.91,0.63
10,running,281.15,0.89,1738,2025-04-30 21:54:24,693.38,0.65
1,idle,60.0,0.2,0,2025-04-30 21:54:34,749.21,0.6
2,running,270.18,0.89,0,2025-04-30 21:54:34,730.53,0.64
3,running,60,0.74,504,2025-04-30 21:54:34,745.95,0.61
4,idle,60.0,0.2,0,2025-04-30 21:54:34,779.92,0.62
5,idle,60.0,0.2,0,2025-04-30 21:54:34,690.39,0.63
6,running,201.97,0.42,1204,2025-04-30 21:54:34,767.44,0.63
7,running,80.82,0.57,0,2025-04-30 21:54:34,676.82,0.64
8,idle,60.0,0.2,0,2025-04-30 21:54:34,672.84,0.64
9,running,116.87,0.52,0,2025-04-30 21:54:34,701.91,0.63
10,running,300,0.9,1697,2025-04-30 21:54:34,693.38,0.65
1,idle,60.0,0.2,0,2025-04-30 21:54:44,749.21,0.6
2,running,281.77,0.9,921,2025-04-30 21:54:44,730.53,0.64
3,running,60,0.9,1002,2025-04-30 21:54:44,745.95,0.61
4,running,122.69,0.52,0,2025-04-30 21:54:44,779.93,0.63
5,running,60,0.45,0,2025-04-30 21:54:44,690.39,0.63
6,running,185.32,0.58,889,2025-04-30 21:54:44,767.44,0.63
7,idle,60.0,0.2,0,2025-04-30 21:54:44,676.82,0.64
8,running,60,0.22,0,2025-04-30 21:54:44,672.84,0.64
9,running,214.79,0.85,0,2025-04-30 21:54:44,701.92,0.64
10,running,269.36,0.86,1359,2025-04-30 21:54:44,693.38,0.65
1,idle,60.0,0.2,0,2025-04-30 21:54:54,749.21,0.6
2,idle,60.0,0.2,0,2025-04-30 21:54:54,730.53,0.64
3,running,109.8,0.9,585,2025-04-30 21:54:54,745.96,0.62
4,idle,60.0,0.2,0,2025-04-30 21:54:54,779.93,0.63
5,running,60,0.67,975,2025-04-30 21:54:54,690.39,0.63
6,running,168.59,0.9,829,2025-04-30 21:54:54,767.45,0.64
7,running,69.59,0.58,0,2025-04-30 21:54:54,676.82,0.64
8,idle,60.0,0.2,0,2025-04-30 21:54:54,672.84,0.64
9,running,204.17,0.9,0,2025-04-30 21:54:54,701.92,0.64
10,running,231.29,0.9,851,2025-04-30 21:54:54,693.39,0.66
1,running,80.67,0.25,0,2025-04-30 21:55:04,749.21,0.6
2,running,104.86,0.47,0,2025-04-30 21:55:04,730.54,0.65
3,idle,60.0,0.2,0,2025-04-30 21:55:04,745.96,0.62
4,running,92.67,0.16,682,2025-04-30 21:55:04,779.93,0.63
5,running,79.27,0.9,445,2025-04-30 21:55:04,690.4,0.64
6,running,234.31,0.9,49,2025-04-30 21:55:04,767.45,0.64
7,running,90.24,0.69,0,2025-04-30 21:55:04,676.83,0.65
8,running,70.95,0.28,806,2025-04-30 21:55:04,672.85,0.65
9,idle,60.0,0.2,0,2025-04-30 21:55:04,701.92,0.64
10,idle,60.0,0.2,0,2025-04-30 21:55:04,693.39,0.66
1,running,158.17,0.51,0,2025-04-30 21:55:14,749.22,0.61
2,running,159.44,0.48,134,2025-04-30 21:55:14,730.54,0.65
3,idle,60.0,0.2,0,2025-04-30 21:55:14,745.96,0.62
4,running,60,0.41,1440,2025-04-30 21:55:14,779.93,0.63
5,running,144.76,0.86,1242,2025-04-30 21:55:14,690.4,0.64
6,running,189.63,0.9,0,2025-04-30 21:55:14,767.45,0.64
7,idle,60.0,0.2,0,2025-04-30 21:55:14,676.83,0.65
8,running,60,0.44,182,2025-04-30 21:55:14,672.85,0.65
9,running,92.19,0.61,0,2025-04-30 21:55:14,701.92,0.64
10,running,92.23,0.26,0,2025-04-30 21:55:14,693.39,0.66
1,running,248.73,0.64,0,2025-04-30 21:55:24,749.22,0.61
2,running,158.95,0.8,0,2025-04-30 21:55:24,730.54,0.65
3,error,60.0,0.2,0,2025-04-30 21:55:24,745.96,0.62
4,running,125.89,0.89,640,2025-04-30 21:55:24,779.93,0.63
5,running,156.19,0.9,781,2025-04-30 21:55:24,690.4,0.64
6,running,154.13,0.9,27,2025-04-30 21:55:24,767.45,0.64
7,running,91.17,0.32,706,2025-04-30 21:55:24,676.83,0.65
8,idle,60.0,0.2,0,2025-04-30 21:55:24,672.85,0.65
9,idle,60.0,0.2,0,2025-04-30 21:55:24,701.92,0.64
10,running,144.56,0.63,0,2025-04-30 21:55:24,693.39,0.66
1,running,235.05,0.9,0,2025-04-30 21:55:34,749.22,0.61
2,running,148.29,0.9,54,2025-04-30 21:55:34,730.55,0.66
3,running,60,0.39,0,2025-04-30 21:55:34,745.96,0.62
4,idle,60.0,0.2,0,2025-04-30 21:55:34,779.93,0.63
5,idle,60.0,0.2,0,2025-04-30 21:55:34,690.4,0.64
6,running,225.02,0.9,727,2025-04-30 21:55:34,767.46,0.65
7,idle,60.0,0.2,0,2025-04-30 21:55:34,676.83,0.65
8,idle,60.0,0.2,0,2025-04-30 21:55:34,672.85,0.65
9,running,81.3,0.65,883,2025-04-30 21:55:34,701.93,0.65
10,running,116.27,0.87,0,2025-04-30 21:55:34,693.4,0.67
1,running,293.37,0.9,424,2025-04-30 21:55:44,749.23,0.62
2,idle,60.0,0.2,0,2025-04-30 21:55:44,730.55,0.66
3,running,159.63,0.54,722,2025-04-30 21:55:44,745.96,0.62
4,running,60,0.64,371,2025-04-30 21:55:44,779.94,0.64
5,idle,60.0,0.2,0,2025-04-30 21:55:44,690.4,0.64
6,running,206.01,0.9,1449,2025-04-30 21:55:44,767.46,0.65
7,running,129.58,0.48,0,2025-04-30 21:55:44,676.83,0.65
8,running,121.96,0.67,0,2025-04-30 21:55:44,672.85,0.65
9,running,174.53,0.9,771,2025-04-30 21:55:44,701.93,0.65
10,idle,60.0,0.2,0,2025-04-30 21:55:44,693.4,0.67
1,error,60.0,0.2,0,2025-04-30 21:55:54,749.23,0.62
2,running,60,0.64,0,2025-04-30 21:55:54,730.55,0.66
3,running,243.03,0.56,1017,2025-04-30 21:55:54,745.96,0.62
4,running,60,0.75,533,2025-04-30 21:55:54,779.94,0.64
5,idle,60.0,0.2,0,2025-04-30 21:55:54,690.4,0.64
6,running,245.21,0.9,968,2025-04-30 21:55:54,767.46,0.65
7,running,122.86,0.51,0,2025-04-30 21:55:54,676.84,0.66
8,running,161.37,0.9,586,2025-04-30 21:55:54,672.85,0.65
9,running,258.9,0.9,420,2025-04-30 21:55:54,701.93,0.65
10,running,60,0.21,0,2025-04-30 21:55:54,693.4,0.67
1,running,82.15,0.55,953,2025-04-30 21:56:04,749.23,0.62
2,running,115.86,0.9,0,2025-04-30 21:56:04,730.55,0.66
3,running,270.61,0.9,299,2025-04-30 21:56:04,745.97,0.63
4,idle,60.0,0.2,0,2025-04-30 21:56:04,779.94,0.64
5,running,82.82,0.5,0,2025-04-30 21:56:04,690.4,0.64
6,idle,60.0,0.2,0,2025-04-30 21:56:04,767.46,0.65
7,running,142.57,0.9,819,2025-04-30 21:56:04,676.84,0.66
8,running,250.58,0.9,269,2025-04-30 21:56:04,672.86,0.66
9,running,274.64,0.9,0,2025-04-30 21:56:04,701.93,0.65
10,running,60,0.65,484,2025-04-30 21:56:04,693.4,0.67
1,running,87.26,0.85,873,2025-04-30 21:56:14,749.23,0.62
2,running,135.07,0.9,108,2025-04-30 21:56:14,730.55,0.66
3,running,300,0.85,565,2025-04-30 21:56:14,745.97,0.63
4,idle,60.0,0.2,0,2025-04-30 21:56:14,779.94,0.64
5,running,136.75,0.9,0,2025-04-30 21:56:14,690.41,0.65
6,running,112.68,0.24,731,2025-04-30 21:56:14,767.47,0.66
7,idle,60.0,0.2,0,2025-04-30 21:56:14,676.84,0.66
8,running,258.98,0.9,962,2025-04-30 21:56:14,672.86,0.66
9,idle,60.0,0.2,0,2025-04-30 21:56:14,701.93,0.65
10,running,60,0.65,0,2025-04-30 21:56:14,693.4,0.67
1,running,60,0.9,1390,2025-04-30 21:56:24,749.23,0.62
2,running,164.57,0.9,478,2025-04-30 21:56:24,730.56,0.67
3,running,300,0.87,301,2025-04-30 21:56:24,745.97,0.63
4,running,88.44,0.56,0,2025-04-30 21:56:24,779.94,0.64
5,running,113.48,0.9,0,2025-04-30 21:56:24,690.41,0.65
6,running,124.64,0.41,1225,2025-04-30 21:56:24,767.47,0.66
7,running,125.44,0.44,0,2025-04-30 21:56:24,676.84,0.66
8,running,300,0.9,935,2025-04-30 21:56:24,672.86,0.66
9,running,74.07,0.31,0,2025-04-30 21:56:24,701.94,0.66
10,idle,60.0,0.2,0,2025-04-30 21:56:24,693.4,0.67
1,running,60,0.9,548,2025-04-30 21:56:34,749.24,0.63
2,error,60.0,0.2,0,2025-04-30 21:56:34,730.56,0.67
3,running,300,0.9,134,2025-04-30 21:56:34,745.97,0.63
4,idle,60.0,0.2,0,2025-04-30 21:56:34,779.94,0.64
5,idle,60.0,0.2,0,2025-04-30 21:56:34,690.41,0.65
6,running,93.24,0.57,2174,2025-04-30 21:56:34,767.47,0.66
7,running,86.11,0.43,340,2025-04-30 21:56:34,676.84,0.66
8,running,251.03,0.9,613,2025-04-30 21:56:34,672.86,0.66
9,running,157.96,0.3,467,2025-04-30 21:56:34,701.94,0.66
10,idle,60.0,0.2,0,2025-04-30 21:56:34,693.4,0.67
1,running,128.17,0.9,1378,2025-04-30 21:56:44,749.24,0.63
2,running,83.38,0.25,0,2025-04-30 21:56:44,730.56,0.67
3,running,300,0.9,0,2025-04-30 21:56:44,745.98,0.64
4,running,158.27,0.54,0,2025-04-30 21:56:44,779.94,0.64
5,running,139.76,0.6,0,2025-04-30 21:56:44,690.41,0.65
6,running,60,0.71,2524,2025-04-30 21:56:44,767.47,0.66
7,running,60,0.43,432,2025-04-30 21:56:44,676.85,0.67
8,running,215.74,0.9,1573,2025-04-30 21:56:44,672.87,0.67
9,error,60.0,0.2,0,2025-04-30 21:56:44,701.94,0.66
10,running,84.14,0.3,0,2025-04-30 21:56:44,693.41,0.68
1,running,203.7,0.9,1700,2025-04-30 21:56:54,749.24,0.63
2,idle,60.0,0.2,0,2025-04-30 21:56:54,730.56,0.67
3,running,300,0.9,532,2025-04-30 21:56:54,745.98,0.64
4,running,210.93,0.68,0,2025-04-30 21:56:54,779.95,0.65
5,running,131.67,0.84,0,2025-04-30 21:56:54,690.41,0.65
6,running,71.67,0.86,2382,2025-04-30 21:56:54,767.48,0.67
7,idle,60.0,0.2,0,2025-04-30 21:56:54,676.85,0.67
8,running,262.62,0.9,2466,2025-04-30 21:56:54,672.87,0.67
9,running,60,0.6,512,2025-04-30 21:56:54,701.94,0.66
10,idle,60.0,0.2,0,2025-04-30 21:56:54,693.41,0.68
1,running,251.26,0.9,2071,2025-04-30 21:57:04,749.24,0.63
2,idle,60.0,0.2,0,2025-04-30 21:57:04,730.56,0.67
3,running,274.3,0.9,1190,2025-04-30 21:57:04,745.98,0.64
4,running,174.5,0.9,776,2025-04-30 21:57:04,779.95,0.65
5,running,149.88,0.9,0,2025-04-30 21:57:04,690.42,0.66
6,running,64.55,0.9,2852,2025-04-30 21:57:04,767.48,0.67
7,idle,60.0,0.2,0,2025-04-30 21:57:04,676.85,0.67
8,running,246.69,0.87,1694,2025-04-30 21:57:04,672.87,0.67
9,running,85.03,0.55,589,2025-04-30 21:57:04,701.95,0.67
10,running,60,0.43,0,2025-04-30 21:57:04,693.41,0.68
1,running,274.61,0.9,2169,2025-04-30 21:57:14,749.25,0.64
2,error,60.0,0.2,0,2025-04-30 21:57:14,730.56,0.67
3,running,300,0.9,1760,2025-04-30 21:57:14,745.99,0.65
4,running,241.82,0.9,537,2025-04-30 21:57:14,779.95,0.65
5,idle,60.0,0.2,0,2025-04-30 21:57:14,690.42,0.66
6,running,60,0.9,3536,2025-04-30 21:57:14,767.48,0.67
7,running,60,0.28,772,2025-04-30 21:57:14,676.85,0.67
8,running,219.05,0.9,1536,2025-04-30 21:57:14,672.88,0.68
9,idle,60.0,0.2,0,2025-04-30 21:57:14,701.95,0.67
10,idle,60.0,0.2,0,2025-04-30 21:57:14,693.41,0.68
1,running,300,0.9,2127,2025-04-30 21:57:24,749.25,0.64
2,running,106.29,0.66,0,2025-04-30 21:57:24,730.56,0.67
3,running,300,0.9,1995,2025-04-30 21:57:24,745.99,0.65
4,idle,60.0,0.2,0,2025-04-30 21:57:24,779.95,0.65
5,running,95.75,0.38,0,2025-04-30 21:57:24,690.42,0.66
6,running,60,0.9,3849,2025-04-30 21:57:24,767.49,0.68
7,running,60,0.73,1208,2025-04-30 21:57:24,676.85,0.67
8,idle,60.0,0.2,0,2025-04-30 21:57:24,672.88,0.68
9,running,60,0.6,0,2025-04-30 21:57:24,701.95,0.67
10,running,60.02,0.29,751,2025-04-30 21:57:24,693.41,0.68
1,running,300,0.9,1529,2025-04-30 21:57:34,749.25,0.64
2,idle,60.0,0.2,0,2025-04-30 21:57:34,730.56,0.67
3,idle,60.0,0.2,0,2025-04-30 21:57:34,745.99,0.65
4,running,65.34,0.27,0,2025-04-30 21:57:34,779.96,0.66
5,idle,60.0,0.2,0,2025-04-30 21:57:34,690.42,0.66
6,running,133.53,0.9,3442,2025-04-30 21:57:34,767.49,0.68
7,running,60,0.72,2086,2025-04-30 21:57:34,676.86,0.68
8,error,60.0,0.2,0,2025-04-30 21:57:34,672.88,0.68
9,running,130.78,0.6,0,2025-04-30 21:57:34,701.95,0.67
10,running,146.15,0.41,543,2025-04-30 21:57:34,693.42,0.69
1,running,298.87,0.9,1899,2025-04-30 21:57:44,749.26,0.65
2,running,139.98,0.35,177,2025-04-30 21:57:44,730.56,0.67
3,running,118.1,0.51,553,2025-04-30 21:57:44,745.99,0.65
4,running,160.9,0.31,0,2025-04-30 21:57:44,779.96,0.66
5,running,135.19,0.37,0,2025-04-30 21:57:44,690.42,0.66
6,running,146.28,0.9,4429,2025-04-30 21:57:44,767.49,0.68
7,running,60,0.9,3030,2025-04-30 21:57:44,676.86,0.68
8,idle,60.0,0.2,0,2025-04-30 21:57:44,672.88,0.68
9,running,180.22,0.61,743,2025-04-30 21:57:44,701.95,0.67
10,running,237.79,0.36,70,2025-04-30 21:57:44,693.42,0.69
1,idle,60.0,0.2,0,2025-04-30 21:57:54,749.26,0.65
2,running,123.82,0.7,677,2025-04-30 21:57:54,730.57,0.68
3,running,79.47,0.49,263,2025-04-30 21:57:54,745.99,0.65
4,running,248.75,0.73,252,2025-04-30 21:57:54,779.96,0.66
5,running,189.35,0.62,456,2025-04-30 21:57:54,690.43,0.67
6,running,245.23,0.9,4696,2025-04-30 21:57:54,767.49,0.68
7,running,60,0.9,2927,2025-04-30 21:57:54,676.86,0.68
8,running,116.82,0.34,0,2025-04-30 21:57:54,672.88,0.68
9,idle,60.0,0.2,0,2025-04-30 21:57:54,701.95,0.67
10,running,300,0.67,170,2025-04-30 21:57:54,693.42,0.69
1,running,82.17,0.49,381,2025-04-30 21:58:04,749.26,0.65
2,running,168.37,0.9,53,2025-04-30 21:58:04,730.57,0.68
3,running,90.25,0.7,1008,2025-04-30 21:58:04,746.0,0.66
4,running,300,0.86,297,2025-04-30 21:58:04,779.96,0.66
5,running,189.76,0.68,0,2025-04-30 21:58:04,690.43,0.67
6,running,261.47,0.9,5335,2025-04-30 21:58:04,767.5,0.69
7,running,129.0,0.9,2600,2025-04-30 21:58:04,676.86,0.68
8,idle,60.0,0.2,0,2025-04-30 21:58:04,672.88,0.68
9,idle,60.0,0.2,0,2025-04-30 21:58:04,701.95,0.67
10,running,300,0.73,0,2025-04-30 21:58:04,693.42,0.69
1,error,60.0,0.2,0,2025-04-30 21:58:14,749.26,0.65
2,error,60.0,0.2,0,2025-04-30 21:58:14,730.57,0.68
3,running,183.87,0.8,1793,2025-04-30 21:58:14,746.0,0.66
4,running,300,0.82,519,2025-04-30 21:58:14,779.97,0.67
5,running,187.93,0.9,705,2025-04-30 21:58:14,690.43,0.67
6,running,298.48,0.9,4668,2025-04-30 21:58:14,767.5,0.69
7,error,60.0,0.2,0,2025-04-30 21:58:14,676.86,0.68
8,running,60,0.44,322,2025-04-30 21:58:14,672.88,0.68
9,running,60,0.21,427,2025-04-30 21:58:14,701.96,0.68
10,running,300,0.9,0,2025-04-30 21:58:14,693.43,0.7
1,running,71.92,0.48,212,2025-04-30 21:58:24,749.26,0.65
2,running,152.4,0.46,0,2025-04-30 21:58:24,730.57,0.68
3,running,277.67,0.9,2304,2025-04-30 21:58:24,746.0,0.66
4,running,300,0.9,530,2025-04-30 21:58:24,779.97,0.67
5,running,234.06,0.9,1100,2025-04-30 21:58:24,690.43,0.67
6,error,60.0,0.2,0,2025-04-30 21:58:24,767.5,0.69
7,running,150.79,0.2,518,2025-04-30 21:58:24,676.87,0.69
8,running,60,0.89,0,2025-04-30 21:58:24,672.88,0.68
9,running,100.6,0.5,0,2025-04-30 21:58:24,701.96,0.68
10,running,300,0.9,0,2025-04-30 21:58:24,693.43,0.7
1,running,60,0.63,0,2025-04-30 21:58:34,749.26,0.65
2,running,221.53,0.53,547,2025-04-30 21:58:34,730.58,0.69
3,idle,60.0,0.2,0,2025-04-30 21:58:34,746.0,0.66
4,running,294.48,0.9,100,2025-04-30 21:58:34,779.97,0.67
5,idle,60.0,0.2,0,2025-04-30 21:58:34,690.43,0.67
6,running,113.39,0.39,0,2025-04-30 21:58:34,767.5,0.69
7,running,111.39,0.66,497,2025-04-30 21:58:34,676.87,0.69
8,running,60,0.9,0,2025-04-30 21:58:34,672.89,0.69
9,running,82.66,0.6,886,2025-04-30 21:58:34,701.96,0.68
10,running,300,0.9,0,2025-04-30 21:58:34,693.43,0.7
1,running,70.3,0.82,854,2025-04-30 21:58:44,749.27,0.66
2,running,233.92,0.9,8,2025-04-30 21:58:44,730.58,0.69
3,running,76.5,0.56,243,2025-04-30 21:58:44,746.01,0.67
4,running,248.95,0.9,0,2025-04-30 21:58:44,779.98,0.68
5,running,61.88,0.17,0,2025-04-30 21:58:44,690.44,0.68
6,idle,60.0,0.2,0,2025-04-30 21:58:44,767.5,0.69
7,running,126.86,0.9,1061,2025-04-30 21:58:44,676.87,0.69
8,running,60,0.9,458,2025-04-30 21:58:44,672.89,0.69
9,running,99.18,0.65,164,2025-04-30 21:58:44,701.96,0.68
10,running,258.52,0.9,420,2025-04-30 21:58:44,693.43,0.7
1,running,63.06,0.88,950,2025-04-30 21:58:54,749.27,0.66
2,running,212.88,0.9,0,2025-04-30 21:58:54,730.58,0.69
3,idle,60.0,0.2,0,2025-04-30 21:58:54,746.01,0.67
4,idle,60.0,0.2,0,2025-04-30 21:58:54,779.98,0.68
5,running,61.74,0.32,371,2025-04-30 21:58:54,690.44,0.68
6,running,60,0.64,49,2025-04-30 21:58:54,767.5,0.69
7,running,135.64,0.9,470,2025-04-30 21:58:54,676.87,0.69
8,idle,60.0,0.2,0,2025-04-30 21:58:54,672.89,0.69
9,idle,60.0,0.2,0,2025-04-30 21:58:54,701.96,0.68
10,running,228.09,0.9,851,2025-04-30 21:58:54,693.44,0.71
1,running,111.8,0.9,1706,2025-04-30 21:59:04,749.27,0.66
2,running,261.04,0.9,6,2025-04-30 21:59:04,730.58,0.69
3,idle,60.0,0.2,0,2025-04-30 21:59:04,746.01,0.67
4,running,60,0.47,0,2025-04-30 21:59:04,779.98,0.68
5,idle,60.0,0.2,0,2025-04-30 21:59:04,690.44,0.68
6,running,140.35,0.79,0,2025-04-30 21:59:04,767.51,0.7
7,running,157.82,0.9,777,2025-04-30 21:59:04,676.88,0.7
8,running,60,0.32,877,2025-04-30 21:59:04,672.89,0.69
9,idle,60.0,0.2,0,2025-04-30 21:59:04,701.96,0.68
10,running,253.18,0.9,0,2025-04-30 21:59:04,693.44,0.71
1,error,60.0,0.2,0,2025-04-30 21:59:14,749.27,0.66
2,running,238.8,0.9,79,2025-04-30 21:59:14,730.59,0.7
3,running,60,0.48,119,2025-04-30 21:59:14,746.01,0.67
4,running,106.07,0.86,727,2025-04-30 21:59:14,779.98,0.68
5,running,157.43,0.54,0,2025-04-30 21:59:14,690.44,0.68
6,running,104.46,0.9,0,2025-04-30 21:59:14,767.51,0.7
7,running,182.11,0.9,478,2025-04-30 21:59:14,676.88,0.7
8,running,60,0.65,680,2025-04-30 21:59:14,672.9,0.7
9,idle,60.0,0.2,0,2025-04-30 21:59:14,701.96,0.68
10,running,300,0.9,546,2025-04-30 21:59:14,693.44,0.71
1,error,60.0,0.2,0,2025-04-30 21:59:24,749.27,0.66
2,running,230.62,0.9,60,2025-04-30 21:59:24,730.59,0.7
3,running,109.87,0.9,855,2025-04-30 21:59:24,746.01,0.67
4,running,157.22,0.9,908,2025-04-30 21:59:24,779.98,0.68
5,idle,60.0,0.2,0,2025-04-30 21:59:24,690.44,0.68
6,running,114.51,0.86,750,2025-04-30 21:59:24,767.51,0.7
7,running,260.48,0.9,0,2025-04-30 21:59:24,676.88,0.7
8,running,60,0.9,392,2025-04-30 21:59:24,672.9,0.7
9,running,132.86,0.44,0,2025-04-30 21:59:24,701.97,0.69
10,running,252.58,0.9,0,2025-04-30 21:59:24,693.45,0.72
1,running,148.73,0.64,1,2025-04-30 21:59:34,749.28,0.67
2,running,206.27,0.9,0,2025-04-30 21:59:34,730.59,0.7
3,error,60.0,0.2,0,2025-04-30 21:59:34,746.01,0.67
4,running,151.65,0.9,238,2025-04-30 21:59:34,779.99,0.69
5,running,75.07,0.31,10,2025-04-30 21:59:34,690.45,0.69
6,running,185.52,0.89,1109,2025-04-30 21:59:34,767.52,0.71
7,running,215.93,0.9,734,2025-04-30 21:59:34,676.89,0.71
8,running,60,0.9,0,2025-04-30 21:59:34,672.9,0.7
9,idle,60.0,0.2,0,2025-04-30 21:59:34,701.97,0.69
10,running,229.8,0.9,60,2025-04-30 21:59:34,693.45,0.72
1,error,60.0,0.2,0,2025-04-30 21:59:44,749.28,0.67
2,idle,60.0,0.2,0,2025-04-30 21:59:44,730.59,0.7
3,running,157.23,0.68,15,2025-04-30 21:59:44,746.01,0.67
4,running,210.85,0.9,0,2025-04-30 21:59:44,779.99,0.69
5,running,71.55,0.4,0,2025-04-30 21:59:44,690.45,0.69
6,running,263.67,0.9,1259,2025-04-30 21:59:44,767.52,0.71
7,running,233.48,0.9,376,2025-04-30 21:59:44,676.89,0.71
8,running,154.47,0.86,736,2025-04-30 21:59:44,672.9,0.7
9,running,83.55,0.25,650,2025-04-30 21:59:44,701.97,0.69
10,running,226.17,0.9,0,2025-04-30 21:59:44,693.45,0.72
1,running,60,0.21,0,2025-04-30 21:59:55,749.28,0.67
2,running,110.82,0.17,0,2025-04-30 21:59:55,730.6,0.71
3,running,166.81,0.9,790,2025-04-30 21:59:55,746.02,0.68
4,running,237.29,0.89,0,2025-04-30 21:59:55,779.99,0.69
5,running,75.96,0.54,208,2025-04-30 21:59:55,690.45,0.69
6,running,300,0.9,1708,2025-04-30 21:59:55,767.52,0.71
7,running,300,0.87,287,2025-04-30 21:59:55,676.89,0.71
8,running,223.86,0.9,235,2025-04-30 21:59:55,672.91,0.71
9,running,99.91,0.68,529,2025-04-30 21:59:55,701.97,0.69
10,running,250.62,0.9,811,2025-04-30 21:59:55,693.45,0.72
1,idle,60.0,0.2,0,2025-04-30 22:00:05,749.28,0.67
2,running,161.89,0.24,381,2025-04-30 22:00:05,730.6,0.71
3,running,166.32,0.9,0,2025-04-30 22:00:05,746.02,0.68
4,running,300,0.9,790,2025-04-30 22:00:05,779.99,0.69
5,running,60,0.9,375,2025-04-30 22:00:05,690.45,0.69
6,running,300,0.9,2502,2025-04-30 22:00:05,767.52,0.71
7,idle,60.0,0.2,0,2025-04-30 22:00:05,676.89,0.71
8,running,300,0.9,657,2025-04-30 22:00:05,672.91,0.71
9,running,93.88,0.9,0,2025-04-30 22:00:05,701.98,0.7
10,running,249.25,0.9,709,2025-04-30 22:00:05,693.46,0.73
1,running,60,0.49,0,2025-04-30 22:00:15,749.28,0.67
2,running,152.64,0.53,1148,2025-04-30 22:00:15,730.6,0.71
3,running,192.62,0.9,0,2025-04-30 22:00:15,746.02,0.68
4,idle,60.0,0.2,0,2025-04-30 22:00:15,779.99,0.69
5,running,93.19,0.9,974,2025-04-30 22:00:15,690.46,0.7
6,running,300,0.9,1510,2025-04-30 22:00:15,767.53,0.72
7,running,139.3,0.28,0,2025-04-30 22:00:15,676.89,0.71
8,running,300,0.9,134,2025-04-30 22:00:15,672.91,0.71
9,running,64.73,0.9,95,2025-04-30 22:00:15,701.98,0.7
10,running,203.25,0.9,1032,2025-04-30 22:00:15,693.46,0.73
1,running,60,0.59,351,2025-04-30 22:00:25,749.28,0.67
2,running,116.76,0.61,266,2025-04-30 22:00:25,730.6,0.71
3,idle,60.0,0.2,0,2025-04-30 22:00:25,746.02,0.68
4,running,60,0.17,0,2025-04-30 22:00:25,780.0,0.7
5,idle,60.0,0.2,0,2025-04-30 22:00:25,690.46,0.7
6,running,300,0.9,2140,2025-04-30 22:00:25,767.53,0.72
7,idle,60.0,0.2,0,2025-04-30 22:00:25,676.89,0.71
8,idle,60.0,0.2,0,2025-04-30 22:00:25,672.91,0.71
9,running,60,0.9,0,2025-04-30 22:00:25,701.98,0.7
10,running,216.49,0.9,146,2025-04-30 22:00:25,693.46,0.73
1,running,153.09,0.69,493,2025-04-30 22:00:35,749.29,0.68
2,running,124.34,0.9,0,2025-04-30 22:00:35,730.61,0.72
3,idle,60.0,0.2,0,2025-04-30 22:00:35,746.02,0.68
4,running,60,0.59,151,2025-04-30 22:00:35,780.0,0.7
5,running,60,0.29,0,2025-04-30 22:00:35,690.46,0.7
6,running,300,0.9,1754,2025-04-30 22:00:35,767.53,0.72
7,running,65.8,0.59,0,2025-04-30 22:00:35,676.9,0.72
8,running,60,0.69,14,2025-04-30 22:00:35,672.91,0.71
9,running,139.42,0.9,0,2025-04-30 22:00:35,701.98,0.7
10,running,175.67,0.9,727,2025-04-30 22:00:35,693.47,0.74
1,running,155.48,0.9,0,2025-04-30 22:00:45,749.29,0.68
2,running,74.72,0.9,904,2025-04-30 22:00:45,730.61,0.72
3,running,60,0.53,0,2025-04-30 22:00:45,746.02,0.68
4,running,77.98,0.69,903,2025-04-30 22:00:45,780.0,0.7
5,running,143.81,0.71,810,2025-04-30 22:00:45,690.46,0.7
6,running,300,0.9,2381,2025-04-30 22:00:45,767.54,0.73
7,running,160.99,0.6,411,2025-04-30 22:00:45,676.9,0.72
8,running,110.25,0.67,540,2025-04-30 22:00:45,672.92,0.72
9,running,90.64,0.9,424,2025-04-30 22:00:45,701.99,0.71
10,running,274.3,0.9,1509,2025-04-30 22:00:45,693.47,0.74
1,error,60.0,0.2,0,2025-04-30 22:00:55,749.29,0.68
2,running,101.74,0.9,1112,2025-04-30 22:00:55,730.61,0.72
3,idle,60.0,0.2,0,2025-04-30 22:00:55,746.02,0.68
4,running,139.08,0.9,719,2025-04-30 22:00:55,780.01,0.71
5,error,60.0,0.2,0,2025-04-30 22:00:55,690.46,0.7
6,running,255.61,0.9,2766,2025-04-30 22:00:55,767.54,0.73
7,running,185.71,0.9,0,2025-04-30 22:00:55,676.9,0.72
8,running,74.91,0.62,832,2025-04-30 22:00:55,672.92,0.72
9,idle,60.0,0.2,0,2025-04-30 22:00:55,701.99,0.71
10,running,300,0.9,1958,2025-04-30 22:00:55,693.47,0.74
1,running,147.0,0.64,311,2025-04-30 22:01:05,749.29,0.68
2,running,197.13,0.9,1251,2025-04-30 22:01:05,730.61,0.72
3,running,151.43,0.61,634,2025-04-30 22:01:05,746.03,0.69
4,running,228.56,0.9,0,2025-04-30 22:01:05,780.01,0.71
5,running,60,0.25,759,2025-04-30 22:01:05,690.46,0.7
6,running,239.78,0.9,3122,2025-04-30 22:01:05,767.54,0.73
7,running,243.28,0.9,697,2025-04-30 22:01:05,676.91,0.73
8,running,147.1,0.69,87,2025-04-30 22:01:05,672.92,0.72
9,running,60,0.58,0,2025-04-30 22:01:05,701.99,0.71
10,idle,60.0,0.2,0,2025-04-30 22:01:05,693.47,0.74
1,running,124.11,0.86,230,2025-04-30 22:01:15,749.29,0.68
2,running,193.6,0.9,1131,2025-04-30 22:01:15,730.62,0.73
3,idle,60.0,0.2,0,2025-04-30 22:01:15,746.03,0.69
4,idle,60.0,0.2,0,2025-04-30 22:01:15,780.01,0.71
5,running,112.85,0.44,764,2025-04-30 22:01:15,690.47,0.71
6,running,210.82,0.9,3234,2025-04-30 22:01:15,767.54,0.73
7,idle,60.0,0.2,0,2025-04-30 22:01:15,676.91,0.73
8,running,126.77,0.9,93,2025-04-30 22:01:15,672.93,0.73
9,running,60,0.71,0,2025-04-30 22:01:15,701.99,0.71
10,running,114.11,0.51,0,2025-04-30 22:01:15,693.47,0.74
1,running,164.57,0.9,847,2025-04-30 22:01:25,749.3,0.69
2,idle,60.0,0.2,0,2025-04-30 22:01:25,730.62,0.73
3,running,60,0.34,206,2025-04-30 22:01:25,746.03,0.69
4,running,147.77,0.51,0,2025-04-30 22:01:25,780.01,0.71
5,running,159.97,0.86,341,2025-04-30 22:01:25,690.47,0.71
6,running,272.46,0.9,2914,2025-04-30 22:01:25,767.55,0.74
7,running,135.29,0.44,904,2025-04-30 22:01:25,676.91,0.73
8,running,109.91,0.9,615,2025-04-30 22:01:25,672.93,0.73
9,running,84.59,0.9,990,2025-04-30 22:01:25,702.0,0.72
10,idle,60.0,0.2,0,2025-04-30 22:01:25,693.47,0.74
1,running,243.91,0.9,1736,2025-04-30 22:01:35,749.3,0.69
2,running,78.24,0.31,182,2025-04-30 22:01:35,730.62,0.73
3,running,60,0.32,1105,2025-04-30 22:01:35,746.03,0.69
4,idle,60.0,0.2,0,2025-04-30 22:01:35,780.01,0.71
5,running,245.57,0.9,492,2025-04-30 22:01:35,690.47,0.71
6,running,241.54,0.9,2695,2025-04-30 22:01:35,767.55,0.74
7,running,99.13,0.64,0,2025-04-30 22:01:35,676.91,0.73
8,running,165.54,0.9,744,2025-04-30 22:01:35,672.93,0.73
9,running,120.7,0.9,1214,2025-04-30 22:01:35,702.0,0.72
10,running,63.9,0.17,0,2025-04-30 22:01:35,693.48,0.75
1,running,212.1,0.9,2343,2025-04-30 22:01:45,749.3,0.69
2,running,60,0.44,0,2025-04-30 22:01:45,730.62,0.73
3,running,60,0.41,119,2025-04-30 22:01:45,746.04,0.7
4,running,60,0.36,896,2025-04-30 22:01:45,780.01,0.71
5,running,300,0.9,55,2025-04-30 22:01:45,690.48,0.72
6,running,234.4,0.9,2859,2025-04-30 22:01:45,767.55,0.74
7,idle,60.0,0.2,0,2025-04-30 22:01:45,676.91,0.73
8,running,137.96,0.9,1711,2025-04-30 22:01:45,672.93,0.73
9,running,196.66,0.9,1291,2025-04-30 22:01:45,702.0,0.72
10,idle,60.0,0.2,0,2025-04-30 22:01:45,693.48,0.75
1,idle,60.0,0.2,0,2025-04-30 22:01:55,749.3,0.69
2,running,119.07,0.68,0,2025-04-30 22:01:55,730.63,0.74
3,running,60,0.77,428,2025-04-30 22:01:55,746.04,0.7
4,running,105.81,0.58,0,2025-04-30 22:01:55,780.02,0.72
5,running,300,0.9,308,2025-04-30 22:01:55,690.48,0.72
6,running,300,0.89,2291,2025-04-30 22:01:55,767.55,0.74
7,running,74.68,0.65,373,2025-04-30 22:01:55,676.91,0.73
8,error,60.0,0.2,0,2025-04-30 22:01:55,672.93,0.73
9,running,227.13,0.9,537,2025-04-30 22:01:55,702.0,0.72
10,running,60,0.23,985,2025-04-30 22:01:55,693.48,0.75
1,running,60,0.58,469,2025-04-30 22:02:05,749.31,0.7
2,running,200.73,0.74,464,2025-04-30 22:02:05,730.63,0.74
3,running,60,0.9,539,2025-04-30 22:02:05,746.04,0.7
4,idle,60.0,0.2,0,2025-04-30 22:02:05,780.02,0.72
5,running,300,0.9,530,2025-04-30 22:02:05,690.48,0.72
6,running,298.62,0.9,2603,2025-04-30 22:02:05,767.56,0.75
7,running,117.74,0.9,0,2025-04-30 22:02:05,676.92,0.74
8,running,127.66,0.69,670,2025-04-30 22:02:05,672.94,0.74
9,running,300,0.9,0,2025-04-30 22:02:05,702.01,0.73
10,running,109.38,0.45,1950,2025-04-30 22:02:05,693.48,0.75
1,running,144.32,0.9,819,2025-04-30 22:02:15,749.31,0.7
2,running,211.56,0.9,172,2025-04-30 22:02:15,730.63,0.74
3,idle,60.0,0.2,0,2025-04-30 22:02:15,746.04,0.7
4,running,60,0.37,0,2025-04-30 22:02:15,780.02,0.72
5,running,258.8,0.9,574,2025-04-30 22:02:15,690.48,0.72
6,running,296.7,0.9,2400,2025-04-30 22:02:15,767.56,0.75
7,running,70.46,0.88,0,2025-04-30 22:02:15,676.92,0.74
8,running,110.98,0.7,335,2025-04-30 22:02:15,672.94,0.74
9,running,257.54,0.9,0,2025-04-30 22:02:15,702.01,0.73
10,running,71.29,0.9,1825,2025-04-30 22:02:15,693.48,0.75
1,running,180.11,0.9,241,2025-04-30 22:02:25,749.31,0.7
2,running,170.02,0.87,0,2025-04-30 22:02:25,730.63,0.74
3,running,136.11,0.45,0,2025-04-30 22:02:25,746.04,0.7
4,running,110.0,0.85,133,2025-04-30 22:02:25,780.02,0.72
5,running,252.46,0.9,163,2025-04-30 22:02:25,690.49,0.73
6,running,291.25,0.9,3042,2025-04-30 22:02:25,767.56,0.75
7,error,60.0,0.2,0,2025-04-30 22:02:25,676.92,0.74
8,running,176.03,0.9,0,2025-04-30 22:02:25,672.94,0.74
9,idle,60.0,0.2,0,2025-04-30 22:02:25,702.01,0.73
10,running,117.2,0.9,972,2025-04-30 22:02:25,693.49,0.76
1,idle,60.0,0.2,0,2025-04-30 22:02:35,749.31,0.7
2,idle,60.0,0.2,0,2025-04-30 22:02:35,730.63,0.74
3,running,205.24,0.75,0,2025-04-30 22:02:35,746.05,0.71
4,running,67.28,0.9,270,2025-04-30 22:02:35,780.03,0.73
5,running,300,0.9,486,2025-04-30 22:02:35,690.49,0.73
6,idle,60.0,0.2,0,2025-04-30 22:02:35,767.56,0.75
7,running,87.4,0.66,0,2025-04-30 22:02:35,676.92,0.74
8,running,213.94,0.9,584,2025-04-30 22:02:35,672.95,0.75
9,running,152.74,0.26,562,2025-04-30 22:02:35,702.01,0.73
10,running,168.67,0.9,1053,2025-04-30 22:02:35,693.49,0.76
1,running,135.14,0.25,0,2025-04-30 22:02:45,749.31,0.7
2,idle,60.0,0.2,0,2025-04-30 22:02:45,730.63,0.74
3,running,178.34,0.9,604,2025-04-30 22:02:45,746.05,0.71
4,running,60,0.9,834,2025-04-30 22:02:45,780.03,0.73
5,running,300,0.9,726,2025-04-30 22:02:45,690.49,0.73
6,running,75.2,0.54,0,2025-04-30 22:02:45,767.57,0.76
7,running,60,0.9,0,2025-04-30 22:02:45,676.92,0.74
8,running,254.16,0.9,1155,2025-04-30 22:02:45,672.95,0.75
9,error,60.0,0.2,0,2025-04-30 22:02:45,702.01,0.73
10,running,251.4,0.9,749,2025-04-30 22:02:45,693.49,0.76
1,idle,60.0,0.2,0,2025-04-30 22:02:55,749.31,0.7
2,running,123.18,0.28,43,2025-04-30 22:02:55,730.64,0.75
3,idle,60.0,0.2,0,2025-04-30 22:02:55,746.05,0.71
4,running,110.04,0.9,454,2025-04-30 22:02:55,780.03,0.73
5,running,262.55,0.9,1344,2025-04-30 22:02:55,690.5,0.74
6,running,60,0.75,758,2025-04-30 22:02:55,767.57,0.76
7,running,100.52,0.9,565,2025-04-30 22:02:55,676.93,0.75
8,running,270.55,0.85,1368,2025-04-30 22:02:55,672.95,0.75
9,error,60.0,0.2,0,2025-04-30 22:02:55,702.01,0.73
10,running,300,0.9,993,2025-04-30 22:02:55,693.5,0.77
1,running,114.58,0.46,158,2025-04-30 22:03:05,749.32,0.71
2,running,172.45,0.31,541,2025-04-30 22:03:05,730.64,0.75
3,idle,60.0,0.2,0,2025-04-30 22:03:05,746.05,0.71
4,running,179.1,0.9,0,2025-04-30 22:03:05,780.03,0.73
5,running,237.48,0.9,1514,2025-04-30 22:03:05,690.5,0.74
6,running,86.63,0.9,696,2025-04-30 22:03:05,767.57,0.76
7,running,183.26,0.9,1326,2025-04-30 22:03:05,676.93,0.75
8,running,266.28,0.9,1243,2025-04-30 22:03:05,672.95,0.75
9,idle,60.0,0.2,0,2025-04-30 22:03:05,702.01,0.73
10,error,60.0,0.2,0,2025-04-30 22:03:05,693.5,0.77
1,running,84.27,0.61,0,2025-04-30 22:03:15,749.32,0.71
2,running,220.77,0.7,1475,2025-04-30 22:03:15,730.64,0.75
3,running,60,0.53,0,2025-04-30 22:03:15,746.05,0.71
4,idle,60.0,0.2,0,2025-04-30 22:03:15,780.03,0.73
5,idle,60.0,0.2,0,2025-04-30 22:03:15,690.5,0.74
6,running,89.44,0.86,0,2025-04-30 22:03:15,767.57,0.76
7,running,233.65,0.9,900,2025-04-30 22:03:15,676.93,0.75
8,running,300,0.9,512,2025-04-30 22:03:15,672.96,0.76
9,running,122.24,0.54,0,2025-04-30 22:03:15,702.01,0.73
10,running,60,0.64,0,2025-04-30 22:03:15,693.5,0.77
1,running,164.2,0.65,0,2025-04-30 22:03:25,749.32,0.71
2,running,179.16,0.81,1218,2025-04-30 22:03:25,730.65,0.76
3,idle,60.0,0.2,0,2025-04-30 22:03:25,746.05,0.71
4,running,85.93,0.4,272,2025-04-30 22:03:25,780.04,0.74
5,running,79.58,0.63,0,2025-04-30 22:03:25,690.5,0.74
6,running,69.72,0.87,0,2025-04-30 22:03:25,767.58,0.77
7,running,232.16,0.9,686,2025-04-30 22:03:25,676.94,0.76
8,running,300,0.9,778,2025-04-30 22:03:25,672.96,0.76
9,idle,60.0,0.2,0,2025-04-30 22:03:25,702.01,0.73
10,running,63.64,0.66,0,2025-04-30 22:03:25,693.5,0.77
1,running,213.34,0.9,0,2025-04-30 22:03:35,749.33,0.72
2,running,209.01,0.9,1285,2025-04-30 22:03:35,730.65,0.76
3,running,151.39,0.5,0,2025-04-30 22:03:35,746.06,0.72
4,running,60,0.88,326,2025-04-30 22:03:35,780.04,0.74
5,running,120.54,0.89,218,2025-04-30 22:03:35,690.5,0.74
6,running,60,0.9,627,2025-04-30 22:03:35,767.58,0.77
7,running,299.34,0.9,0,2025-04-30 22:03:35,676.94,0.76
8,idle,60.0,0.2,0,2025-04-30 22:03:35,672.96,0.76
9,idle,60.0,0.2,0,2025-04-30 22:03:35,702.01,0.73
10,running,101.67,0.67,0,2025-04-30 22:03:35,693.5,0.77
1,running,240.78,0.9,20,2025-04-30 22:03:45,749.33,0.72
2,idle,60.0,0.2,0,2025-04-30 22:03:45,730.65,0.76
3,running,132.1,0.76,834,2025-04-30 22:03:45,746.06,0.72
4,running,67.2,0.9,454,2025-04-30 22:03:45,780.04,0.74
5,running,107.76,0.9,72,2025-04-30 22:03:45,690.51,0.75
6,running,94.58,0.9,259,2025-04-30 22:03:45,767.58,0.77
7,running,260.68,0.9,25,2025-04-30 22:03:45,676.94,0.76
8,running,91.12,0.29,641,2025-04-30 22:03:45,672.96,0.76
9,running,60,0.37,0,2025-04-30 22:03:45,702.02,0.74
10,running,60,0.9,611,2025-04-30 22:03:45,693.51,0.78
1,error,60.0,0.2,0,2025-04-30 22:03:55,749.33,0.72
2,idle,60.0,0.2,0,2025-04-30 22:03:55,730.65,0.76
3,running,162.85,0.76,1465,2025-04-30 22:03:55,746.06,0.72
4,running,123.84,0.9,0,2025-04-30 22:03:55,780.04,0.74
5,running,102.57,0.9,0,2025-04-30 22:03:55,690.51,0.75
6,idle,60.0,0.2,0,2025-04-30 22:03:55,767.58,0.77
7,running,293.58,0.9,0,2025-04-30 22:03:55,676.94,0.76
8,running,69.45,0.71,0,2025-04-30 22:03:55,672.96,0.76
9,running,73.65,0.71,0,2025-04-30 22:03:55,702.02,0.74
10,running,65.9,0.9,0,2025-04-30 22:03:55,693.51,0.78
1,running,103.84,0.22,173,2025-04-30 22:04:05,749.33,0.72
2,running,69.4,0.53,743,2025-04-30 22:04:05,730.65,0.76
3,running,190.8,0.9,1159,2025-04-30 22:04:05,746.06,0.72
4,running,80.05,0.9,0,2025-04-30 22:04:05,780.05,0.75
5,running,124.7,0.9,0,2025-04-30 22:04:05,690.51,0.75
6,running,140.53,0.32,0,2025-04-30 22:04:05,767.59,0.78
7,running,291.12,0.9,936,2025-04-30 22:04:05,676.95,0.77
8,idle,60.0,0.2,0,2025-04-30 22:04:05,672.96,0.76
9,running,139.14,0.9,0,2025-04-30 22:04:05,702.02,0.74
10,running,86.51,0.9,0,2025-04-30 22:04:05,693.51,0.78
1,running,148.78,0.67,0,2025-04-30 22:04:15,749.33,0.72
2,idle,60.0,0.2,0,2025-04-30 22:04:15,730.65,0.76
3,running,201.78,0.9,646,2025-04-30 22:04:15,746.07,0.73
4,running,60,0.9,992,2025-04-30 22:04:15,780.05,0.75
5,running,110.45,0.9,38,2025-04-30 22:04:15,690.51,0.75
6,running,165.99,0.44,846,2025-04-30 22:04:15,767.59,0.78
7,running,297.15,0.9,1307,2025-04-30 22:04:15,676.95,0.77
8,running,60,0.33,730,2025-04-30 22:04:15,672.97,0.77
9,idle,60.0,0.2,0,2025-04-30 22:04:15,702.02,0.74
10,running,87.97,0.9,0,2025-04-30 22:04:15,693.52,0.79
1,running,182.45,0.9,0,2025-04-30 22:04:25,749.34,0.73
2,running,117.72,0.45,0,2025-04-30 22:04:25,730.65,0.76
3,error,60.0,0.2,0,2025-04-30 22:04:25,746.07,0.73
4,idle,60.0,0.2,0,2025-04-30 22:04:25,780.05,0.75
5,running,107.51,0.9,643,2025-04-30 22:04:25,690.52,0.76
6,error,60.0,0.2,0,2025-04-30 22:04:25,767.59,0.78
7,running,300,0.9,1535,2025-04-30 22:04:25,676.95,0.77
8,running,98.49,0.78,811,2025-04-30 22:04:25,672.97,0.77
9,running,144.95,0.67,928,2025-04-30 22:04:25,702.03,0.75
10,running,145.76,0.9,0,2025-04-30 22:04:25,693.52,0.79
1,running,273.02,0.9,708,2025-04-30 22:04:35,749.34,0.73
2,error,60.0,0.2,0,2025-04-30 22:04:35,730.65,0.76
3,idle,60.0,0.2,0,2025-04-30 22:04:35,746.07,0.73
4,running,130.95,0.2,0,2025-04-30 22:04:35,780.05,0.75
5,running,122.95,0.9,9,2025-04-30 22:04:35,690.52,0.76
6,running,60,0.38,0,2025-04-30 22:04:35,767.59,0.78
7,running,300,0.9,667,2025-04-30 22:04:35,676.96,0.78
8,running,113.29,0.9,895,2025-04-30 22:04:35,672.97,0.77
9,running,195.74,0.66,1533,2025-04-30 22:04:35,702.03,0.75
10,running,182.94,0.89,0,2025-04-30 22:04:35,693.52,0.79
1,idle,60.0,0.2,0,2025-04-30 22:04:45,749.34,0.73
2,running,128.17,0.3,622,2025-04-30 22:04:45,730.66,0.77
3,idle,60.0,0.2,0,2025-04-30 22:04:45,746.07,0.73
4,running,158.73,0.22,25,2025-04-30 22:04:45,780.06,0.76
5,running,82.39,0.88,0,2025-04-30 22:04:45,690.52,0.76
6,running,157.82,0.69,32,2025-04-30 22:04:45,767.59,0.78
7,running,300,0.9,1474,2025-04-30 22:04:45,676.96,0.78
8,running,104.98,0.9,1664,2025-04-30 22:04:45,672.98,0.78
9,running,219.87,0.73,1622,2025-04-30 22:04:45,702.03,0.75
10,running,181.08,0.9,0,2025-04-30 22:04:45,693.52,0.79
1,idle,60.0,0.2,0,2025-04-30 22:04:55,749.34,0.73
2,running,102.89,0.54,1487,2025-04-30 22:04:55,730.66,0.77
3,running,86.95,0.59,626,2025-04-30 22:04:55,746.07,0.73
4,running,122.19,0.43,1023,2025-04-30 22:04:55,780.06,0.76
5,running,177.01,0.9,93,2025-04-30 22:04:55,690.53,0.77
6,idle,60.0,0.2,0,2025-04-30 22:04:55,767.59,0.78
7,running,296.29,0.9,1106,2025-04-30 22:04:55,676.96,0.78
8,running,158.29,0.9,1279,2025-04-30 22:04:55,672.98,0.78
9,running,300,0.81,1367,2025-04-30 22:04:55,702.03,0.75
10,running,265.27,0.9,747,2025-04-30 22:04:55,693.53,0.8
1,running,117.39,0.27,294,2025-04-30 22:05:05,749.34,0.73
2,running,60,0.57,2256,2025-04-30 22:05:05,730.66,0.77
3,running,94.71,0.71,1095,2025-04-30 22:05:05,746.07,0.73
4,running,207.87,0.39,804,2025-04-30 22:05:05,780.06,0.76
5,running,248.04,0.9,637,2025-04-30 22:05:05,690.53,0.77
6,running,153.41,0.56,787,2025-04-30 22:05:05,767.6,0.79
7,idle,60.0,0.2,0,2025-04-30 22:05:05,676.96,0.78
8,error,60.0,0.2,0,2025-04-30 22:05:05,672.98,0.78
9,running,300,0.9,974,2025-04-30 22:05:05,702.04,0.76
10,error,60.0,0.2,0,2025-04-30 22:05:05,693.53,0.8
1,running,209.21,0.34,0,2025-04-30 22:05:15,749.34,0.73
2,idle,60.0,0.2,0,2025-04-30 22:05:15,730.66,0.77
3,running,128.04,0.9,1401,2025-04-30 22:05:15,746.07,0.73
4,idle,60.0,0.2,0,2025-04-30 22:05:15,780.06,0.76
5,running,286.25,0.9,908,2025-04-30 22:05:15,690.53,0.77
6,idle,60.0,0.2,0,2025-04-30 22:05:15,767.6,0.79
7,running,149.31,0.5,0,2025-04-30 22:05:15,676.96,0.78
8,idle,60.0,0.2,0,2025-04-30 22:05:15,672.98,0.78
9,idle,60.0,0.2,0,2025-04-30 22:05:15,702.04,0.76
10,running,129.69,0.36,0,2025-04-30 22:05:15,693.53,0.8
1,running,299.37,0.84,0,2025-04-30 22:05:25,749.35,0.74
2,running,60,0.56,1,2025-04-30 22:05:25,730.66,0.77
3,error,60.0,0.2,0,2025-04-30 22:05:25,746.07,0.73
4,running,65.18,0.4,0,2025-04-30 22:05:25,780.06,0.76
5,running,300,0.9,1743,2025-04-30 22:05:25,690.53,0.77
6,running,124.31,0.65,114,2025-04-30 22:05:25,767.6,0.79
7,idle,60.0,0.2,0,2025-04-30 22:05:25,676.96,0.78
8,running,60,0.32,834,2025-04-30 22:05:25,672.98,0.78
9,running,60,0.48,270,2025-04-30 22:05:25,702.04,0.76
10,idle,60.0,0.2,0,2025-04-30 22:05:25,693.53,0.8
1,running,300,0.9,150,2025-04-30 22:05:35,749.35,0.74
2,running,82.67,0.75,0,2025-04-30 22:05:35,730.67,0.78
3,idle,60.0,0.2,0,2025-04-30 22:05:35,746.07,0.73
4,running,74.1,0.36,0,2025-04-30 22:05:35,780.07,0.77
5,running,300,0.87,1544,2025-04-30 22:05:35,690.54,0.78
6,running,216.54,0.9,371,2025-04-30 22:05:35,767.6,0.79
7,idle,60.0,0.2,0,2025-04-30 22:05:35,676.96,0.78
8,idle,60.0,0.2,0,2025-04-30 22:05:35,672.98,0.78
9,running,60,0.67,61,2025-04-30 22:05:35,702.04,0.76
10,running,60,0.3,444,2025-04-30 22:05:35,693.53,0.8
1,running,259.3,0.9,678,2025-04-30 22:05:45,749.35,0.74
2,error,60.0,0.2,0,2025-04-30 22:05:45,730.67,0.78
3,running,60,0.63,0,2025-04-30 22:05:45,746.08,0.74
4,running,85.62,0.54,332,2025-04-30 22:05:45,780.07,0.77
5,running,300,0.9,1338,2025-04-30 22:05:45,690.54,0.78
6,error,60.0,0.2,0,2025-04-30 22:05:45,767.6,0.79
7,running,121.94,0.67,0,2025-04-30 22:05:45,676.97,0.79
8,running,60,0.23,0,2025-04-30 22:05:45,672.98,0.78
9,running,60,0.9,104,2025-04-30 22:05:45,702.05,0.77
10,running,66.81,0.47,487,2025-04-30 22:05:45,693.53,0.8
1,running,300,0.9,1329,2025-04-30 22:05:55,749.36,0.75
2,running,60,0.37,0,2025-04-30 22:05:55,730.67,0.78
3,running,93.22,0.61,0,2025-04-30 22:05:55,746.08,0.74
4,running,169.75,0.9,1159,2025-04-30 22:05:55,780.07,0.77
5,running,300,0.9,1374,2025-04-30 22:05:55,690.54,0.78
6,running,120.52,0.69,0,2025-04-30 22:05:55,767.6,0.79
7,running,183.4,0.65,527,2025-04-30 22:05:55,676.97,0.79
8,running,60,0.4,955,2025-04-30 22:05:55,672.99,0.79
9,idle,60.0,0.2,0,2025-04-30 22:05:55,702.05,0.77
10,running,72.06,0.84,0,2025-04-30 22:05:55,693.54,0.81
1,running,300,0.86,1153,2025-04-30 22:06:05,749.36,0.75
2,running,60,0.65,73,2025-04-30 22:06:05,730.67,0.78
3,running,152.27,0.81,837,2025-04-30 22:06:05,746.08,0.74
4,running,255.33,0.9,1661,2025-04-30 22:06:05,780.08,0.78
5,running,300,0.9,2054,2025-04-30 22:06:05,690.55,0.79
6,running,91.42,0.9,0,2025-04-30 22:06:05,767.61,0.8
7,running,162.64,0.88,244,2025-04-30 22:06:05,676.97,0.79
8,running,143.32,0.43,677,2025-04-30 22:06:05,672.99,0.79
9,running,148.78,0.44,620,2025-04-30 22:06:05,702.05,0.77
10,running,60,0.9,0,2025-04-30 22:06:05,693.54,0.81
1,running,298.12,0.9,458,2025-04-30 22:06:15,749.36,0.75
2,running,82.75,0.9,0,2025-04-30 22:06:15,730.68,0.79
3,running,205.83,0.77,1030,2025-04-30 22:06:15,746.09,0.75
4,running,229.41,0.9,2033,2025-04-30 22:06:15,780.08,0.78
5,running,300,0.9,2963,2025-04-30 22:06:15,690.55,0.79
6,running,65.93,0.9,173,2025-04-30 22:06:15,767.61,0.8
7,running,219.03,0.87,881,2025-04-30 22:06:15,676.97,0.79
8,running,114.16,0.9,38,2025-04-30 22:06:15,672.99,0.79
9,running,117.34,0.55,0,2025-04-30 22:06:15,702.05,0.77
10,running,60,0.9,0,2025-04-30 22:06:15,693.54,0.81
1,running,300,0.9,0,2025-04-30 22:06:25,749.36,0.75
2,running,132.56,0.9,239,2025-04-30 22:06:25,730.68,0.79
3,running,211.13,0.82,1620,2025-04-30 22:06:25,746.09,0.75
4,idle,60.0,0.2,0,2025-04-30 22:06:25,780.08,0.78
5,running,276.61,0.9,2055,2025-04-30 22:06:25,690.55,0.79
6,running,68.82,0.9,0,2025-04-30 22:06:25,767.61,0.8
7,running,262.29,0.9,413,2025-04-30 22:06:25,676.98,0.8
8,running,149.68,0.9,0,2025-04-30 22:06:25,673.0,0.8
9,running,144.75,0.71,0,2025-04-30 22:06:25,702.05,0.77
10,idle,60.0,0.2,0,2025-04-30 22:06:25,693.54,0.81
1,running,298.32,0.9,0,2025-04-30 22:06:35,749.37,0.76
2,running,112.17,0.9,912,2025-04-30 22:06:35,730.68,0.79
3,idle,60.0,0.2,0,2025-04-30 22:06:35,746.09,0.75
4,idle,60.0,0.2,0,2025-04-30 22:06:35,780.08,0.78
5,running,240.53,0.9,2059,2025-04-30 22:06:35,690.55,0.79
6,running,168.17,0.9,0,2025-04-30 22:06:35,767.62,0.81
7,running,300,0.9,643,2025-04-30 22:06:35,676.98,0.8
8,running,157.03,0.9,970,2025-04-30 22:06:35,673.0,0.8
9,running,156.58,0.68,0,2025-04-30 22:06:35,702.06,0.78
10,running,129.05,0.28,0,2025-04-30 22:06:35,693.55,0.82
1,running,284.45,0.9,0,2025-04-30 22:06:45,749.37,0.76
2,running,124.09,0.9,1692,2025-04-30 22:06:45,730.68,0.79
3,error,60.0,0.2,0,2025-04-30 22:06:45,746.09,0.75
4,running,60,0.56,0,2025-04-30 22:06:45,780.08,0.78
5,idle,60.0,0.2,0,2025-04-30 22:06:45,690.55,0.79
6,running,200.87,0.9,0,2025-04-30 22:06:45,767.62,0.81
7,running,300,0.9,241,2025-04-30 22:06:45,676.98,0.8
8,running,210.21,0.9,1640,2025-04-30 22:06:45,673.0,0.8
9,running,209.58,0.9,303,2025-04-30 22:06:45,702.06,0.78
10,running,175.03,0.75,482,2025-04-30 22:06:45,693.55,0.82
1,running,300,0.9,705,2025-04-30 22:06:55,749.37,0.76
2,running,176.67,0.9,1356,2025-04-30 22:06:55,730.69,0.8
3,running,83.11,0.21,624,2025-04-30 22:06:55,746.09,0.75
4,idle,60.0,0.2,0,2025-04-30 22:06:55,780.08,0.78
5,running,60,0.38,0,2025-04-30 22:06:55,690.56,0.8
6,running,206.36,0.9,881,2025-04-30 22:06:55,767.62,0.81
7,idle,60.0,0.2,0,2025-04-30 22:06:55,676.98,0.8
8,running,245.0,0.9,1143,2025-04-30 22:06:55,673.0,0.8
9,running,249.2,0.9,655,2025-04-30 22:06:55,702.06,0.78
10,running,186.94,0.9,1176,2025-04-30 22:06:55,693.55,0.82
1,running,300,0.9,1435,2025-04-30 22:07:05,749.38,0.77
2,idle,60.0,0.2,0,2025-04-30 22:07:05,730.69,0.8
3,running,60,0.59,194,2025-04-30 22:07:05,746.09,0.75
4,running,60,0.23,0,2025-04-30 22:07:05,780.08,0.78
5,running,60,0.6,0,2025-04-30 22:07:05,690.56,0.8
6,error,60.0,0.2,0,2025-04-30 22:07:05,767.62,0.81
7,idle,60.0,0.2,0,2025-04-30 22:07:05,676.98,0.8
8,running,300,0.9,1593,2025-04-30 22:07:05,673.01,0.81
9,running,300,0.9,1030,2025-04-30 22:07:05,702.06,0.78
10,running,264.67,0.9,317,2025-04-30 22:07:05,693.55,0.82
1,running,300,0.9,1199,2025-04-30 22:07:15,749.38,0.77
2,idle,60.0,0.2,0,2025-04-30 22:07:15,730.69,0.8
3,error,60.0,0.2,0,2025-04-30 22:07:15,746.09,0.75
4,error,60.0,0.2,0,2025-04-30 22:07:15,780.08,0.78
5,running,96.36,0.9,0,2025-04-30 22:07:15,690.56,0.8
6,running,60,0.43,0,2025-04-30 22:07:15,767.62,0.81
7,idle,60.0,0.2,0,2025-04-30 22:07:15,676.98,0.8
8,running,294.23,0.9,2399,2025-04-30 22:07:15,673.01,0.81
9,idle,60.0,0.2,0,2025-04-30 22:07:15,702.06,0.78
10,running,229.29,0.9,0,2025-04-30 22:07:15,693.56,0.83
1,running,300,0.9,265,2025-04-30 22:07:25,749.38,0.77
2,idle,60.0,0.2,0,2025-04-30 22:07:25,730.69,0.8
3,running,60,0.38,131,2025-04-30 22:07:25,746.1,0.76
4,running,120.03,0.57,0,2025-04-30 22:07:25,780.09,0.79
5,error,60.0,0.2,0,2025-04-30 22:07:25,690.56,0.8
6,running,60,0.52,0,2025-04-30 22:07:25,767.63,0.82
7,idle,60.0,0.2,0,2025-04-30 22:07:25,676.98,0.8
8,running,300,0.9,1997,2025-04-30 22:07:25,673.01,0.81
9,running,60,0.67,0,2025-04-30 22:07:25,702.07,0.79
10,running,211.65,0.9,0,2025-04-30 22:07:25,693.56,0.83
1,running,268.98,0.9,929,2025-04-30 22:07:35,749.38,0.77
2,running,127.93,0.39,290,2025-04-30 22:07:35,730.69,0.8
3,running,157.71,0.78,0,2025-04-30 22:07:35,746.1,0.76
4,running,168.06,0.6,0,2025-04-30 22:07:35,780.09,0.79
5,running,60,0.49,0,2025-04-30 22:07:35,690.56,0.8
6,running,69.66,0.49,0,2025-04-30 22:07:35,767.63,0.82
7,running,88.47,0.62,0,2025-04-30 22:07:35,676.99,0.81
8,running,259.7,0.9,2244,2025-04-30 22:07:35,673.01,0.81
9,running,60,0.9,0,2025-04-30 22:07:35,702.07,0.79
10,running,219.4,0.9,322,2025-04-30 22:07:35,693.56,0.83
1,running,300,0.9,432,2025-04-30 22:07:45,749.39,0.78
2,idle,60.0,0.2,0,2025-04-30 22:07:45,730.69,0.8
3,running,219.99,0.9,0,2025-04-30 22:07:45,746.1,0.76
4,error,60.0,0.2,0,2025-04-30 22:07:45,780.09,0.79
5,running,152.21,0.65,192,2025-04-30 22:07:45,690.57,0.81
6,running,98.56,0.9,0,2025-04-30 22:07:45,767.63,0.82
7,running,113.58,0.68,453,2025-04-30 22:07:45,676.99,0.81
8,idle,60.0,0.2,0,2025-04-30 22:07:45,673.01,0.81
9,idle,60.0,0.2,0,2025-04-30 22:07:45,702.07,0.79
10,running,193.96,0.9,0,2025-04-30 22:07:45,693.57,0.84
1,running,300,0.9,0,2025-04-30 22:07:55,749.39,0.78
2,running,124.67,0.3,784,2025-04-30 22:07:55,730.69,0.8
3,running,300,0.89,426,2025-04-30 22:07:55,746.11,0.77
4,running,108.61,0.46,0,2025-04-30 22:07:55,780.09,0.79
5,running,125.38,0.9,826,2025-04-30 22:07:55,690.57,0.81
6,idle,60.0,0.2,0,2025-04-30 22:07:55,767.63,0.82
7,running,137.56,0.9,959,2025-04-30 22:07:55,676.99,0.81
8,running,60,0.53,978,2025-04-30 22:07:55,673.02,0.82
9,running,60,0.21,114,2025-04-30 22:07:55,702.07,0.79
10,running,214.64,0.9,229,2025-04-30 22:07:55,693.57,0.84
1,running,278.71,0.9,0,2025-04-30 22:08:05,749.39,0.78
2,running,186.95,0.38,797,2025-04-30 22:08:05,730.7,0.81
3,error,60.0,0.2,0,2025-04-30 22:08:05,746.11,0.77
4,running,148.02,0.9,929,2025-04-30 22:08:05,780.09,0.79
5,running,203.45,0.9,1662,2025-04-30 22:08:05,690.57,0.81
6,running,60,0.21,0,2025-04-30 22:08:05,767.64,0.83
7,running,232.52,0.9,1357,2025-04-30 22:08:05,676.99,0.81
8,running,153.07,0.81,1427,2025-04-30 22:08:05,673.02,0.82
9,running,116.39,0.63,0,2025-04-30 22:08:05,702.08,0.8
10,running,240.8,0.9,941,2025-04-30 22:08:05,693.57,0.84
1,idle,60.0,0.2,0,2025-04-30 22:08:15,749.39,0.78
2,running,286.42,0.46,1539,2025-04-30 22:08:15,730.7,0.81
3,running,60,0.69,530,2025-04-30 22:08:15,746.11,0.77
4,idle,60.0,0.2,0,2025-04-30 22:08:15,780.09,0.79
5,error,60.0,0.2,0,2025-04-30 22:08:15,690.57,0.81
6,running,82.8,0.62,0,2025-04-30 22:08:15,767.64,0.83
7,running,300,0.89,2210,2025-04-30 22:08:15,677.0,0.82
8,running,183.88,0.8,626,2025-04-30 22:08:15,673.02,0.82
9,running,181.41,0.8,0,2025-04-30 22:08:15,702.08,0.8
10,running,273.64,0.85,1806,2025-04-30 22:08:15,693.57,0.84
1,idle,60.0,0.2,0,2025-04-30 22:08:25,749.39,0.78
2,running,300,0.51,2068,2025-04-30 22:08:25,730.7,0.81
3,running,112.11,0.9,348,2025-04-30 22:08:25,746.11,0.77
4,running,122.46,0.61,531,2025-04-30 22:08:25,780.1,0.8
5,running,93.6,0.67,0,2025-04-30 22:08:25,690.58,0.82
6,running,135.98,0.9,4,2025-04-30 22:08:25,767.64,0.83
7,running,300,0.86,1254,2025-04-30 22:08:25,677.0,0.82
8,running,202.97,0.9,917,2025-04-30 22:08:25,673.03,0.83
9,running,169.94,0.9,0,2025-04-30 22:08:25,702.08,0.8
10,running,295.15,0.9,1017,2025-04-30 22:08:25,693.58,0.85
1,running,136.83,0.36,0,2025-04-30 22:08:35,749.39,0.78
2,running,300,0.89,1602,2025-04-30 22:08:35,730.7,0.81
3,error,60.0,0.2,0,2025-04-30 22:08:35,746.11,0.77
4,running,80.31,0.82,651,2025-04-30 22:08:35,780.1,0.8
5,running,182.95,0.9,141,2025-04-30 22:08:35,690.58,0.82
6,running,91.35,0.9,564,2025-04-30 22:08:35,767.64,0.83
7,running,300,0.9,1429,2025-04-30 22:08:35,677.0,0.82
8,running,205.73,0.9,865,2025-04-30 22:08:35,673.03,0.83
9,running,151.89,0.9,0,2025-04-30 22:08:35,702.08,0.8
10,idle,60.0,0.2,0,2025-04-30 22:08:35,693.58,0.85
1,running,219.23,0.81,0,2025-04-30 22:08:45,749.4,0.79
2,idle,60.0,0.2,0,2025-04-30 22:08:45,730.7,0.81
3,running,152.09,0.58,386,2025-04-30 22:08:45,746.11,0.77
4,running,60,0.9,1236,2025-04-30 22:08:45,780.1,0.8
5,running,173.87,0.9,0,2025-04-30 22:08:45,690.58,0.82
6,running,60,0.9,120,2025-04-30 22:08:45,767.65,0.84
7,running,300,0.9,1425,2025-04-30 22:08:45,677.01,0.83
8,idle,60.0,0.2,0,2025-04-30 22:08:45,673.03,0.83
9,idle,60.0,0.2,0,2025-04-30 22:08:45,702.08,0.8
10,running,67.91,0.58,0,2025-04-30 22:08:45,693.58,0.85
1,running,271.45,0.9,695,2025-04-30 22:08:55,749.4,0.79
2,running,128.59,0.23,985,2025-04-30 22:08:55,730.71,0.82
3,running,125.63,0.55,0,2025-04-30 22:08:55,746.12,0.78
4,running,157.65,0.89,371,2025-04-30 22:08:55,780.11,0.81
5,running,155.36,0.9,946,2025-04-30 22:08:55,690.58,0.82
6,running,60,0.85,0,2025-04-30 22:08:55,767.65,0.84
7,idle,60.0,0.2,0,2025-04-30 22:08:55,677.01,0.83
8,running,60,0.47,715,2025-04-30 22:08:55,673.03,0.83
9,running,60,0.66,645,2025-04-30 22:08:55,702.09,0.81
10,running,166.81,0.83,0,2025-04-30 22:08:55,693.58,0.85
1,idle,60.0,0.2,0,2025-04-30 22:09:05,749.4,0.79
2,running,128.4,0.37,386,2025-04-30 22:09:05,730.71,0.82
3,running,90.28,0.61,0,2025-04-30 22:09:05,746.12,0.78
4,running,187.32,0.9,53,2025-04-30 22:09:05,780.11,0.81
5,running,135.78,0.9,242,2025-04-30 22:09:05,690.59,0.83
6,running,60,0.9,384,2025-04-30 22:09:05,767.65,0.84
7,running,75.84,0.26,0,2025-04-30 22:09:05,677.01,0.83
8,error,60.0,0.2,0,2025-04-30 22:09:05,673.03,0.83
9,idle,60.0,0.2,0,2025-04-30 22:09:05,702.09,0.81
10,running,227.58,0.79,667,2025-04-30 22:09:05,693.58,0.85
1,running,139.09,0.57,535,2025-04-30 22:09:15,749.4,0.79
2,running,157.61,0.39,668,2025-04-30 22:09:15,730.71,0.82
3,running,84.89,0.9,859,2025-04-30 22:09:15,746.12,0.78
4,running,273.57,0.9,1034,2025-04-30 22:09:15,780.11,0.81
5,running,186.86,0.9,930,2025-04-30 22:09:15,690.59,0.83
6,running,60,0.9,427,2025-04-30 22:09:15,767.65,0.84
7,running,129.81,0.5,0,2025-04-30 22:09:15,677.01,0.83
8,running,123.28,0.37,0,2025-04-30 22:09:15,673.03,0.83
9,running,60,0.31,866,2025-04-30 22:09:15,702.09,0.81
10,running,277.17,0.9,1254,2025-04-30 22:09:15,693.59,0.86
1,running,162.71,0.73,167,2025-04-30 22:09:25,749.41,0.8
2,running,120.97,0.64,0,2025-04-30 22:09:25,730.71,0.82
3,running,112.63,0.9,624,2025-04-30 22:09:25,746.12,0.78
4,idle,60.0,0.2,0,2025-04-30 22:09:25,780.11,0.81
5,running,251.08,0.9,766,2025-04-30 22:09:25,690.59,0.83
6,idle,60.0,0.2,0,2025-04-30 22:09:25,767.65,0.84
7,running,101.21,0.5,0,2025-04-30 22:09:25,677.01,0.83
8,idle,60.0,0.2,0,2025-04-30 22:09:25,673.03,0.83
9,running,60,0.76,1037,2025-04-30 22:09:25,702.09,0.81
10,idle,60.0,0.2,0,2025-04-30 22:09:25,693.59,0.86
1,running,171.02,0.9,0,2025-04-30 22:09:35,749.41,0.8
2,running,78.45,0.85,0,2025-04-30 22:09:35,730.72,0.83
3,running,195.81,0.9,243,2025-04-30 22:09:35,746.13,0.79
4,running,60,0.69,652,2025-04-30 22:09:35,780.11,0.81
5,running,229.92,0.9,984,2025-04-30 22:09:35,690.6,0.84
6,running,111.74,0.2,993,2025-04-30 22:09:35,767.66,0.85
7,idle,60.0,0.2,0,2025-04-30 22:09:35,677.01,0.83
8,running,60,0.45,0,2025-04-30 22:09:35,673.04,0.84
9,running,60,0.9,2000,2025-04-30 22:09:35,702.1,0.82
10,running,155.7,0.59,0,2025-04-30 22:09:35,693.59,0.86
1,running,169.58,0.9,469,2025-04-30 22:09:45,749.41,0.8
2,running,163.57,0.9,774,2025-04-30 22:09:45,730.72,0.83
3,idle,60.0,0.2,0,2025-04-30 22:09:45,746.13,0.79
4,running,80.36,0.68,896,2025-04-30 22:09:45,780.12,0.82
5,running,293.25,0.9,1773,2025-04-30 22:09:45,690.6,0.84
6,running,161.54,0.57,323,2025-04-30 22:09:45,767.66,0.85
7,running,148.23,0.5,0,2025-04-30 22:09:45,677.02,0.84
8,running,95.18,0.68,0,2025-04-30 22:09:45,673.04,0.84
9,running,73.31,0.9,1080,2025-04-30 22:09:45,702.1,0.82
10,running,131.6,0.79,245,2025-04-30 22:09:45,693.59,0.86
1,idle,60.0,0.2,0,2025-04-30 22:09:55,749.41,0.8
2,running,150.65,0.9,0,2025-04-30 22:09:55,730.72,0.83
3,running,60,0.21,911,2025-04-30 22:09:55,746.13,0.79
4,idle,60.0,0.2,0,2025-04-30 22:09:55,780.12,0.82
5,running,274.71,0.9,2145,2025-04-30 22:09:55,690.6,0.84
6,running,193.07,0.9,871,2025-04-30 22:09:55,767.66,0.85
7,running,128.6,0.81,0,2025-04-30 22:09:55,677.02,0.84
8,running,85.34,0.9,456,2025-04-30 22:09:55,673.04,0.84
9,running,129.19,0.9,898,2025-04-30 22:09:55,702.1,0.82
10,running,220.87,0.9,449,2025-04-30 22:09:55,693.6,0.87
1,running,137.52,0.28,181,2025-04-30 22:10:05,749.41,0.8
2,running,197.54,0.9,0,2025-04-30 22:10:05,730.73,0.84
3,idle,60.0,0.2,0,2025-04-30 22:10:05,746.13,0.79
4,running,92.18,0.64,875,2025-04-30 22:10:05,780.12,0.82
5,running,275.55,0.9,2702,2025-04-30 22:10:05,690.6,0.84
6,idle,60.0,0.2,0,2025-04-30 22:10:05,767.66,0.85
7,running,169.97,0.9,0,2025-04-30 22:10:05,677.02,0.84
8,running,123.42,0.9,513,2025-04-30 22:10:05,673.05,0.85
9,running,124.36,0.9,425,2025-04-30 22:10:05,702.1,0.82
10,running,289.94,0.9,0,2025-04-30 22:10:05,693.6,0.87
1,running,235.15,0.34,249,2025-04-30 22:10:15,749.42,0.81
2,running,216.1,0.9,763,2025-04-30 22:10:15,730.73,0.84
3,running,60,0.68,150,2025-04-30 22:10:15,746.13,0.79
4,running,145.83,0.88,131,2025-04-30 22:10:15,780.12,0.82
5,error,60.0,0.2,0,2025-04-30 22:10:15,690.6,0.84
6,idle,60.0,0.2,0,2025-04-30 22:10:15,767.66,0.85
7,running,158.03,0.9,612,2025-04-30 22:10:15,677.02,0.84
8,running,190.53,0.9,852,2025-04-30 22:10:15,673.05,0.85
9,running,152.75,0.9,678,2025-04-30 22:10:15,702.11,0.83
10,running,292.95,0.9,840,2025-04-30 22:10:15,693.6,0.87
1,running,272.82,0.3,0,2025-04-30 22:10:25,749.42,0.81
2,running,194.31,0.9,0,2025-04-30 22:10:25,730.73,0.84
3,running,101.03,0.9,1035,2025-04-30 22:10:25,746.14,0.8
4,running,162.15,0.9,0,2025-04-30 22:10:25,780.13,0.83
5,running,60,0.63,0,2025-04-30 22:10:25,690.61,0.85
6,running,96.94,0.68,0,2025-04-30 22:10:25,767.67,0.86
7,running,169.95,0.86,691,2025-04-30 22:10:25,677.03,0.85
8,running,191.98,0.9,1841,2025-04-30 22:10:25,673.05,0.85
9,running,251.8,0.85,1408,2025-04-30 22:10:25,702.11,0.83
10,running,300,0.9,322,2025-04-30 22:10:25,693.6,0.87
1,running,234.84,0.35,0,2025-04-30 22:10:35,749.42,0.81
2,running,281.46,0.9,0,2025-04-30 22:10:35,730.73,0.84
3,running,69.72,0.9,1687,2025-04-30 22:10:35,746.14,0.8
4,running,205.65,0.9,656,2025-04-30 22:10:35,780.13,0.83
5,error,60.0,0.2,0,2025-04-30 22:10:35,690.61,0.85
6,error,60.0,0.2,0,2025-04-30 22:10:35,767.67,0.86
7,running,218.07,0.9,1524,2025-04-30 22:10:35,677.03,0.85
8,idle,60.0,0.2,0,2025-04-30 22:10:35,673.05,0.85
9,running,300,0.82,1361,2025-04-30 22:10:35,702.11,0.83
10,running,254.01,0.9,1128,2025-04-30 22:10:35,693.61,0.88
1,running,252.92,0.68,96,2025-04-30 22:10:45,749.43,0.82
2,running,300,0.9,76,2025-04-30 22:10:45,730.74,0.85
3,running,60,0.9,2252,2025-04-30 22:10:45,746.14,0.8
4,running,194.04,0.88,1081,2025-04-30 22:10:45,780.13,0.83
5,running,60,0.5,0,2025-04-30 22:10:45,690.61,0.85
6,idle,60.0,0.2,0,2025-04-30 22:10:45,767.67,0.86
7,idle,60.0,0.2,0,2025-04-30 22:10:45,677.03,0.85
8,running,60,0.16,0,2025-04-30 22:10:45,673.05,0.85
9,running,291.63,0.9,1097,2025-04-30 22:10:45,702.11,0.83
10,running,242.12,0.9,1956,2025-04-30 22:10:45,693.61,0.88
1,running,220.43,0.73,837,2025-04-30 22:10:55,749.43,0.82
2,running,300,0.9,110,2025-04-30 22:10:55,730.74,0.85
3,running,73.65,0.9,2278,2025-04-30 22:10:55,746.14,0.8
4,running,158.12,0.9,122,2025-04-30 22:10:55,780.13,0.83
5,idle,60.0,0.2,0,2025-04-30 22:10:55,690.61,0.85
6,running,154.4,0.19,844,2025-04-30 22:10:55,767.67,0.86
7,running,105.31,0.55,0,2025-04-30 22:10:55,677.03,0.85
8,running,153.63,0.44,73,2025-04-30 22:10:55,673.06,0.86
9,running,300,0.9,1970,2025-04-30 22:10:55,702.12,0.84
10,running,294.62,0.9,2054,2025-04-30 22:10:55,693.61,0.88
1,idle,60.0,0.2,0,2025-04-30 22:11:05,749.43,0.82
2,running,268.67,0.9,0,2025-04-30 22:11:05,730.74,0.85
3,idle,60.0,0.2,0,2025-04-30 22:11:05,746.14,0.8
4,idle,60.0,0.2,0,2025-04-30 22:11:05,780.13,0.83
5,running,109.98,0.22,0,2025-04-30 22:11:05,690.61,0.85
6,running,154.72,0.38,826,2025-04-30 22:11:05,767.67,0.86
7,error,60.0,0.2,0,2025-04-30 22:11:05,677.03,0.85
8,running,230.45,0.77,0,2025-04-30 22:11:05,673.06,0.86
9,running,300,0.9,2485,2025-04-30 22:11:05,702.12,0.84
10,running,300,0.9,3053,2025-04-30 22:11:05,693.62,0.89
1,running,111.99,0.2,776,2025-04-30 22:11:15,749.43,0.82
2,idle,60.0,0.2,0,2025-04-30 22:11:15,730.74,0.85
3,running,129.72,0.53,427,2025-04-30 22:11:15,746.15,0.81
4,running,74.28,0.49,235,2025-04-30 22:11:15,780.14,0.84
5,running,151.25,0.62,0,2025-04-30 22:11:15,690.61,0.85
6,running,242.42,0.53,365,2025-04-30 22:11:15,767.67,0.86
7,running,90.49,0.17,572,2025-04-30 22:11:15,677.04,0.86
8,idle,60.0,0.2,0,2025-04-30 22:11:15,673.06,0.86
9,running,300,0.9,2869,2025-04-30 22:11:15,702.12,0.84
10,running,300,0.9,3017,2025-04-30 22:11:15,693.62,0.89
1,running,117.87,0.41,777,2025-04-30 22:11:25,749.43,0.82
2,running,150.58,0.32,446,2025-04-30 22:11:25,730.75,0.86
3,error,60.0,0.2,0,2025-04-30 22:11:25,746.15,0.81
4,running,133.47,0.63,933,2025-04-30 22:11:25,780.14,0.84
5,running,188.13,0.69,0,2025-04-30 22:11:25,690.62,0.86
6,idle,60.0,0.2,0,2025-04-30 22:11:25,767.67,0.86
7,idle,60.0,0.2,0,2025-04-30 22:11:25,677.04,0.86
8,running,89.0,0.62,0,2025-04-30 22:11:25,673.06,0.86
9,idle,60.0,0.2,0,2025-04-30 22:11:25,702.12,0.84
10,running,258.21,0.9,3963,2025-04-30 22:11:25,693.62,0.89
1,running,200.41,0.72,0,2025-04-30 22:11:35,749.44,0.83
2,running,134.47,0.77,1268,2025-04-30 22:11:35,730.75,0.86
3,running,122.57,0.54,338,2025-04-30 22:11:35,746.15,0.81
4,running,138.57,0.83,186,2025-04-30 22:11:35,780.14,0.84
5,running,280.29,0.73,0,2025-04-30 22:11:35,690.62,0.86
6,idle,60.0,0.2,0,2025-04-30 22:11:35,767.67,0.86
7,running,60,0.35,728,2025-04-30 22:11:35,677.04,0.86
8,running,68.35,0.9,0,2025-04-30 22:11:35,673.06,0.86
9,running,154.92,0.32,13,2025-04-30 22:11:35,702.13,0.85
10,running,242.42,0.9,2983,2025-04-30 22:11:35,693.62,0.89
1,running,276.96,0.78,0,2025-04-30 22:11:45,749.44,0.83
2,running,215.19,0.9,531,2025-04-30 22:11:45,730.75,0.86
3,running,217.56,0.9,407,2025-04-30 22:11:45,746.15,0.81
4,running,226.22,0.84,982,2025-04-30 22:11:45,780.14,0.84
5,running,300,0.74,0,2025-04-30 22:11:45,690.62,0.86
6,running,63.92,0.47,0,2025-04-30 22:11:45,767.68,0.87
7,running,106.3,0.3,1568,2025-04-30 22:11:45,677.04,0.86
8,running,79.77,0.9,0,2025-04-30 22:11:45,673.07,0.87
9,idle,60.0,0.2,0,2025-04-30 22:11:45,702.13,0.85
10,running,273.62,0.9,2030,2025-04-30 22:11:45,693.63,0.9
1,running,243.35,0.9,0,2025-04-30 22:11:55,749.44,0.83
2,running,245.41,0.9,0,2025-04-30 22:11:55,730.75,0.86
3,running,189.29,0.9,487,2025-04-30 22:11:55,746.16,0.82
4,error,60.0,0.2,0,2025-04-30 22:11:55,780.14,0.84
5,idle,60.0,0.2,0,2025-04-30 22:11:55,690.62,0.86
6,running,143.25,0.81,0,2025-04-30 22:11:55,767.68,0.87
7,running,60.14,0.78,1493,2025-04-30 22:11:55,677.04,0.86
8,running,175.18,0.9,896,2025-04-30 22:11:55,673.07,0.87
9,running,137.15,0.37,0,2025-04-30 22:11:55,702.13,0.85
10,running,270.06,0.9,2938,2025-04-30 22:11:55,693.63,0.9
1,running,292.11,0.9,268,2025-04-30 22:12:05,749.44,0.83
2,error,60.0,0.2,0,2025-04-30 22:12:05,730.75,0.86
3,running,267.68,0.9,120,2025-04-30 22:12:05,746.16,0.82
4,running,69.24,0.39,547,2025-04-30 22:12:05,780.15,0.85
5,running,60,0.6,0,2025-04-30 22:12:05,690.63,0.87
6,running,177.11,0.9,0,2025-04-30 22:12:05,767.68,0.87
7,running,147.53,0.84,622,2025-04-30 22:12:05,677.05,0.87
8,running,134.51,0.9,0,2025-04-30 22:12:05,673.07,0.87
9,running,122.65,0.77,0,2025-04-30 22:12:05,702.13,0.85
10,error,60.0,0.2,0,2025-04-30 22:12:05,693.63,0.9
1,running,300,0.9,0,2025-04-30 22:12:15,749.45,0.84
2,running,60.49,0.31,724,2025-04-30 22:12:15,730.76,0.87
3,running,255.89,0.9,90,2025-04-30 22:12:15,746.16,0.82
4,running,129.23,0.66,208,2025-04-30 22:12:15,780.15,0.85
5,running,92.02,0.79,541,2025-04-30 22:12:15,690.63,0.87
6,running,140.79,0.9,0,2025-04-30 22:12:15,767.69,0.88
7,running,148.32,0.9,761,2025-04-30 22:12:15,677.05,0.87
8,running,99.33,0.9,0,2025-04-30 22:12:15,673.08,0.88
9,error,60.0,0.2,0,2025-04-30 22:12:15,702.13,0.85
10,running,110.78,0.66,639,2025-04-30 22:12:15,693.63,0.9
1,running,300,0.9,685,2025-04-30 22:12:25,749.45,0.84
2,running,121.72,0.31,1495,2025-04-30 22:12:25,730.76,0.87
3,running,232.83,0.88,0,2025-04-30 22:12:25,746.16,0.82
4,idle,60.0,0.2,0,2025-04-30 22:12:25,780.15,0.85
5,idle,60.0,0.2,0,2025-04-30 22:12:25,690.63,0.87
6,running,207.82,0.85,117,2025-04-30 22:12:25,767.69,0.88
7,running,219.32,0.9,1033,2025-04-30 22:12:25,677.05,0.87
8,running,139.89,0.9,0,2025-04-30 22:12:25,673.08,0.88
9,running,82.69,0.63,154,2025-04-30 22:12:25,702.13,0.85
10,running,209.61,0.9,6,2025-04-30 22:12:25,693.63,0.9
1,running,300,0.9,0,2025-04-30 22:12:35,749.45,0.84
2,idle,60.0,0.2,0,2025-04-30 22:12:35,730.76,0.87
3,running,247.38,0.9,0,2025-04-30 22:12:35,746.17,0.83
4,running,60.76,0.67,0,2025-04-30 22:12:35,780.15,0.85
5,running,111.66,0.68,0,2025-04-30 22:12:35,690.63,0.87
6,running,206.13,0.9,295,2025-04-30 22:12:35,767.69,0.88
7,running,209.42,0.9,166,2025-04-30 22:12:35,677.06,0.88
8,running,171.93,0.9,0,2025-04-30 22:12:35,673.08,0.88
9,running,102.85,0.84,448,2025-04-30 22:12:35,702.14,0.86
10,running,291.18,0.9,168,2025-04-30 22:12:35,693.64,0.91
1,running,300,0.9,0,2025-04-30 22:12:45,749.46,0.85
2,running,60,0.27,0,2025-04-30 22:12:45,730.76,0.87
3,running,251.77,0.9,371,2025-04-30 22:12:45,746.17,0.83
4,running,80.33,0.9,986,2025-04-30 22:12:45,780.16,0.86
5,running,173.42,0.68,0,2025-04-30 22:12:45,690.63,0.87
6,running,191.27,0.9,0,2025-04-30 22:12:45,767.69,0.88
7,running,221.77,0.9,142,2025-04-30 22:12:45,677.06,0.88
8,running,170.58,0.9,0,2025-04-30 22:12:45,673.08,0.88
9,running,178.01,0.9,17,2025-04-30 22:12:45,702.14,0.86
10,running,267.3,0.9,381,2025-04-30 22:12:45,693.64,0.91
1,running,257.76,0.9,0,2025-04-30 22:12:55,749.46,0.85
2,running,153.7,0.34,172,2025-04-30 22:12:55,730.76,0.87
3,running,300,0.9,586,2025-04-30 22:12:55,746.17,0.83
4,running,86.45,0.9,1291,2025-04-30 22:12:55,780.16,0.86
5,running,208.71,0.64,27,2025-04-30 22:12:55,690.64,0.88
6,running,234.22,0.9,0,2025-04-30 22:12:55,767.7,0.89
7,running,300,0.9,733,2025-04-30 22:12:55,677.06,0.88
8,running,254.19,0.9,331,2025-04-30 22:12:55,673.09,0.89
9,error,60.0,0.2,0,2025-04-30 22:12:55,702.14,0.86
10,running,300,0.9,121,2025-04-30 22:12:55,693.64,0.91
1,running,225.31,0.9,957,2025-04-30 22:13:05,749.46,0.85
2,idle,60.0,0.2,0,2025-04-30 22:13:05,730.76,0.87
3,idle,60.0,0.2,0,2025-04-30 22:13:05,746.17,0.83
4,idle,60.0,0.2,0,2025-04-30 22:13:05,780.16,0.86
5,idle,60.0,0.2,0,2025-04-30 22:13:05,690.64,0.88
6,running,243.27,0.9,0,2025-04-30 22:13:05,767.7,0.89
7,running,300,0.87,0,2025-04-30 22:13:05,677.06,0.88
8,running,291.46,0.9,191,2025-04-30 22:13:05,673.09,0.89
9,idle,60.0,0.2,0,2025-04-30 22:13:05,702.14,0.86
10,error,60.0,0.2,0,2025-04-30 22:13:05,693.64,0.91
1,idle,60.0,0.2,0,2025-04-30 22:13:15,749.46,0.85
2,running,146.13,0.37,0,2025-04-30 22:13:15,730.77,0.88
3,running,60,0.6,0,2025-04-30 22:13:15,746.17,0.83
4,idle,60.0,0.2,0,2025-04-30 22:13:15,780.16,0.86
5,running,81.44,0.68,0,2025-04-30 22:13:15,690.64,0.88
6,running,300,0.9,757,2025-04-30 22:13:15,767.7,0.89
7,running,300,0.88,0,2025-04-30 22:13:15,677.07,0.89
8,running,300,0.9,0,2025-04-30 22:13:15,673.09,0.89
9,running,151.17,0.52,609,2025-04-30 22:13:15,702.14,0.86
10,running,60,0.51,943,2025-04-30 22:13:15,693.65,0.92
1,running,67.28,0.28,938,2025-04-30 22:13:25,749.46,0.85
2,running,172.28,0.72,0,2025-04-30 22:13:25,730.77,0.88
3,running,60,0.9,264,2025-04-30 22:13:25,746.18,0.84
4,running,60,0.2,0,2025-04-30 22:13:25,780.16,0.86
5,idle,60.0,0.2,0,2025-04-30 22:13:25,690.64,0.88
6,running,300,0.9,474,2025-04-30 22:13:25,767.7,0.89
7,running,300,0.9,741,2025-04-30 22:13:25,677.07,0.89
8,running,300,0.9,325,2025-04-30 22:13:25,673.1,0.9
9,idle,60.0,0.2,0,2025-04-30 22:13:25,702.14,0.86
10,running,105.03,0.9,1227,2025-04-30 22:13:25,693.65,0.92
1,running,93.54,0.75,654,2025-04-30 22:13:35,749.47,0.86
2,running,210.12,0.9,391,2025-04-30 22:13:35,730.77,0.88
3,running,116.08,0.9,1004,2025-04-30 22:13:35,746.18,0.84
4,running,109.26,0.45,886,2025-04-30 22:13:35,780.16,0.86
5,running,139.64,0.5,786,2025-04-30 22:13:35,690.64,0.88
6,error,60.0,0.2,0,2025-04-30 22:13:35,767.7,0.89
7,running,260.81,0.9,1114,2025-04-30 22:13:35,677.07,0.89
8,running,275.64,0.9,386,2025-04-30 22:13:35,673.1,0.9
9,running,60,0.37,474,2025-04-30 22:13:35,702.15,0.87
10,error,60.0,0.2,0,2025-04-30 22:13:35,693.65,0.92
1,running,177.15,0.9,442,2025-04-30 22:13:45,749.47,0.86
2,running,256.63,0.89,197,2025-04-30 22:13:45,730.78,0.89
3,idle,60.0,0.2,0,2025-04-30 22:13:45,746.18,0.84
4,running,74.06,0.57,89,2025-04-30 22:13:45,780.17,0.87
5,running,121.44,0.88,248,2025-04-30 22:13:45,690.65,0.89
6,running,60,0.23,311,2025-04-30 22:13:45,767.71,0.9
7,running,293.82,0.9,849,2025-04-30 22:13:45,677.07,0.89
8,running,273.19,0.9,1031,2025-04-30 22:13:45,673.1,0.9
9,running,60,0.61,0,2025-04-30 22:13:45,702.15,0.87
10,idle,60.0,0.2,0,2025-04-30 22:13:45,693.65,0.92
1,running,171.59,0.9,1212,2025-04-30 22:13:55,749.47,0.86
2,running,286.35,0.9,396,2025-04-30 22:13:55,730.78,0.89
3,running,60,0.2,0,2025-04-30 22:13:55,746.18,0.84
4,running,95.85,0.54,0,2025-04-30 22:13:55,780.17,0.87
5,running,119.28,0.9,0,2025-04-30 22:13:55,690.65,0.89
6,running,141.71,0.28,145,2025-04-30 22:13:55,767.71,0.9
7,idle,60.0,0.2,0,2025-04-30 22:13:55,677.07,0.89
8,running,296.56,0.9,904,2025-04-30 22:13:55,673.1,0.9
9,running,60,0.63,478,2025-04-30 22:13:55,702.15,0.87
10,running,96.52,0.43,35,2025-04-30 22:13:55,693.65,0.92
1,running,179.68,0.89,1311,2025-04-30 22:14:05,749.48,0.87
2,running,300,0.9,730,2025-04-30 22:14:05,730.78,0.89
3,running,144.57,0.64,196,2025-04-30 22:14:05,746.19,0.85
4,running,190.11,0.5,0,2025-04-30 22:14:05,780.17,0.87
5,running,191.89,0.9,409,2025-04-30 22:14:05,690.65,0.89
6,running,197.49,0.42,0,2025-04-30 22:14:05,767.71,0.9
7,running,110.19,0.59,130,2025-04-30 22:14:05,677.08,0.9
8,running,300,0.9,708,2025-04-30 22:14:05,673.11,0.91
9,running,60,0.9,0,2025-04-30 22:14:05,702.15,0.87
10,running,162.49,0.43,0,2025-04-30 22:14:05,693.65,0.92
1,running,149.7,0.9,1464,2025-04-30 22:14:15,749.48,0.87
2,running,300,0.9,1057,2025-04-30 22:14:15,730.78,0.89
3,idle,60.0,0.2,0,2025-04-30 22:14:15,746.19,0.85
4,running,225.59,0.9,0,2025-04-30 22:14:15,780.18,0.88
5,running,185.1,0.9,635,2025-04-30 22:14:15,690.65,0.89
6,running,274.3,0.71,0,2025-04-30 22:14:15,767.72,0.91
7,running,98.86,0.9,0,2025-04-30 22:14:15,677.08,0.9
8,idle,60.0,0.2,0,2025-04-30 22:14:15,673.11,0.91
9,running,87.81,0.9,0,2025-04-30 22:14:15,702.16,0.88
10,idle,60.0,0.2,0,2025-04-30 22:14:15,693.65,0.92
1,error,60.0,0.2,0,2025-04-30 22:14:25,749.48,0.87
2,running,293.44,0.9,836,2025-04-30 22:14:25,730.79,0.9
3,running,60,0.21,0,2025-04-30 22:14:25,746.19,0.85
4,running,298.77,0.9,979,2025-04-30 22:14:25,780.18,0.88
5,running,193.95,0.9,535,2025-04-30 22:14:25,690.66,0.9
6,running,228.29,0.8,970,2025-04-30 22:14:25,767.72,0.91
7,running,115.04,0.9,0,2025-04-30 22:14:25,677.08,0.9
8,running,73.16,0.42,0,2025-04-30 22:14:25,673.11,0.91
9,running,150.34,0.9,460,2025-04-30 22:14:25,702.16,0.88
10,running,60,0.66,0,2025-04-30 22:14:25,693.66,0.93
1,running,60,0.4,0,2025-04-30 22:14:35,749.48,0.87
2,running,300,0.89,94,2025-04-30 22:14:35,730.79,0.9
3,idle,60.0,0.2,0,2025-04-30 22:14:35,746.19,0.85
4,idle,60.0,0.2,0,2025-04-30 22:14:35,780.18,0.88
5,running,250.29,0.9,0,2025-04-30 22:14:35,690.66,0.9
6,running,300,0.9,617,2025-04-30 22:14:35,767.72,0.91
7,running,165.41,0.9,0,2025-04-30 22:14:35,677.09,0.91
8,running,83.65,0.86,509,2025-04-30 22:14:35,673.11,0.91
9,running,105.97,0.9,0,2025-04-30 22:14:35,702.16,0.88
10,running,114.87,0.9,0,2025-04-30 22:14:35,693.66,0.93
1,running,110.73,0.4,0,2025-04-30 22:14:45,749.48,0.87
2,running,300,0.9,219,2025-04-30 22:14:45,730.79,0.9
3,error,60.0,0.2,0,2025-04-30 22:14:45,746.19,0.85
4,running,118.3,0.28,173,2025-04-30 22:14:45,780.18,0.88
5,running,205.74,0.9,162,2025-04-30 22:14:45,690.66,0.9
6,running,300,0.9,1350,2025-04-30 22:14:45,767.72,0.91
7,idle,60.0,0.2,0,2025-04-30 22:14:45,677.09,0.91
8,running,161.28,0.87,0,2025-04-30 22:14:45,673.11,0.91
9,running,108.5,0.9,260,2025-04-30 22:14:45,702.16,0.88
10,running,210.89,0.9,604,2025-04-30 22:14:45,693.66,0.93
1,idle,60.0,0.2,0,2025-04-30 22:14:55,749.48,0.87
2,running,300,0.9,1142,2025-04-30 22:14:55,730.8,0.91
3,error,60.0,0.2,0,2025-04-30 22:14:55,746.19,0.85
4,error,60.0,0.2,0,2025-04-30 22:14:55,780.18,0.88
5,running,237.35,0.9,574,2025-04-30 22:14:55,690.66,0.9
6,running,300,0.9,1435,2025-04-30 22:14:55,767.73,0.92
7,idle,60.0,0.2,0,2025-04-30 22:14:55,677.09,0.91
8,running,168.58,0.9,0,2025-04-30 22:14:55,673.12,0.92
9,idle,60.0,0.2,0,2025-04-30 22:14:55,702.16,0.88
10,idle,60.0,0.2,0,2025-04-30 22:14:55,693.66,0.93
1,running,114.4,0.43,0,2025-04-30 22:15:05,749.49,0.88
2,running,300,0.86,975,2025-04-30 22:15:05,730.8,0.91
3,running,79.3,0.54,794,2025-04-30 22:15:05,746.19,0.85
4,running,90.03,0.59,820,2025-04-30 22:15:05,780.18,0.88
5,idle,60.0,0.2,0,2025-04-30 22:15:05,690.66,0.9
6,running,300,0.9,1093,2025-04-30 22:15:05,767.73,0.92
7,running,60,0.65,0,2025-04-30 22:15:05,677.09,0.91
8,running,157.55,0.9,621,2025-04-30 22:15:05,673.12,0.92
9,running,60,0.56,216,2025-04-30 22:15:05,702.17,0.89
10,running,127.48,0.34,0,2025-04-30 22:15:05,693.67,0.94
1,idle,60.0,0.2,0,2025-04-30 22:15:15,749.49,0.88
2,running,300,0.9,402,2025-04-30 22:15:15,730.8,0.91
3,running,175.96,0.51,770,2025-04-30 22:15:15,746.19,0.85
4,running,60,0.9,681,2025-04-30 22:15:15,780.19,0.89
5,running,92.5,0.23,0,2025-04-30 22:15:15,690.67,0.91
6,running,300,0.9,965,2025-04-30 22:15:15,767.73,0.92
7,running,74.72,0.65,0,2025-04-30 22:15:15,677.09,0.91
8,running,252.19,0.9,707,2025-04-30 22:15:15,673.12,0.92
9,running,81.74,0.89,0,2025-04-30 22:15:15,702.17,0.89
10,running,96.65,0.73,766,2025-04-30 22:15:15,693.67,0.94
1,running,60,0.48,716,2025-04-30 22:15:25,749.49,0.88
2,error,60.0,0.2,0,2025-04-30 22:15:25,730.8,0.91
3,idle,60.0,0.2,0,2025-04-30 22:15:25,746.19,0.85
4,idle,60.0,0.2,0,2025-04-30 22:15:25,780.19,0.89
5,error,60.0,0.2,0,2025-04-30 22:15:25,690.67,0.91
6,running,300,0.9,1906,2025-04-30 22:15:25,767.74,0.93
7,running,141.98,0.71,851,2025-04-30 22:15:25,677.09,0.91
8,running,300,0.9,1606,2025-04-30 22:15:25,673.13,0.93
9,running,119.26,0.9,0,2025-04-30 22:15:25,702.17,0.89
10,running,101.14,0.9,118,2025-04-30 22:15:25,693.67,0.94
1,running,60,0.58,57,2025-04-30 22:15:35,749.49,0.88
2,running,60,0.69,0,2025-04-30 22:15:35,730.8,0.91
3,running,159.29,0.2,67,2025-04-30 22:15:35,746.2,0.86
4,running,60,0.36,757,2025-04-30 22:15:35,780.19,0.89
5,running,153.65,0.28,62,2025-04-30 22:15:35,690.67,0.91
6,running,300,0.9,1115,2025-04-30 22:15:35,767.74,0.93
7,idle,60.0,0.2,0,2025-04-30 22:15:35,677.09,0.91
8,running,300,0.9,1182,2025-04-30 22:15:35,673.13,0.93
9,idle,60.0,0.2,0,2025-04-30 22:15:35,702.17,0.89
10,idle,60.0,0.2,0,2025-04-30 22:15:35,693.67,0.94
1,running,60,0.61,0,2025-04-30 22:15:45,749.49,0.88
2,running,60,0.72,0,2025-04-30 22:15:45,730.81,0.92
3,running,235.81,0.38,426,2025-04-30 22:15:45,746.2,0.86
4,error,60.0,0.2,0,2025-04-30 22:15:45,780.19,0.89
5,running,194.47,0.73,104,2025-04-30 22:15:45,690.67,0.91
6,running,284.19,0.9,1338,2025-04-30 22:15:45,767.74,0.93
7,running,94.0,0.35,360,2025-04-30 22:15:45,677.1,0.92
8,running,296.48,0.9,1792,2025-04-30 22:15:45,673.13,0.93
9,running,90.54,0.47,0,2025-04-30 22:15:45,702.18,0.9
10,running,132.42,0.3,726,2025-04-30 22:15:45,693.67,0.94
1,running,100.72,0.9,301,2025-04-30 22:15:55,749.5,0.89
2,idle,60.0,0.2,0,2025-04-30 22:15:55,730.81,0.92
3,running,250.39,0.57,0,2025-04-30 22:15:55,746.2,0.86
4,running,70.48,0.22,357,2025-04-30 22:15:55,780.19,0.89
5,error,60.0,0.2,0,2025-04-30 22:15:55,690.67,0.91
6,running,300,0.9,1650,2025-04-30 22:15:55,767.74,0.93
7,running,164.62,0.67,740,2025-04-30 22:15:55,677.1,0.92
8,running,266.16,0.9,1213,2025-04-30 22:15:55,673.13,0.93
9,running,190.41,0.9,642,2025-04-30 22:15:55,702.18,0.9
10,running,224.92,0.45,1144,2025-04-30 22:15:55,693.68,0.95
1,running,62.38,0.9,938,2025-04-30 22:16:05,749.5,0.89
2,running,79.7,0.32,29,2025-04-30 22:16:05,730.81,0.92
3,running,300,0.82,0,2025-04-30 22:16:05,746.21,0.87
4,running,91.0,0.46,1137,2025-04-30 22:16:05,780.19,0.89
5,running,109.16,0.36,908,2025-04-30 22:16:05,690.68,0.92
6,running,290.99,0.9,1585,2025-04-30 22:16:05,767.75,0.94
7,running,229.97,0.87,258,2025-04-30 22:16:05,677.1,0.92
8,running,300,0.9,383,2025-04-30 22:16:05,673.14,0.94
9,running,234.45,0.9,813,2025-04-30 22:16:05,702.18,0.9
10,idle,60.0,0.2,0,2025-04-30 22:16:05,693.68,0.95
1,running,112.64,0.9,1634,2025-04-30 22:16:15,749.5,0.89
2,running,78.9,0.53,0,2025-04-30 22:16:15,730.81,0.92
3,running,285.0,0.9,437,2025-04-30 22:16:15,746.21,0.87
4,running,90.54,0.85,659,2025-04-30 22:16:15,780.2,0.9
5,running,106.31,0.48,1866,2025-04-30 22:16:15,690.68,0.92
6,running,300,0.9,1307,2025-04-30 22:16:15,767.75,0.94
7,running,296.81,0.9,753,2025-04-30 22:16:15,677.11,0.93
8,running,300,0.9,974,2025-04-30 22:16:15,673.14,0.94
9,running,257.33,0.9,0,2025-04-30 22:16:15,702.18,0.9
10,running,84.01,0.45,0,2025-04-30 22:16:15,693.68,0.95
1,running,166.06,0.9,1610,2025-04-30 22:16:26,749.51,0.9
2,running,162.94,0.76,778,2025-04-30 22:16:26,730.81,0.92
3,running,300,0.9,943,2025-04-30 22:16:26,746.21,0.87
4,running,60,0.87,837,2025-04-30 22:16:26,780.2,0.9
5,running,129.57,0.44,1878,2025-04-30 22:16:26,690.68,0.92
6,idle,60.0,0.2,0,2025-04-30 22:16:26,767.75,0.94
7,running,299.86,0.9,703,2025-04-30 22:16:26,677.11,0.93
8,idle,60.0,0.2,0,2025-04-30 22:16:26,673.14,0.94
9,running,300,0.9,0,2025-04-30 22:16:26,702.19,0.91
10,idle,60.0,0.2,0,2025-04-30 22:16:26,693.68,0.95
1,running,208.18,0.9,2009,2025-04-30 22:16:36,749.51,0.9
2,running,250.35,0.9,868,2025-04-30 22:16:36,730.82,0.93
3,running,300,0.9,1251,2025-04-30 22:16:36,746.21,0.87
4,running,157.73,0.9,1686,2025-04-30 22:16:36,780.2,0.9
5,running,93.41,0.41,2248,2025-04-30 22:16:36,690.68,0.92
6,running,76.6,0.59,611,2025-04-30 22:16:36,767.75,0.94
7,running,300,0.9,1241,2025-04-30 22:16:36,677.11,0.93
8,running,60.91,0.7,0,2025-04-30 22:16:36,673.14,0.94
9,running,300,0.9,0,2025-04-30 22:16:36,702.19,0.91
10,running,99.73,0.17,0,2025-04-30 22:16:36,693.68,0.95
1,idle,60.0,0.2,0,2025-04-30 22:16:46,749.51,0.9
2,idle,60.0,0.2,0,2025-04-30 22:16:46,730.82,0.93
3,running,300,0.9,2126,2025-04-30 22:16:46,746.22,0.88
4,running,233.48,0.9,1241,2025-04-30 22:16:46,780.21,0.91
5,running,185.42,0.69,2423,2025-04-30 22:16:46,690.69,0.93
6,idle,60.0,0.2,0,2025-04-30 22:16:46,767.75,0.94
7,running,300,0.9,1259,2025-04-30 22:16:46,677.11,0.93
8,running,82.99,0.9,0,2025-04-30 22:16:46,673.15,0.95
9,running,258.43,0.9,165,2025-04-30 22:16:46,702.19,0.91
10,running,119.87,0.31,0,2025-04-30 22:16:46,693.68,0.95
1,running,60,0.26,31,2025-04-30 22:16:56,749.51,0.9
2,running,113.67,0.44,63,2025-04-30 22:16:56,730.82,0.93
3,running,292.68,0.86,1586,2025-04-30 22:16:56,746.22,0.88
4,idle,60.0,0.2,0,2025-04-30 22:16:56,780.21,0.91
5,running,243.23,0.67,2689,2025-04-30 22:16:56,690.69,0.93
6,running,111.31,0.58,839,2025-04-30 22:16:56,767.75,0.94
7,idle,60.0,0.2,0,2025-04-30 22:16:56,677.11,0.93
8,running,66.0,0.9,238,2025-04-30 22:16:56,673.15,0.95
9,running,218.97,0.9,0,2025-04-30 22:16:56,702.2,0.92
10,running,129.8,0.39,0,2025-04-30 22:16:56,693.69,0.96
1,running,77.98,0.23,0,2025-04-30 22:17:06,749.51,0.9
2,idle,60.0,0.2,0,2025-04-30 22:17:06,730.82,0.93
3,running,293.01,0.83,911,2025-04-30 22:17:06,746.22,0.88
4,running,60,0.65,292,2025-04-30 22:17:06,780.21,0.91
5,idle,60.0,0.2,0,2025-04-30 22:17:06,690.69,0.93
6,idle,60.0,0.2,0,2025-04-30 22:17:06,767.75,0.94
7,running,60,0.55,0,2025-04-30 22:17:06,677.12,0.94
8,running,145.05,0.9,0,2025-04-30 22:17:06,673.15,0.95
9,idle,60.0,0.2,0,2025-04-30 22:17:06,702.2,0.92
10,running,115.55,0.44,474,2025-04-30 22:17:06,693.69,0.96
1,running,92.17,0.68,354,2025-04-30 22:17:16,749.52,0.91
2,running,84.75,0.6,0,2025-04-30 22:17:16,730.82,0.93
3,running,300,0.87,1125,2025-04-30 22:17:16,746.22,0.88
4,running,86.7,0.83,0,2025-04-30 22:17:16,780.21,0.91
5,running,82.5,0.19,546,2025-04-30 22:17:16,690.69,0.93
6,running,74.71,0.42,46,2025-04-30 22:17:16,767.76,0.95
7,error,60.0,0.2,0,2025-04-30 22:17:16,677.12,0.94
8,idle,60.0,0.2,0,2025-04-30 22:17:16,673.15,0.95
9,running,125.6,0.55,0,2025-04-30 22:17:16,702.2,0.92
10,running,102.29,0.82,82,2025-04-30 22:17:16,693.69,0.96
1,running,60,0.65,0,2025-04-30 23:06:32,749.52,0.91
2,idle,60.0,0.2,0,2025-04-30 23:06:32,730.82,0.93
3,running,300,0.9,1742,2025-04-30 23:06:32,746.23,0.89
4,running,60,0.9,5,2025-04-30 23:06:32,780.21,0.91
5,running,163.48,0.47,246,2025-04-30 23:06:32,690.7,0.94
6,running,137.49,0.86,0,2025-04-30 23:06:32,767.76,0.95
7,running,100.19,0.19,152,2025-04-30 23:06:32,677.12,0.94
8,running,60,0.35,0,2025-04-30 23:06:32,673.15,0.95
9,running,197.53,0.82,0,2025-04-30 23:06:32,702.2,0.92
10,running,201.29,0.8,661,2025-04-30 23:06:32,693.7,0.97
1,running,60,0.78,0,2025-04-30 23:06:42,749.52,0.91
2,running,97.46,0.22,0,2025-04-30 23:06:42,730.83,0.94
3,running,300,0.9,2674,2025-04-30 23:06:42,746.23,0.89
4,running,60,0.9,108,2025-04-30 23:06:42,780.22,0.92
5,running,230.74,0.9,145,2025-04-30 23:06:42,690.7,0.94
6,running,138.81,0.9,337,2025-04-30 23:06:42,767.76,0.95
7,running,116.03,0.69,0,2025-04-30 23:06:42,677.12,0.94
8,running,120.34,0.45,0,2025-04-30 23:06:42,673.16,0.96
9,running,186.77,0.9,0,2025-04-30 23:06:42,702.2,0.92
10,running,222.84,0.9,1467,2025-04-30 23:06:42,693.7,0.97
1,running,135.22,0.9,0,2025-04-30 23:06:52,749.53,0.92
2,running,179.48,0.4,0,2025-04-30 23:06:52,730.83,0.94
3,idle,60.0,0.2,0,2025-04-30 23:06:52,746.23,0.89
4,running,60,0.9,441,2025-04-30 23:06:52,780.22,0.92
5,running,269.79,0.9,915,2025-04-30 23:06:52,690.7,0.94
6,running,215.3,0.9,0,2025-04-30 23:06:52,767.77,0.96
7,running,89.07,0.68,532,2025-04-30 23:06:52,677.12,0.94
8,idle,60.0,0.2,0,2025-04-30 23:06:52,673.16,0.96
9,running,235.28,0.9,0,2025-04-30 23:06:52,702.21,0.93
10,running,202.81,0.9,622,2025-04-30 23:06:52,693.7,0.97
1,running,149.25,0.9,652,2025-04-30 23:08:26,749.53,0.92
2,running,165.82,0.49,0,2025-04-30 23:08:26,730.83,0.94
3,running,60,0.64,0,2025-04-30 23:08:26,746.23,0.89
4,running,158.41,0.9,1373,2025-04-30 23:08:26,780.22,0.92
5,running,300,0.9,1823,2025-04-30 23:08:26,690.7,0.94
6,running,208.07,0.9,964,2025-04-30 23:08:26,767.77,0.96
7,running,115.97,0.9,1001,2025-04-30 23:08:26,677.12,0.94
8,running,60,0.65,0,2025-04-30 23:08:26,673.16,0.96
9,running,278.47,0.9,389,2025-04-30 23:08:26,702.21,0.93
10,running,292.8,0.89,0,2025-04-30 23:08:26,693.7,0.97
1,idle,60.0,0.2,0,2025-04-30 23:08:36,749.53,0.92
2,running,189.23,0.85,0,2025-04-30 23:08:36,730.84,0.95
3,running,61.03,0.9,0,2025-04-30 23:08:36,746.24,0.9
4,running,139.87,0.9,553,2025-04-30 23:08:36,780.23,0.93
5,running,300,0.9,1428,2025-04-30 23:08:36,690.71,0.95
6,running,189.53,0.9,1409,2025-04-30 23:08:36,767.78,0.97
7,running,68.35,0.9,1069,2025-04-30 23:08:36,677.13,0.95
8,running,133.77,0.9,916,2025-04-30 23:08:36,673.17,0.97
9,idle,60.0,0.2,0,2025-04-30 23:08:36,702.21,0.93
10,running,300,0.9,0,2025-04-30 23:08:36,693.71,0.98
1,running,128.13,0.47,0,2025-04-30 23:08:46,749.54,0.93
2,running,151.96,0.9,592,2025-04-30 23:08:46,730.84,0.95
3,running,62.37,0.9,910,2025-04-30 23:08:46,746.24,0.9
4,running,213.38,0.85,0,2025-04-30 23:08:46,780.23,0.93
5,idle,60.0,0.2,0,2025-04-30 23:08:46,690.71,0.95
6,running,274.98,0.9,778,2025-04-30 23:08:46,767.78,0.97
7,error,60.0,0.2,0,2025-04-30 23:08:46,677.13,0.95
8,running,151.96,0.9,0,2025-04-30 23:08:46,673.17,0.97
9,running,147.81,0.37,0,2025-04-30 23:08:46,702.22,0.94
10,running,280.16,0.9,620,2025-04-30 23:08:46,693.71,0.98
1,error,60.0,0.2,0,2025-04-30 23:08:56,749.54,0.93
2,idle,60.0,0.2,0,2025-04-30 23:08:56,730.84,0.95
3,running,125.13,0.9,1483,2025-04-30 23:08:56,746.24,0.9
4,running,244.15,0.9,0,2025-04-30 23:08:56,780.23,0.93
5,running,118.62,0.25,0,2025-04-30 23:08:56,690.71,0.95
6,idle,60.0,0.2,0,2025-04-30 23:08:56,767.78,0.97
7,idle,60.0,0.2,0,2025-04-30 23:08:56,677.13,0.95
8,idle,60.0,0.2,0,2025-04-30 23:08:56,673.17,0.97
9,running,191.19,0.39,494,2025-04-30 23:08:56,702.22,0.94
10,idle,60.0,0.2,0,2025-04-30 23:08:56,693.71,0.98
1,running,111.15,0.55,0,2025-04-30 23:09:06,749.54,0.93
2,running,60,0.58,694,2025-04-30 23:09:06,730.84,0.95
3,running,130.0,0.9,1661,2025-04-30 23:09:06,746.24,0.9
4,running,287.37,0.9,389,2025-04-30 23:09:06,780.23,0.93
5,running,105.82,0.48,0,2025-04-30 23:09:06,690.71,0.95
6,running,73.44,0.6,0,2025-04-30 23:09:06,767.78,0.97
7,running,60,0.32,356,2025-04-30 23:09:06,677.13,0.95
8,running,60,0.39,218,2025-04-30 23:09:06,673.17,0.97
9,running,244.11,0.47,0,2025-04-30 23:09:06,702.22,0.94
10,running,60,0.29,0,2025-04-30 23:09:06,693.71,0.98
1,running,80.9,0.69,0,2025-04-30 23:09:43,749.54,0.93
2,idle,60.0,0.2,0,2025-04-30 23:09:43,730.84,0.95
3,running,191.43,0.9,1718,2025-04-30 23:09:43,746.24,0.9
4,running,300,0.9,990,2025-04-30 23:09:43,780.23,0.93
5,running,120.95,0.84,0,2025-04-30 23:09:43,690.71,0.95
6,error,60.0,0.2,0,2025-04-30 23:09:43,767.78,0.97
7,running,60,0.75,455,2025-04-30 23:09:43,677.13,0.95
8,idle,60.0,0.2,0,2025-04-30 23:09:43,673.17,0.97
9,idle,60.0,0.2,0,2025-04-30 23:09:43,702.22,0.94
10,running,60,0.72,202,2025-04-30 23:09:43,693.71,0.98
1,running,60,0.9,0,2025-04-30 23:09:53,749.55,0.94
2,running,123.45,0.59,483,2025-04-30 23:09:53,730.84,0.95
3,running,257.96,0.9,2167,2025-04-30 23:09:53,746.25,0.91
4,running,300,0.9,0,2025-04-30 23:09:53,780.24,0.94
5,running,107.15,0.9,0,2025-04-30 23:09:53,690.72,0.96
6,idle,60.0,0.2,0,2025-04-30 23:09:53,767.78,0.97
7,running,67.42,0.9,770,2025-04-30 23:09:53,677.14,0.96
8,running,92.63,0.53,743,2025-04-30 23:09:53,673.17,0.97
9,running,101.79,0.22,0,2025-04-30 23:09:53,702.22,0.94
10,running,66.23,0.9,94,2025-04-30 23:09:53,693.72,0.99
1,running,60,0.9,650,2025-05-01 14:34:40,749.55,0.0
2,running,123.69,0.71,432,2025-05-01 14:34:40,730.84,0.0
3,running,300,0.9,1917,2025-05-01 14:34:40,746.25,0.0
4,idle,60.0,0.2,0,2025-05-01 14:34:40,780.24,0.94
5,running,68.51,0.9,778,2025-05-01 14:34:40,690.72,0.0
6,running,60,0.31,140,2025-05-01 14:34:40,767.78,0.0
7,running,60,0.9,297,2025-05-01 14:34:40,677.14,0.0
8,running,166.02,0.84,0,2025-05-01 14:34:40,673.17,0.0
9,running,189.54,0.33,0,2025-05-01 14:34:40,702.22,0.0
10,idle,60.0,0.2,0,2025-05-01 14:34:40,693.72,0.99
1,idle,60.0,0.2,0,2025-05-01 14:34:50,749.55,0.0
2,running,96.37,0.9,0,2025-05-01 14:34:50,730.85,0.01
3,running,300,0.9,1516,2025-05-01 14:34:50,746.26,0.01
4,error,60.0,0.2,0,2025-05-01 14:34:50,780.24,0.94
5,running,60,0.9,455,2025-05-01 14:34:50,690.73,0.01
6,idle,60.0,0.2,0,2025-05-01 14:34:50,767.78,0.0
7,running,111.86,0.9,0,2025-05-01 14:34:50,677.15,0.01
8,running,246.76,0.9,0,2025-05-01 14:34:50,673.18,0.01
9,running,266.24,0.78,0,2025-05-01 14:34:50,702.23,0.01
10,running,60,0.23,0,2025-05-01 14:34:50,693.72,0.0
1,running,60,0.31,509,2025-05-01 14:35:00,749.56,0.01
2,running,87.22,0.9,47,2025-05-01 14:35:00,730.85,0.01
3,running,300,0.9,1567,2025-05-01 14:35:00,746.26,0.01
4,running,60,0.28,0,2025-05-01 14:35:00,780.24,0.0
5,running,119.87,0.9,994,2025-05-01 14:35:00,690.73,0.01
6,running,84.34,0.19,202,2025-05-01 14:35:00,767.79,0.01
7,error,60.0,0.2,0,2025-05-01 14:35:00,677.15,0.01
8,running,208.47,0.9,17,2025-05-01 14:35:00,673.18,0.01
9,running,300,0.86,818,2025-05-01 14:35:00,702.23,0.01
10,running,60,0.4,0,2025-05-01 14:35:00,693.73,0.01
1,idle,60.0,0.2,0,2025-05-01 14:35:10,749.56,0.01
2,running,80.15,0.9,351,2025-05-01 14:35:10,730.85,0.01
3,running,300,0.9,1177,2025-05-01 14:35:10,746.26,0.01
4,running,109.81,0.28,28,2025-05-01 14:35:10,780.25,0.01
5,running,134.58,0.9,570,2025-05-01 14:35:10,690.73,0.01
6,error,60.0,0.2,0,2025-05-01 14:35:10,767.79,0.01
7,running,60,0.49,0,2025-05-01 14:35:10,677.15,0.01
8,running,250.83,0.9,0,2025-05-01 14:35:10,673.18,0.01
9,idle,60.0,0.2,0,2025-05-01 14:35:10,702.23,0.01
10,running,138.92,0.55,131,2025-05-01 14:35:10,693.73,0.01
1,running,100.27,0.67,667,2025-05-01 14:35:20,749.56,0.01
2,running,71.06,0.9,0,2025-05-01 14:35:20,730.85,0.01
3,running,268.69,0.9,1154,2025-05-01 14:35:20,746.26,0.01
4,running,98.03,0.29,0,2025-05-01 14:35:20,780.25,0.01
5,running,120.18,0.9,427,2025-05-01 14:35:20,690.73,0.01
6,running,60,0.22,0,2025-05-01 14:35:20,767.79,0.01
7,running,74.84,0.59,651,2025-05-01 14:35:20,677.15,0.01
8,running,300,0.9,450,2025-05-01 14:35:20,673.18,0.01
9,running,130.26,0.68,943,2025-05-01 14:35:20,702.23,0.01
10,idle,60.0,0.2,0,2025-05-01 14:35:20,693.73,0.01
1,running,124.5,0.89,577,2025-05-01 14:35:30,749.56,0.01
2,running,76.57,0.9,0,2025-05-01 14:35:30,730.86,0.02
3,running,300,0.9,688,2025-05-01 14:35:30,746.27,0.02
4,running,156.93,0.57,0,2025-05-01 14:35:30,780.25,0.01
5,idle,60.0,0.2,0,2025-05-01 14:35:30,690.73,0.01
6,running,60,0.64,0,2025-05-01 14:35:30,767.79,0.01
7,running,137.24,0.59,366,2025-05-01 14:35:30,677.15,0.01
8,idle,60.0,0.2,0,2025-05-01 14:35:30,673.18,0.01
9,running,213.3,0.71,401,2025-05-01 14:35:30,702.23,0.01
10,running,143.86,0.55,0,2025-05-01 14:35:30,693.73,0.01
1,running,129.55,0.9,45,2025-05-01 14:35:40,749.56,0.01
2,idle,60.0,0.2,0,2025-05-01 14:35:40,730.86,0.02
3,running,291.81,0.9,0,2025-05-01 14:35:40,746.27,0.02
4,idle,60.0,0.2,0,2025-05-01 14:35:40,780.25,0.01
5,running,60,0.44,0,2025-05-01 14:35:40,690.74,0.02
6,running,60,0.73,512,2025-05-01 14:35:40,767.79,0.01
7,running,159.65,0.9,0,2025-05-01 14:35:40,677.16,0.02
8,idle,60.0,0.2,0,2025-05-01 14:35:40,673.18,0.01
9,running,224.59,0.9,1182,2025-05-01 14:35:40,702.24,0.02
10,idle,60.0,0.2,0,2025-05-01 14:35:40,693.73,0.01
1,idle,60.0,0.2,0,2025-05-01 14:35:50,749.56,0.01
2,idle,60.0,0.2,0,2025-05-01 14:35:50,730.86,0.02
3,idle,60.0,0.2,0,2025-05-01 14:35:50,746.27,0.02
4,running,78.92,0.36,0,2025-05-01 14:35:50,780.25,0.01
5,running,60,0.51,0,2025-05-01 14:35:50,690.74,0.02
6,idle,60.0,0.2,0,2025-05-01 14:35:50,767.79,0.01
7,running,113.61,0.9,626,2025-05-01 14:35:50,677.16,0.02
8,idle,60.0,0.2,0,2025-05-01 14:35:50,673.18,0.01
9,running,300,0.86,1571,2025-05-01 14:35:50,702.24,0.02
10,running,148.92,0.69,327,2025-05-01 14:35:50,693.73,0.01
1,running,60,0.3,57,2025-05-01 14:36:00,749.57,0.02
2,running,60,0.26,0,2025-05-01 14:36:00,730.86,0.02
3,running,83.36,0.46,365,2025-05-01 14:36:00,746.27,0.02
4,running,60,0.51,0,2025-05-01 14:36:00,780.26,0.02
5,idle,60.0,0.2,0,2025-05-01 14:36:00,690.74,0.02
6,running,60,0.36,21,2025-05-01 14:36:00,767.8,0.02
7,running,146.08,0.9,0,2025-05-01 14:36:00,677.16,0.02
8,idle,60.0,0.2,0,2025-05-01 14:36:00,673.18,0.01
9,running,300,0.9,1598,2025-05-01 14:36:00,702.24,0.02
10,running,227.96,0.9,507,2025-05-01 14:36:00,693.74,0.02
1,running,139.59,0.49,602,2025-05-01 14:36:10,749.57,0.02
2,running,84.64,0.36,0,2025-05-01 14:36:10,730.86,0.02
3,idle,60.0,0.2,0,2025-05-01 14:36:10,746.27,0.02
4,running,143.24,0.84,0,2025-05-01 14:36:10,780.26,0.02
5,running,60,0.58,0,2025-05-01 14:36:10,690.74,0.02
6,idle,60.0,0.2,0,2025-05-01 14:36:10,767.8,0.02
7,running,207.99,0.9,284,2025-05-01 14:36:10,677.16,0.03
8,running,70.59,0.46,0,2025-05-01 14:36:10,673.19,0.02
9,running,300,0.9,2576,2025-05-01 14:36:10,702.24,0.03
10,running,300,0.9,1427,2025-05-01 14:36:10,693.74,0.02
1,running,178.97,0.68,97,2025-05-01 14:36:20,749.57,0.02
2,running,131.02,0.32,0,2025-05-01 14:36:20,730.86,0.03
3,running,71.28,0.48,0,2025-05-01 14:36:20,746.27,0.03
4,running,113.05,0.9,0,2025-05-01 14:36:20,780.26,0.02
5,running,144.48,0.9,0,2025-05-01 14:36:20,690.74,0.03
6,running,91.0,0.35,986,2025-05-01 14:36:20,767.8,0.02
7,running,268.34,0.9,0,2025-05-01 14:36:20,677.17,0.03
8,running,60,0.6,0,2025-05-01 14:36:20,673.19,0.02
9,running,292.57,0.9,1624,2025-05-01 14:36:20,702.25,0.03
10,idle,60.0,0.2,0,2025-05-01 14:36:20,693.74,0.02
1,running,260.95,0.9,345,2025-05-01 14:36:30,749.57,0.03
2,running,230.96,0.74,303,2025-05-01 14:36:30,730.87,0.03
3,running,65.97,0.9,0,2025-05-01 14:36:30,746.28,0.03
4,running,116.43,0.9,233,2025-05-01 14:36:30,780.26,0.03
5,running,104.54,0.9,426,2025-05-01 14:36:30,690.75,0.03
6,running,60,0.45,1828,2025-05-01 14:36:30,767.8,0.02
7,running,258.76,0.9,690,2025-05-01 14:36:30,677.17,0.03
8,running,104.25,0.9,391,2025-05-01 14:36:30,673.19,0.02
9,running,300,0.9,1950,2025-05-01 14:36:30,702.25,0.03
10,running,132.37,0.28,0,2025-05-01 14:36:30,693.74,0.02
1,idle,60.0,0.2,0,2025-05-01 14:36:40,749.57,0.03
2,idle,60.0,0.2,0,2025-05-01 14:36:40,730.87,0.03
3,running,83.29,0.9,374,2025-05-01 14:36:40,746.28,0.03
4,running,167.18,0.87,81,2025-05-01 14:36:40,780.27,0.03
5,running,190.89,0.85,371,2025-05-01 14:36:40,690.75,0.03
6,running,156.27,0.79,1393,2025-05-01 14:36:40,767.8,0.03
7,running,247.01,0.9,0,2025-05-01 14:36:40,677.17,0.03
8,running,107.14,0.9,206,2025-05-01 14:36:40,673.19,0.03
9,running,300,0.9,2454,2025-05-01 14:36:40,702.25,0.03
10,running,156.24,0.35,0,2025-05-01 14:36:40,693.74,0.03
1,idle,60.0,0.2,0,2025-05-01 14:36:50,749.57,0.03
2,running,78.91,0.6,0,2025-05-01 14:36:50,730.87,0.03
3,running,60,0.9,1115,2025-05-01 14:36:50,746.28,0.03
4,running,190.5,0.86,0,2025-05-01 14:36:50,780.27,0.03
5,running,203.9,0.9,0,2025-05-01 14:36:50,690.75,0.03
6,running,221.65,0.9,1508,2025-05-01 14:36:50,767.81,0.03
7,running,232.11,0.9,0,2025-05-01 14:36:50,677.18,0.04
8,running,182.89,0.88,0,2025-05-01 14:36:50,673.2,0.03
9,running,300,0.89,3140,2025-05-01 14:36:50,702.26,0.04
10,running,110.42,0.56,765,2025-05-01 14:36:50,693.75,0.03
1,idle,60.0,0.2,0,2025-05-01 14:37:00,749.57,0.03
2,running,140.89,0.6,0,2025-05-01 14:37:00,730.87,0.03
3,running,154.03,0.9,547,2025-05-01 14:37:00,746.29,0.04
4,idle,60.0,0.2,0,2025-05-01 14:37:00,780.27,0.03
5,idle,60.0,0.2,0,2025-05-01 14:37:00,690.75,0.03
6,idle,60.0,0.2,0,2025-05-01 14:37:00,767.81,0.03
7,running,300,0.86,816,2025-05-01 14:37:00,677.18,0.04
8,running,156.81,0.9,0,2025-05-01 14:37:00,673.2,0.03
9,running,300,0.9,3343,2025-05-01 14:37:00,702.26,0.04
10,idle,60.0,0.2,0,2025-05-01 14:37:00,693.75,0.03
1,running,60,0.17,845,2025-05-01 14:37:10,749.58,0.03
2,running,159.78,0.7,121,2025-05-01 14:37:10,730.88,0.04
3,running,168.15,0.9,0,2025-05-01 14:37:10,746.29,0.04
4,running,159.54,0.17,0,2025-05-01 14:37:10,780.27,0.03
5,running,60,0.46,421,2025-05-01 14:37:10,690.76,0.04
6,idle,60.0,0.2,0,2025-05-01 14:37:10,767.81,0.03
7,running,300,0.9,953,2025-05-01 14:37:10,677.18,0.04
8,running,130.9,0.9,0,2025-05-01 14:37:10,673.2,0.03
9,running,283.79,0.9,4033,2025-05-01 14:37:10,702.26,0.04
10,running,124.29,0.51,287,2025-05-01 14:37:10,693.75,0.03
1,running,99.49,0.28,264,2025-05-01 14:37:20,749.58,0.03
2,running,217.91,0.82,56,2025-05-01 14:37:20,730.88,0.04
3,running,146.0,0.9,0,2025-05-01 14:37:20,746.29,0.04
4,running,111.41,0.5,0,2025-05-01 14:37:20,780.28,0.04
5,running,60,0.67,1416,2025-05-01 14:37:20,690.76,0.04
6,running,89.51,0.61,542,2025-05-01 14:37:20,767.81,0.03
7,running,286.32,0.9,1210,2025-05-01 14:37:20,677.18,0.04
8,idle,60.0,0.2,0,2025-05-01 14:37:20,673.2,0.03
9,running,300,0.9,3788,2025-05-01 14:37:20,702.26,0.04
10,running,124.47,0.57,447,2025-05-01 14:37:20,693.75,0.03
1,running,101.17,0.29,0,2025-05-01 14:37:30,749.58,0.03
2,running,300,0.9,0,2025-05-01 14:37:30,730.88,0.04
3,running,144.64,0.9,0,2025-05-01 14:37:30,746.29,0.04
4,running,198.21,0.6,0,2025-05-01 14:37:30,780.28,0.04
5,running,122.94,0.9,638,2025-05-01 14:37:30,690.76,0.04
6,running,82.97,0.9,0,2025-05-01 14:37:30,767.81,0.03
7,running,300,0.9,266,2025-05-01 14:37:30,677.19,0.05
8,idle,60.0,0.2,0,2025-05-01 14:37:30,673.2,0.03
9,running,278.64,0.9,3502,2025-05-01 14:37:30,702.27,0.05
10,running,84.02,0.82,0,2025-05-01 14:37:30,693.76,0.04
1,running,164.53,0.4,0,2025-05-01 14:37:40,749.59,0.04
2,running,300,0.9,29,2025-05-01 14:37:40,730.88,0.04
3,running,103.43,0.9,0,2025-05-01 14:37:40,746.3,0.05
4,running,248.03,0.9,0,2025-05-01 14:37:40,780.28,0.04
5,error,60.0,0.2,0,2025-05-01 14:37:40,690.76,0.04
6,running,152.74,0.86,0,2025-05-01 14:37:40,767.82,0.04
7,idle,60.0,0.2,0,2025-05-01 14:37:40,677.19,0.05
8,idle,60.0,0.2,0,2025-05-01 14:37:40,673.2,0.03
9,running,258.01,0.9,3333,2025-05-01 14:37:40,702.27,0.05
10,running,148.82,0.9,939,2025-05-01 14:37:40,693.76,0.04
1,running,150.41,0.45,0,2025-05-01 14:37:50,749.59,0.04
2,running,255.53,0.9,260,2025-05-01 14:37:50,730.89,0.05
3,running,180.95,0.9,0,2025-05-01 14:37:50,746.3,0.05
4,running,300,0.9,0,2025-05-01 14:37:50,780.28,0.04
5,running,140.08,0.43,695,2025-05-01 14:37:50,690.76,0.04
6,running,251.29,0.89,0,2025-05-01 14:37:50,767.82,0.04
7,idle,60.0,0.2,0,2025-05-01 14:37:50,677.19,0.05
8,error,60.0,0.2,0,2025-05-01 14:37:50,673.2,0.03
9,idle,60.0,0.2,0,2025-05-01 14:37:50,702.27,0.05
10,running,113.14,0.9,25,2025-05-01 14:37:50,693.76,0.04
1,running,155.46,0.53,0,2025-05-01 14:38:00,749.59,0.04
2,running,300,0.9,1069,2025-05-01 14:38:00,730.89,0.05
3,running,276.22,0.9,0,2025-05-01 14:38:00,746.3,0.05
4,error,60.0,0.2,0,2025-05-01 14:38:00,780.28,0.04
5,running,171.02,0.48,0,2025-05-01 14:38:00,690.77,0.05
6,idle,60.0,0.2,0,2025-05-01 14:38:00,767.82,0.04
7,running,65.77,0.57,188,2025-05-01 14:38:00,677.19,0.05
8,running,60,0.41,888,2025-05-01 14:38:00,673.21,0.04
9,error,60.0,0.2,0,2025-05-01 14:38:00,702.27,0.05
10,running,100.97,0.9,251,2025-05-01 14:38:00,693.76,0.04
1,idle,60.0,0.2,0,2025-05-01 14:38:10,749.59,0.04
2,idle,60.0,0.2,0,2025-05-01 14:38:10,730.89,0.05
3,running,300,0.9,25,2025-05-01 14:38:10,746.31,0.06
4,running,83.3,0.52,0,2025-05-01 14:38:10,780.29,0.05
5,running,195.57,0.57,0,2025-05-01 14:38:10,690.77,0.05
6,running,110.18,0.44,0,2025-05-01 14:38:10,767.82,0.04
7,idle,60.0,0.2,0,2025-05-01 14:38:10,677.19,0.05
8,running,134.1,0.68,1650,2025-05-01 14:38:10,673.21,0.04
9,running,108.45,0.4,0,2025-05-01 14:38:10,702.27,0.05
10,idle,60.0,0.2,0,2025-05-01 14:38:10,693.76,0.04
1,running,60,0.44,175,2025-05-01 14:38:20,749.59,0.04
2,running,97.9,0.57,0,2025-05-01 14:38:20,730.89,0.05
3,running,285.3,0.9,704,2025-05-01 14:38:20,746.31,0.06
4,running,133.42,0.86,0,2025-05-01 14:38:20,780.29,0.05
5,running,186.74,0.55,0,2025-05-01 14:38:20,690.77,0.05
6,running,67.72,0.78,359,2025-05-01 14:38:20,767.82,0.04
7,running,101.71,0.61,0,2025-05-01 14:38:20,677.19,0.05
8,running,100.04,0.69,932,2025-05-01 14:38:20,673.21,0.04
9,running,138.75,0.83,350,2025-05-01 14:38:20,702.28,0.06
10,running,112.65,0.6,687,2025-05-01 14:38:20,693.77,0.05
1,running,60,0.52,463,2025-05-01 14:38:30,749.6,0.05
2,running,132.95,0.9,0,2025-05-01 14:38:30,730.9,0.06
3,running,240.32,0.9,556,2025-05-01 14:38:30,746.31,0.06
4,running,213.44,0.9,126,2025-05-01 14:38:30,780.29,0.05
5,running,201.22,0.9,0,2025-05-01 14:38:30,690.78,0.06
6,running,60,0.9,964,2025-05-01 14:38:30,767.83,0.05
7,running,142.83,0.87,794,2025-05-01 14:38:30,677.2,0.06
8,running,173.61,0.65,980,2025-05-01 14:38:30,673.21,0.04
9,running,160.43,0.9,0,2025-05-01 14:38:30,702.28,0.06
10,running,133.0,0.9,0,2025-05-01 14:38:30,693.77,0.05
1,running,93.7,0.77,802,2025-05-01 14:38:40,749.6,0.05
2,running,172.98,0.9,0,2025-05-01 14:38:40,730.9,0.06
3,running,250.62,0.9,874,2025-05-01 14:38:40,746.31,0.06
4,idle,60.0,0.2,0,2025-05-01 14:38:40,780.29,0.05
5,running,199.86,0.9,820,2025-05-01 14:38:40,690.78,0.06
6,running,60,0.9,1070,2025-05-01 14:38:40,767.83,0.05
7,error,60.0,0.2,0,2025-05-01 14:38:40,677.2,0.06
8,running,172.32,0.79,1764,2025-05-01 14:38:40,673.22,0.05
9,idle,60.0,0.2,0,2025-05-01 14:38:40,702.28,0.06
10,running,164.73,0.9,0,2025-05-01 14:38:40,693.77,0.05
1,idle,60.0,0.2,0,2025-05-01 14:38:50,749.6,0.05
2,running,217.27,0.9,887,2025-05-01 14:38:50,730.9,0.06
3,running,300,0.87,1112,2025-05-01 14:38:50,746.32,0.07
4,running,138.11,0.29,0,2025-05-01 14:38:50,780.3,0.06
5,idle,60.0,0.2,0,2025-05-01 14:38:50,690.78,0.06
6,running,60,0.9,1043,2025-05-01 14:38:50,767.83,0.05
7,running,60,0.64,0,2025-05-01 14:38:50,677.2,0.06
8,running,212.8,0.9,1441,2025-05-01 14:38:50,673.22,0.05
9,running,99.25,0.32,0,2025-05-01 14:38:50,702.28,0.06
10,running,140.74,0.9,796,2025-05-01 14:38:50,693.78,0.06
1,idle,60.0,0.2,0,2025-05-01 14:39:00,749.6,0.05
2,running,214.99,0.9,0,2025-05-01 14:39:00,730.9,0.06
3,running,300,0.9,160,2025-05-01 14:39:00,746.32,0.07
4,running,100.39,0.32,0,2025-05-01 14:39:00,780.3,0.06
5,running,60,0.51,0,2025-05-01 14:39:00,690.78,0.06
6,idle,60.0,0.2,0,2025-05-01 14:39:00,767.83,0.05
7,idle,60.0,0.2,0,2025-05-01 14:39:00,677.2,0.06
8,running,183.7,0.89,1607,2025-05-01 14:39:00,673.22,0.05
9,running,174.12,0.47,847,2025-05-01 14:39:00,702.28,0.06
10,running,118.76,0.9,1329,2025-05-01 14:39:00,693.78,0.06
1,running,60,0.5,824,2025-05-01 14:39:10,749.6,0.05
2,running,293.11,0.9,0,2025-05-01 14:39:10,730.91,0.07
3,running,300,0.9,0,2025-05-01 14:39:10,746.32,0.07
4,running,60,0.48,218,2025-05-01 14:39:10,780.3,0.06
5,running,60,0.9,27,2025-05-01 14:39:10,690.78,0.06
6,running,139.24,0.28,0,2025-05-01 14:39:10,767.84,0.06
7,running,60,0.63,0,2025-05-01 14:39:10,677.2,0.06
8,running,177.86,0.87,2562,2025-05-01 14:39:10,673.23,0.06
9,running,223.99,0.51,409,2025-05-01 14:39:10,702.29,0.07
10,running,114.29,0.9,1209,2025-05-01 14:39:10,693.78,0.06
1,running,60,0.9,783,2025-05-01 14:39:20,749.61,0.06
2,running,280.28,0.9,0,2025-05-01 14:39:20,730.91,0.07
3,running,300,0.9,0,2025-05-01 14:39:20,746.32,0.07
4,running,143.79,0.71,1008,2025-05-01 14:39:20,780.3,0.06
5,running,93.71,0.9,73,2025-05-01 14:39:20,690.79,0.07
6,idle,60.0,0.2,0,2025-05-01 14:39:20,767.84,0.06
7,running,125.6,0.9,791,2025-05-01 14:39:20,677.2,0.06
8,running,177.69,0.9,3095,2025-05-01 14:39:20,673.23,0.06
9,running,174.04,0.72,0,2025-05-01 14:39:20,702.29,0.07
10,running,100.51,0.9,2074,2025-05-01 14:39:20,693.78,0.06
1,running,60,0.9,136,2025-05-01 14:39:30,749.61,0.06
2,running,284.23,0.9,0,2025-05-01 14:39:30,730.91,0.07
3,idle,60.0,0.2,0,2025-05-01 14:39:30,746.32,0.07
4,running,218.41,0.68,801,2025-05-01 14:39:30,780.31,0.07
5,running,87.8,0.9,31,2025-05-01 14:39:30,690.79,0.07
6,running,60,0.68,0,2025-05-01 14:39:30,767.84,0.06
7,error,60.0,0.2,0,2025-05-01 14:39:30,677.2,0.06
8,idle,60.0,0.2,0,2025-05-01 14:39:30,673.23,0.06
9,running,228.35,0.9,209,2025-05-01 14:39:30,702.29,0.07
10,running,60,0.9,2605,2025-05-01 14:39:30,693.79,0.07
1,running,159.74,0.9,0,2025-05-01 14:39:40,749.61,0.06
2,running,300,0.9,0,2025-05-01 14:39:40,730.91,0.07
3,idle,60.0,0.2,0,2025-05-01 14:39:40,746.32,0.07
4,running,275.01,0.68,0,2025-05-01 14:39:40,780.31,0.07
5,running,60,0.9,0,2025-05-01 14:39:40,690.79,0.07
6,running,64.16,0.9,1000,2025-05-01 14:39:40,767.84,0.06
7,idle,60.0,0.2,0,2025-05-01 14:39:40,677.2,0.06
8,running,124.48,0.36,512,2025-05-01 14:39:40,673.23,0.06
9,running,300,0.9,606,2025-05-01 14:39:40,702.29,0.07
10,running,132.47,0.9,2981,2025-05-01 14:39:40,693.79,0.07
1,running,214.05,0.9,0,2025-05-01 14:39:50,749.61,0.06
2,idle,60.0,0.2,0,2025-05-01 14:39:50,730.91,0.07
3,running,114.76,0.28,665,2025-05-01 14:39:50,746.33,0.08
4,idle,60.0,0.2,0,2025-05-01 14:39:50,780.31,0.07
5,error,60.0,0.2,0,2025-05-01 14:39:50,690.79,0.07
6,idle,60.0,0.2,0,2025-05-01 14:39:50,767.84,0.06
7,running,60,0.35,0,2025-05-01 14:39:50,677.21,0.07
8,running,184.84,0.75,165,2025-05-01 14:39:50,673.23,0.06
9,running,253.07,0.9,0,2025-05-01 14:39:50,702.3,0.08
10,running,207.99,0.9,3915,2025-05-01 14:39:50,693.79,0.07
1,running,206.95,0.9,0,2025-05-01 14:40:00,749.62,0.07
2,running,130.44,0.25,0,2025-05-01 14:40:00,730.92,0.08
3,idle,60.0,0.2,0,2025-05-01 14:40:00,746.33,0.08
4,running,77.08,0.52,256,2025-05-01 14:40:00,780.31,0.07
5,running,120.25,0.4,0,2025-05-01 14:40:00,690.79,0.07
6,running,94.02,0.48,965,2025-05-01 14:40:00,767.84,0.06
7,idle,60.0,0.2,0,2025-05-01 14:40:00,677.21,0.07
8,idle,60.0,0.2,0,2025-05-01 14:40:00,673.23,0.06
9,running,218.7,0.9,72,2025-05-01 14:40:00,702.3,0.08
10,running,232.57,0.9,3490,2025-05-01 14:40:00,693.79,0.07
1,running,160.56,0.9,0,2025-05-01 14:40:10,749.62,0.07
2,running,81.17,0.36,0,2025-05-01 14:40:10,730.92,0.08
3,running,60,0.69,0,2025-05-01 14:40:10,746.33,0.08
4,running,60,0.9,963,2025-05-01 14:40:10,780.31,0.07
5,running,175.45,0.6,0,2025-05-01 14:40:10,690.8,0.08
6,running,78.71,0.65,1244,2025-05-01 14:40:10,767.85,0.07
7,idle,60.0,0.2,0,2025-05-01 14:40:10,677.21,0.07
8,running,74.21,0.6,0,2025-05-01 14:40:10,673.24,0.07
9,running,183.24,0.9,1009,2025-05-01 14:40:10,702.3,0.08
10,running,235.19,0.88,4208,2025-05-01 14:40:10,693.8,0.08
1,idle,60.0,0.2,0,2025-05-01 14:40:20,749.62,0.07
2,running,127.55,0.55,0,2025-05-01 14:40:20,730.92,0.08
3,running,103.86,0.9,0,2025-05-01 14:40:20,746.33,0.08
4,idle,60.0,0.2,0,2025-05-01 14:40:20,780.31,0.07
5,idle,60.0,0.2,0,2025-05-01 14:40:20,690.8,0.08
6,running,155.55,0.75,1677,2025-05-01 14:40:20,767.85,0.07
7,idle,60.0,0.2,0,2025-05-01 14:40:20,677.21,0.07
8,running,83.46,0.9,320,2025-05-01 14:40:20,673.24,0.07
9,running,271.01,0.9,157,2025-05-01 14:40:20,702.31,0.09
10,idle,60.0,0.2,0,2025-05-01 14:40:20,693.8,0.08
1,running,60,0.55,546,2025-05-01 14:40:30,749.62,0.07
2,idle,60.0,0.2,0,2025-05-01 14:40:30,730.92,0.08
3,running,187.57,0.9,0,2025-05-01 14:40:30,746.34,0.09
4,running,60,0.36,0,2025-05-01 14:40:30,780.32,0.08
5,running,60,0.62,0,2025-05-01 14:40:30,690.8,0.08
6,idle,60.0,0.2,0,2025-05-01 14:40:30,767.85,0.07
7,running,60,0.36,335,2025-05-01 14:40:30,677.21,0.07
8,running,74.58,0.9,752,2025-05-01 14:40:30,673.24,0.07
9,running,223.93,0.86,825,2025-05-01 14:40:30,702.31,0.09
10,running,153.51,0.19,0,2025-05-01 14:40:30,693.8,0.08
1,idle,60.0,0.2,0,2025-05-01 14:40:40,749.62,0.07
2,running,60,0.65,0,2025-05-01 14:40:40,730.93,0.09
3,running,278.63,0.9,767,2025-05-01 14:40:40,746.34,0.09
4,running,85.58,0.44,541,2025-05-01 14:40:40,780.32,0.08
5,idle,60.0,0.2,0,2025-05-01 14:40:40,690.8,0.08
6,running,159.62,0.53,55,2025-05-01 14:40:40,767.85,0.07
7,idle,60.0,0.2,0,2025-05-01 14:40:40,677.21,0.07
8,running,60,0.9,1073,2025-05-01 14:40:40,673.24,0.07
9,running,294.04,0.9,1079,2025-05-01 14:40:40,702.31,0.09
10,idle,60.0,0.2,0,2025-05-01 14:40:40,693.8,0.08
1,idle,60.0,0.2,0,2025-05-01 14:40:50,749.62,0.07
2,running,60,0.9,0,2025-05-01 14:40:50,730.93,0.09
3,running,300,0.9,323,2025-05-01 14:40:50,746.34,0.09
4,running,160.97,0.71,0,2025-05-01 14:40:50,780.32,0.08
5,idle,60.0,0.2,0,2025-05-01 14:40:50,690.8,0.08
6,running,149.38,0.9,160,2025-05-01 14:40:50,767.85,0.07
7,running,63.8,0.41,46,2025-05-01 14:40:50,677.21,0.07
8,idle,60.0,0.2,0,2025-05-01 14:40:50,673.24,0.07
9,running,248.63,0.86,558,2025-05-01 14:40:50,702.31,0.09
10,running,60,0.15,159,2025-05-01 14:40:50,693.8,0.08
1,idle,60.0,0.2,0,2025-05-01 14:41:00,749.62,0.07
2,idle,60.0,0.2,0,2025-05-01 14:41:00,730.93,0.09
3,running,300,0.9,0,2025-05-01 14:41:00,746.34,0.09
4,running,112.62,0.9,414,2025-05-01 14:41:00,780.33,0.09
5,running,157.62,0.66,923,2025-05-01 14:41:00,690.8,0.08
6,running,146.53,0.9,0,2025-05-01 14:41:00,767.86,0.08
7,running,60,0.76,784,2025-05-01 14:41:00,677.21,0.07
8,running,60,0.64,230,2025-05-01 14:41:00,673.25,0.08
9,running,276.01,0.9,0,2025-05-01 14:41:00,702.32,0.1
10,running,140.85,0.42,428,2025-05-01 14:41:00,693.81,0.09
1,running,60,0.45,800,2025-05-01 14:41:10,749.62,0.07
2,running,148.76,0.27,394,2025-05-01 14:41:10,730.93,0.09
3,error,60.0,0.2,0,2025-05-01 14:41:10,746.34,0.09
4,idle,60.0,0.2,0,2025-05-01 14:41:10,780.33,0.09
5,running,216.83,0.82,1189,2025-05-01 14:41:10,690.81,0.09
6,running,126.23,0.9,180,2025-05-01 14:41:10,767.86,0.08
7,idle,60.0,0.2,0,2025-05-01 14:41:10,677.21,0.07
8,running,60,0.9,915,2025-05-01 14:41:10,673.25,0.08
9,running,300,0.9,0,2025-05-01 14:41:10,702.32,0.1
10,running,179.61,0.66,0,2025-05-01 14:41:10,693.81,0.09
1,running,60,0.48,871,2025-05-01 14:41:20,749.63,0.08
2,running,128.04,0.26,0,2025-05-01 14:41:20,730.93,0.09
3,idle,60.0,0.2,0,2025-05-01 14:41:20,746.34,0.09
4,running,72.86,0.21,972,2025-05-01 14:41:20,780.33,0.09
5,running,272.01,0.9,312,2025-05-01 14:41:20,690.81,0.09
6,running,159.37,0.9,0,2025-05-01 14:41:20,767.86,0.08
7,running,91.29,0.44,0,2025-05-01 14:41:20,677.22,0.08
8,running,60,0.9,979,2025-05-01 14:41:20,673.25,0.08
9,running,300,0.88,582,2025-05-01 14:41:20,702.32,0.1
10,running,140.76,0.9,0,2025-05-01 14:41:20,693.81,0.09
1,running,146.29,0.9,680,2025-05-01 14:41:30,749.63,0.08
2,running,86.36,0.55,0,2025-05-01 14:41:30,730.94,0.1
3,running,74.32,0.25,0,2025-05-01 14:41:30,746.35,0.1
4,idle,60.0,0.2,0,2025-05-01 14:41:30,780.33,0.09
5,idle,60.0,0.2,0,2025-05-01 14:41:30,690.81,0.09
6,idle,60.0,0.2,0,2025-05-01 14:41:30,767.86,0.08
7,running,60.61,0.75,114,2025-05-01 14:41:30,677.22,0.08
8,running,89.37,0.9,1287,2025-05-01 14:41:30,673.26,0.09
9,running,300,0.9,1097,2025-05-01 14:41:30,702.33,0.11
10,running,170.37,0.9,402,2025-05-01 14:41:30,693.81,0.09
1,running,100.86,0.9,1347,2025-05-01 14:41:40,749.63,0.08
2,idle,60.0,0.2,0,2025-05-01 14:41:40,730.94,0.1
3,running,63.9,0.2,880,2025-05-01 14:41:40,746.35,0.1
4,running,79.01,0.32,0,2025-05-01 14:41:40,780.33,0.09
5,running,89.47,0.36,0,2025-05-01 14:41:40,690.81,0.09
6,error,60.0,0.2,0,2025-05-01 14:41:40,767.86,0.08
7,idle,60.0,0.2,0,2025-05-01 14:41:40,677.22,0.08
8,running,92.84,0.9,862,2025-05-01 14:41:40,673.26,0.09
9,running,300,0.9,1277,2025-05-01 14:41:40,702.33,0.11
10,running,161.08,0.9,275,2025-05-01 14:41:40,693.82,0.1
1,idle,60.0,0.2,0,2025-05-01 14:41:50,749.63,0.08
2,running,89.73,0.48,203,2025-05-01 14:41:50,730.94,0.1
3,running,154.45,0.66,829,2025-05-01 14:41:50,746.35,0.1
4,idle,60.0,0.2,0,2025-05-01 14:41:50,780.33,0.09
5,running,116.8,0.67,0,2025-05-01 14:41:50,690.81,0.09
6,running,138.18,0.68,435,2025-05-01 14:41:50,767.87,0.09
7,running,108.42,0.33,0,2025-05-01 14:41:50,677.22,0.08
8,idle,60.0,0.2,0,2025-05-01 14:41:50,673.26,0.09
9,running,300,0.9,1185,2025-05-01 14:41:50,702.33,0.11
10,running,203.45,0.9,153,2025-05-01 14:41:50,693.82,0.1
1,idle,60.0,0.2,0,2025-05-01 14:42:00,749.63,0.08
2,running,102.41,0.66,0,2025-05-01 14:42:00,730.94,0.1
3,running,171.74,0.9,850,2025-05-01 14:42:00,746.36,0.11
4,idle,60.0,0.2,0,2025-05-01 14:42:00,780.33,0.09
5,running,109.81,0.8,0,2025-05-01 14:42:00,690.82,0.1
6,running,149.2,0.9,0,2025-05-01 14:42:00,767.87,0.09
7,running,148.76,0.67,0,2025-05-01 14:42:00,677.23,0.09
8,running,60,0.5,0,2025-05-01 14:42:00,673.26,0.09
9,running,300,0.9,1692,2025-05-01 14:42:00,702.33,0.11
10,running,192.38,0.9,0,2025-05-01 14:42:00,693.82,0.1
1,running,146.5,0.33,427,2025-05-01 14:42:10,749.64,0.09
2,running,126.77,0.9,0,2025-05-01 14:42:10,730.95,0.11
3,idle,60.0,0.2,0,2025-05-01 14:42:10,746.36,0.11
4,running,100.71,0.24,0,2025-05-01 14:42:10,780.33,0.09
5,running,171.2,0.78,935,2025-05-01 14:42:10,690.82,0.1
6,running,189.26,0.9,0,2025-05-01 14:42:10,767.87,0.09
7,running,244.55,0.9,8,2025-05-01 14:42:10,677.23,0.09
8,running,118.29,0.73,293,2025-05-01 14:42:10,673.26,0.09
9,running,300,0.9,1405,2025-05-01 14:42:10,702.34,0.12
10,running,165.04,0.9,0,2025-05-01 14:42:10,693.83,0.11
1,running,175.28,0.74,930,2025-05-01 14:42:20,749.64,0.09
2,running,195.34,0.9,172,2025-05-01 14:42:20,730.95,0.11
3,running,150.49,0.17,28,2025-05-01 14:42:20,746.36,0.11
4,running,120.78,0.64,509,2025-05-01 14:42:20,780.34,0.1
5,running,191.42,0.9,553,2025-05-01 14:42:20,690.82,0.1
6,error,60.0,0.2,0,2025-05-01 14:42:20,767.87,0.09
7,running,232.36,0.9,324,2025-05-01 14:42:20,677.23,0.09
8,running,198.62,0.68,1085,2025-05-01 14:42:20,673.27,0.1
9,running,300,0.9,2060,2025-05-01 14:42:20,702.34,0.12
10,running,264.53,0.9,983,2025-05-01 14:42:20,693.83,0.11
1,running,198.94,0.8,1725,2025-05-01 14:42:30,749.64,0.09
2,running,164.26,0.9,0,2025-05-01 14:42:30,730.95,0.11
3,running,185.32,0.25,440,2025-05-01 14:42:30,746.36,0.11
4,idle,60.0,0.2,0,2025-05-01 14:42:30,780.34,0.1
5,idle,60.0,0.2,0,2025-05-01 14:42:30,690.82,0.1
6,running,60,0.6,0,2025-05-01 14:42:30,767.87,0.09
7,running,240.63,0.87,0,2025-05-01 14:42:30,677.23,0.09
8,running,282.82,0.7,1892,2025-05-01 14:42:30,673.27,0.1
9,running,260.15,0.9,2546,2025-05-01 14:42:30,702.34,0.12
10,running,262.85,0.9,144,2025-05-01 14:42:30,693.83,0.11
1,running,225.35,0.77,1984,2025-05-01 14:42:40,749.64,0.09
2,running,167.56,0.9,599,2025-05-01 14:42:40,730.95,0.11
3,running,267.01,0.51,907,2025-05-01 14:42:40,746.36,0.11
4,idle,60.0,0.2,0,2025-05-01 14:42:40,780.34,0.1
5,running,81.54,0.17,0,2025-05-01 14:42:40,690.83,0.11
6,running,81.5,0.73,0,2025-05-01 14:42:40,767.88,0.1
7,running,300,0.9,0,2025-05-01 14:42:40,677.24,0.1
8,running,263.55,0.9,1133,2025-05-01 14:42:40,673.27,0.1
9,running,220.82,0.9,1750,2025-05-01 14:42:40,702.34,0.13
10,running,297.5,0.9,1015,2025-05-01 14:42:40,693.83,0.11
1,running,300,0.9,2949,2025-05-01 14:42:50,749.65,0.1
2,running,193.48,0.9,0,2025-05-01 14:42:50,730.96,0.12
3,running,262.62,0.9,0,2025-05-01 14:42:50,746.37,0.12
4,running,60,0.63,0,2025-05-01 14:42:50,780.34,0.1
5,idle,60.0,0.2,0,2025-05-01 14:42:50,690.83,0.11
6,running,126.92,0.9,953,2025-05-01 14:42:50,767.88,0.1
7,running,300,0.89,631,2025-05-01 14:42:50,677.24,0.1
8,running,285.07,0.9,1571,2025-05-01 14:42:50,673.28,0.11
9,running,247.4,0.9,2514,2025-05-01 14:42:50,702.35,0.13
10,running,252.24,0.9,483,2025-05-01 14:42:50,693.84,0.12
1,running,300,0.9,2002,2025-05-01 14:43:00,749.65,0.1
2,running,252.91,0.9,525,2025-05-01 14:43:00,730.96,0.12
3,running,233.93,0.9,0,2025-05-01 14:43:00,746.37,0.12
4,error,60.0,0.2,0,2025-05-01 14:43:00,780.34,0.1
5,running,112.74,0.3,356,2025-05-01 14:43:00,690.83,0.11
6,running,81.45,0.9,441,2025-05-01 14:43:00,767.88,0.1
7,running,300,0.9,0,2025-05-01 14:43:00,677.24,0.1
8,running,286.57,0.9,2088,2025-05-01 14:43:00,673.28,0.11
9,running,282.79,0.87,1978,2025-05-01 14:43:00,702.35,0.13
10,running,298.5,0.9,265,2025-05-01 14:43:00,693.84,0.12
1,running,300,0.9,2574,2025-05-01 14:43:10,749.65,0.1
2,idle,60.0,0.2,0,2025-05-01 14:43:10,730.96,0.12
3,running,267.98,0.9,69,2025-05-01 14:43:10,746.37,0.12
4,running,125.39,0.21,0,2025-05-01 14:43:10,780.34,0.1
5,running,64.76,0.4,0,2025-05-01 14:43:10,690.83,0.11
6,running,124.4,0.9,456,2025-05-01 14:43:10,767.89,0.11
7,running,300,0.9,0,2025-05-01 14:43:10,677.25,0.11
8,idle,60.0,0.2,0,2025-05-01 14:43:10,673.28,0.11
9,running,300,0.9,1438,2025-05-01 14:43:10,702.35,0.13
10,running,300,0.9,0,2025-05-01 14:43:10,693.84,0.12
1,idle,60.0,0.2,0,2025-05-01 14:43:20,749.65,0.1
2,running,118.91,0.68,852,2025-05-01 14:43:20,730.96,0.12
3,running,300,0.86,358,2025-05-01 14:43:20,746.37,0.13
4,running,219.8,0.21,308,2025-05-01 14:43:20,780.35,0.11
5,running,60,0.5,0,2025-05-01 14:43:20,690.83,0.11
6,running,110.45,0.9,0,2025-05-01 14:43:20,767.89,0.11
7,running,300,0.9,0,2025-05-01 14:43:20,677.25,0.11
8,running,137.07,0.48,168,2025-05-01 14:43:20,673.28,0.11
9,running,300,0.9,1752,2025-05-01 14:43:20,702.36,0.14
10,running,300,0.9,0,2025-05-01 14:43:20,693.84,0.13
1,error,60.0,0.2,0,2025-05-01 14:43:30,749.65,0.1
2,running,180.92,0.8,1381,2025-05-01 14:43:30,730.96,0.13
3,running,286.14,0.9,944,2025-05-01 14:43:30,746.38,0.13
4,error,60.0,0.2,0,2025-05-01 14:43:30,780.35,0.11
5,running,60,0.83,216,2025-05-01 14:43:30,690.84,0.12
6,idle,60.0,0.2,0,2025-05-01 14:43:30,767.89,0.11
7,running,300,0.9,0,2025-05-01 14:43:30,677.25,0.11
8,running,164.71,0.46,373,2025-05-01 14:43:30,673.28,0.11
9,running,300,0.9,1292,2025-05-01 14:43:30,702.36,0.14
10,error,60.0,0.2,0,2025-05-01 14:43:30,693.84,0.13
1,running,92.97,0.62,86,2025-05-01 14:43:40,749.66,0.11
2,running,221.22,0.9,1923,2025-05-01 14:43:40,730.97,0.13
3,running,284.79,0.9,273,2025-05-01 14:43:40,746.38,0.13
4,running,60,0.59,791,2025-05-01 14:43:40,780.35,0.11
5,running,139.95,0.9,595,2025-05-01 14:43:40,690.84,0.12
6,running,153.79,0.42,0,2025-05-01 14:43:40,767.89,0.11
7,running,300,0.9,109,2025-05-01 14:43:40,677.25,0.11
8,running,187.75,0.85,848,2025-05-01 14:43:40,673.29,0.12
9,running,300,0.9,1214,2025-05-01 14:43:40,702.36,0.14
10,running,110.36,0.17,0,2025-05-01 14:43:40,693.85,0.13
1,idle,60.0,0.2,0,2025-05-01 14:43:50,749.66,0.11
2,running,272.9,0.9,2757,2025-05-01 14:43:50,730.97,0.13
3,running,291.54,0.89,1213,2025-05-01 14:43:50,746.38,0.13
4,idle,60.0,0.2,0,2025-05-01 14:43:50,780.35,0.11
5,running,158.28,0.9,550,2025-05-01 14:43:50,690.84,0.12
6,idle,60.0,0.2,0,2025-05-01 14:43:50,767.89,0.11
7,running,300,0.9,412,2025-05-01 14:43:50,677.26,0.12
8,running,256.01,0.9,1304,2025-05-01 14:43:50,673.29,0.12
9,running,300,0.9,346,2025-05-01 14:43:50,702.36,0.14
10,running,68.86,0.56,135,2025-05-01 14:43:50,693.85,0.13
1,running,72.43,0.34,0,2025-05-01 14:44:00,749.66,0.11
2,idle,60.0,0.2,0,2025-05-01 14:44:00,730.97,0.13
3,running,300,0.9,361,2025-05-01 14:44:00,746.39,0.14
4,running,139.79,0.25,0,2025-05-01 14:44:00,780.35,0.11
5,running,178.12,0.9,985,2025-05-01 14:44:00,690.84,0.13
6,idle,60.0,0.2,0,2025-05-01 14:44:00,767.89,0.11
7,running,300,0.9,1159,2025-05-01 14:44:00,677.26,0.12
8,running,300,0.9,307,2025-05-01 14:44:00,673.29,0.12
9,idle,60.0,0.2,0,2025-05-01 14:44:00,702.36,0.14
10,running,95.11,0.81,0,2025-05-01 14:44:00,693.85,0.13
1,idle,60.0,0.2,0,2025-05-01 14:44:10,749.66,0.11
2,running,97.55,0.37,0,2025-05-01 14:44:10,730.97,0.13
3,running,270.73,0.9,0,2025-05-01 14:44:10,746.39,0.14
4,running,155.63,0.64,950,2025-05-01 14:44:10,780.35,0.11
5,running,262.48,0.9,696,2025-05-01 14:44:10,690.85,0.13
6,running,60,0.18,0,2025-05-01 14:44:10,767.89,0.11
7,running,275.22,0.9,1733,2025-05-01 14:44:10,677.26,0.12
8,running,281.37,0.9,1050,2025-05-01 14:44:10,673.29,0.13
9,running,72.7,0.54,0,2025-05-01 14:44:10,702.37,0.15
10,running,122.64,0.9,241,2025-05-01 14:44:10,693.86,0.14
1,running,95.76,0.23,0,2025-05-01 14:44:20,749.66,0.11
2,running,66.38,0.85,635,2025-05-01 14:44:20,730.98,0.14
3,running,300,0.9,0,2025-05-01 14:44:20,746.39,0.14
4,running,151.38,0.78,1779,2025-05-01 14:44:20,780.36,0.12
5,running,281.83,0.9,0,2025-05-01 14:44:20,690.85,0.13
6,idle,60.0,0.2,0,2025-05-01 14:44:20,767.89,0.11
7,idle,60.0,0.2,0,2025-05-01 14:44:20,677.26,0.12
8,running,300,0.9,342,2025-05-01 14:44:20,673.3,0.13
9,running,60,0.9,0,2025-05-01 14:44:20,702.37,0.15
10,running,163.39,0.9,763,2025-05-01 14:44:20,693.86,0.14
1,running,111.88,0.64,0,2025-05-01 14:44:30,749.66,0.11
2,running,144.69,0.9,1605,2025-05-01 14:44:30,730.98,0.14
3,running,281.56,0.9,0,2025-05-01 14:44:30,746.39,0.14
4,running,163.48,0.9,2603,2025-05-01 14:44:30,780.36,0.12
5,error,60.0,0.2,0,2025-05-01 14:44:30,690.85,0.13
6,running,132.84,0.6,155,2025-05-01 14:44:30,767.9,0.12
7,running,67.65,0.47,451,2025-05-01 14:44:30,677.26,0.13
8,running,300,0.9,0,2025-05-01 14:44:30,673.3,0.13
9,running,73.46,0.9,0,2025-05-01 14:44:30,702.37,0.15
10,running,240.38,0.9,1090,2025-05-01 14:44:30,693.86,0.14
1,running,188.34,0.61,0,2025-05-01 14:44:40,749.67,0.12
2,running,237.49,0.9,1655,2025-05-01 14:44:40,730.98,0.14
3,running,300,0.9,0,2025-05-01 14:44:40,746.4,0.15
4,running,240.13,0.89,2928,2025-05-01 14:44:40,780.36,0.12
5,running,89.4,0.25,719,2025-05-01 14:44:40,690.85,0.13
6,running,131.02,0.79,0,2025-05-01 14:44:40,767.9,0.12
7,running,159.9,0.79,355,2025-05-01 14:44:40,677.27,0.13
8,running,300,0.9,544,2025-05-01 14:44:40,673.3,0.13
9,running,116.61,0.9,0,2025-05-01 14:44:40,702.38,0.16
10,running,255.64,0.9,583,2025-05-01 14:44:40,693.86,0.14
1,running,140.49,0.65,605,2025-05-01 14:44:50,749.67,0.12
2,error,60.0,0.2,0,2025-05-01 14:44:50,730.98,0.14
3,idle,60.0,0.2,0,2025-05-01 14:44:50,746.4,0.15
4,running,256.47,0.87,3922,2025-05-01 14:44:50,780.36,0.13
5,running,123.44,0.43,977,2025-05-01 14:44:50,690.86,0.14
6,running,114.23,0.9,962,2025-05-01 14:44:50,767.9,0.12
7,running,220.16,0.9,0,2025-05-01 14:44:50,677.27,0.13
8,running,263.87,0.9,1365,2025-05-01 14:44:50,673.31,0.14
9,running,211.54,0.9,0,2025-05-01 14:44:50,702.38,0.16
10,idle,60.0,0.2,0,2025-05-01 14:44:50,693.86,0.14
1,idle,60.0,0.2,0,2025-05-01 14:45:00,749.67,0.12
2,error,60.0,0.2,0,2025-05-01 14:45:00,730.98,0.14
3,running,60,0.5,0,2025-05-01 14:45:00,746.4,0.15
4,running,300,0.9,3876,2025-05-01 14:45:00,780.37,0.13
5,running,143.26,0.76,1026,2025-05-01 14:45:00,690.86,0.14
6,running,206.79,0.9,1255,2025-05-01 14:45:00,767.9,0.13
7,idle,60.0,0.2,0,2025-05-01 14:45:00,677.27,0.13
8,running,300,0.9,805,2025-05-01 14:45:00,673.31,0.14
9,idle,60.0,0.2,0,2025-05-01 14:45:00,702.38,0.16
10,idle,60.0,0.2,0,2025-05-01 14:45:00,693.86,0.14
1,running,71.32,0.26,61,2025-05-01 14:45:10,749.67,0.12
2,running,114.49,0.66,8,2025-05-01 14:45:10,730.98,0.14
3,running,130.8,0.55,0,2025-05-01 14:45:10,746.4,0.15
4,running,300,0.9,3530,2025-05-01 14:45:10,780.37,0.13
5,running,194.84,0.86,1699,2025-05-01 14:45:10,690.86,0.14
6,error,60.0,0.2,0,2025-05-01 14:45:10,767.9,0.13
7,running,129.02,0.43,289,2025-05-01 14:45:10,677.27,0.13
8,running,300,0.9,89,2025-05-01 14:45:10,673.31,0.14
9,running,60,0.3,839,2025-05-01 14:45:10,702.38,0.16
10,running,102.86,0.58,0,2025-05-01 14:45:10,693.87,0.15
1,running,60,0.63,0,2025-05-01 14:45:20,749.67,0.13
2,running,159.69,0.9,338,2025-05-01 14:45:20,730.99,0.15
3,idle,60.0,0.2,0,2025-05-01 14:45:20,746.4,0.15
4,running,300,0.9,3013,2025-05-01 14:45:20,780.37,0.13
5,running,293.67,0.9,1242,2025-05-01 14:45:20,690.86,0.14
6,running,67.22,0.44,0,2025-05-01 14:45:20,767.91,0.13
7,running,92.32,0.9,15,2025-05-01 14:45:20,677.28,0.14
8,idle,60.0,0.2,0,2025-05-01 14:45:20,673.31,0.14
9,running,148.71,0.26,65,2025-05-01 14:45:20,702.38,0.16
10,running,122.29,0.6,407,2025-05-01 14:45:20,693.87,0.15
1,running,90.37,0.9,0,2025-05-01 14:45:30,749.68,0.13
2,idle,60.0,0.2,0,2025-05-01 14:45:30,730.99,0.15
3,running,109.91,0.37,0,2025-05-01 14:45:30,746.41,0.16
4,idle,60.0,0.2,0,2025-05-01 14:45:30,780.37,0.13
5,idle,60.0,0.2,0,2025-05-01 14:45:30,690.86,0.14
6,running,60.76,0.47,924,2025-05-01 14:45:30,767.91,0.13
7,running,138.14,0.9,0,2025-05-01 14:45:30,677.28,0.14
8,running,137.87,0.7,0,2025-05-01 14:45:30,673.31,0.14
9,running,130.46,0.23,0,2025-05-01 14:45:30,702.39,0.17
10,running,166.0,0.66,191,2025-05-01 14:45:30,693.87,0.15
1,idle,60.0,0.2,0,2025-05-01 14:45:40,749.68,0.13
2,running,60,0.35,0,2025-05-01 14:45:40,730.99,0.15
3,running,137.49,0.37,227,2025-05-01 14:45:40,746.41,0.16
4,running,64.76,0.25,0,2025-05-01 14:45:40,780.38,0.14
5,running,60,0.29,568,2025-05-01 14:45:40,690.87,0.15
6,running,160.72,0.47,1357,2025-05-01 14:45:40,767.91,0.13
7,running,122.47,0.9,0,2025-05-01 14:45:40,677.28,0.14
8,running,92.89,0.9,0,2025-05-01 14:45:40,673.32,0.15
9,idle,60.0,0.2,0,2025-05-01 14:45:40,702.39,0.17
10,running,239.96,0.73,630,2025-05-01 14:45:40,693.88,0.16
1,running,106.11,0.28,582,2025-05-01 14:45:50,749.68,0.13
2,running,89.83,0.68,0,2025-05-01 14:45:50,730.99,0.15
3,running,146.98,0.54,787,2025-05-01 14:45:50,746.41,0.16
4,running,80.58,0.47,599,2025-05-01 14:45:50,780.38,0.14
5,running,127.3,0.41,0,2025-05-01 14:45:50,690.87,0.15
6,running,120.42,0.56,581,2025-05-01 14:45:50,767.92,0.14
7,running,79.88,0.9,735,2025-05-01 14:45:50,677.28,0.14
8,running,60,0.88,16,2025-05-01 14:45:50,673.32,0.15
9,running,103.45,0.69,11,2025-05-01 14:45:50,702.39,0.17
10,running,215.94,0.9,406,2025-05-01 14:45:50,693.88,0.16
1,running,159.52,0.7,1197,2025-05-01 14:46:00,749.68,0.13
2,running,79.18,0.9,0,2025-05-01 14:46:00,731.0,0.16
3,idle,60.0,0.2,0,2025-05-01 14:46:00,746.41,0.16
4,running,116.94,0.51,797,2025-05-01 14:46:00,780.38,0.14
5,running,136.22,0.41,845,2025-05-01 14:46:00,690.87,0.15
6,running,220.2,0.9,809,2025-05-01 14:46:00,767.92,0.14
7,running,68.5,0.9,1429,2025-05-01 14:46:00,677.29,0.15
8,running,137.65,0.89,0,2025-05-01 14:46:00,673.32,0.15
9,running,120.49,0.85,509,2025-05-01 14:46:00,702.39,0.17
10,running,222.37,0.9,20,2025-05-01 14:46:00,693.88,0.16
1,running,245.56,0.9,1084,2025-05-01 14:46:10,749.69,0.14
2,running,104.9,0.9,914,2025-05-01 14:46:10,731.0,0.16
3,running,98.9,0.67,428,2025-05-01 14:46:10,746.41,0.16
4,running,214.52,0.87,936,2025-05-01 14:46:10,780.38,0.14
5,idle,60.0,0.2,0,2025-05-01 14:46:10,690.87,0.15
6,running,279.2,0.9,0,2025-05-01 14:46:10,767.92,0.14
7,running,60,0.9,981,2025-05-01 14:46:10,677.29,0.15
8,idle,60.0,0.2,0,2025-05-01 14:46:10,673.32,0.15
9,running,177.83,0.9,849,2025-05-01 14:46:10,702.39,0.17
10,idle,60.0,0.2,0,2025-05-01 14:46:10,693.88,0.16
1,running,286.38,0.9,1026,2025-05-01 14:46:20,749.69,0.14
2,running,116.4,0.9,153,2025-05-01 14:46:20,731.0,0.16
3,running,190.34,0.9,0,2025-05-01 14:46:20,746.42,0.17
4,running,300,0.9,471,2025-05-01 14:46:20,780.39,0.15
5,running,141.51,0.15,880,2025-05-01 14:46:20,690.88,0.16
6,running,300,0.9,453,2025-05-01 14:46:20,767.92,0.14
7,running,60,0.9,392,2025-05-01 14:46:20,677.29,0.15
8,idle,60.0,0.2,0,2025-05-01 14:46:20,673.32,0.15
9,idle,60.0,0.2,0,2025-05-01 14:46:20,702.39,0.17
10,running,61.64,0.6,0,2025-05-01 14:46:20,693.88,0.16
1,running,260.9,0.9,363,2025-05-01 14:46:30,749.69,0.14
2,running,78.66,0.9,958,2025-05-01 14:46:30,731.0,0.16
3,running,237.96,0.87,0,2025-05-01 14:46:30,746.42,0.17
4,running,300,0.87,0,2025-05-01 14:46:30,780.39,0.15
5,running,238.19,0.47,948,2025-05-01 14:46:30,690.88,0.16
6,running,260.94,0.9,0,2025-05-01 14:46:30,767.93,0.15
7,running,76.88,0.9,0,2025-05-01 14:46:30,677.3,0.16
8,running,73.36,0.63,0,2025-05-01 14:46:30,673.33,0.16
9,running,60,0.37,145,2025-05-01 14:46:30,702.4,0.18
10,running,138.83,0.9,193,2025-05-01 14:46:30,693.89,0.17
1,running,300,0.9,73,2025-05-01 14:46:40,749.69,0.14
2,running,145.54,0.9,233,2025-05-01 14:46:40,731.01,0.17
3,running,191.73,0.9,880,2025-05-01 14:46:40,746.42,0.17
4,idle,60.0,0.2,0,2025-05-01 14:46:40,780.39,0.15
5,running,248.72,0.9,867,2025-05-01 14:46:40,690.88,0.16
6,running,300,0.9,0,2025-05-01 14:46:40,767.93,0.15
7,running,145.96,0.9,688,2025-05-01 14:46:40,677.3,0.16
8,running,60,0.81,69,2025-05-01 14:46:40,673.33,0.16
9,running,108.09,0.72,84,2025-05-01 14:46:40,702.4,0.18
10,running,197.35,0.9,1034,2025-05-01 14:46:40,693.89,0.17
1,running,300,0.9,0,2025-05-01 14:46:50,749.7,0.15
2,running,121.11,0.9,724,2025-05-01 14:46:50,731.01,0.17
3,running,219.81,0.9,328,2025-05-01 14:46:50,746.42,0.17
4,error,60.0,0.2,0,2025-05-01 14:46:50,780.39,0.15
5,running,199.12,0.9,1429,2025-05-01 14:46:50,690.88,0.16
6,running,300,0.9,894,2025-05-01 14:46:50,767.93,0.15
7,running,157.95,0.9,1389,2025-05-01 14:46:50,677.3,0.16
8,running,113.03,0.9,0,2025-05-01 14:46:50,673.33,0.16
9,running,192.39,0.9,516,2025-05-01 14:46:50,702.4,0.18
10,running,230.54,0.9,923,2025-05-01 14:46:50,693.89,0.17
1,running,300,0.9,0,2025-05-01 14:47:00,749.7,0.15
2,running,198.59,0.9,257,2025-05-01 14:47:00,731.01,0.17
3,error,60.0,0.2,0,2025-05-01 14:47:00,746.42,0.17
4,running,158.25,0.55,0,2025-05-01 14:47:00,780.39,0.15
5,running,154.37,0.9,1677,2025-05-01 14:47:00,690.89,0.17
6,running,278.42,0.9,1455,2025-05-01 14:47:00,767.94,0.16
7,idle,60.0,0.2,0,2025-05-01 14:47:00,677.3,0.16
8,running,129.54,0.9,442,2025-05-01 14:47:00,673.33,0.16
9,running,178.99,0.87,539,2025-05-01 14:47:00,702.41,0.19
10,running,252.31,0.9,1349,2025-05-01 14:47:00,693.89,0.17
1,running,270.5,0.9,739,2025-05-01 14:47:10,749.7,0.15
2,running,268.49,0.9,0,2025-05-01 14:47:10,731.01,0.17
3,running,60,0.52,0,2025-05-01 14:47:10,746.43,0.18
4,idle,60.0,0.2,0,2025-05-01 14:47:10,780.39,0.15
5,running,147.87,0.9,929,2025-05-01 14:47:10,690.89,0.17
6,running,269.73,0.9,523,2025-05-01 14:47:10,767.94,0.16
7,running,60,0.28,839,2025-05-01 14:47:10,677.3,0.16
8,running,104.07,0.9,619,2025-05-01 14:47:10,673.34,0.17
9,running,221.39,0.87,0,2025-05-01 14:47:10,702.41,0.19
10,running,300,0.85,1273,2025-05-01 14:47:10,693.9,0.18
1,running,284.22,0.9,1636,2025-05-01 14:47:20,749.71,0.16
2,running,300,0.9,362,2025-05-01 14:47:20,731.02,0.18
3,running,60,0.65,715,2025-05-01 14:47:20,746.43,0.18
4,running,155.41,0.42,593,2025-05-01 14:47:20,780.4,0.16
5,running,113.84,0.9,1499,2025-05-01 14:47:20,690.89,0.17
6,running,235.3,0.9,1315,2025-05-01 14:47:20,767.94,0.16
7,running,101.83,0.74,672,2025-05-01 14:47:20,677.31,0.17
8,running,64.3,0.9,1255,2025-05-01 14:47:20,673.34,0.17
9,running,197.41,0.9,940,2025-05-01 14:47:20,702.41,0.19
10,running,300,0.9,374,2025-05-01 14:47:20,693.9,0.18
1,running,270.05,0.9,1938,2025-05-01 14:47:30,749.71,0.16
2,running,296.66,0.9,1207,2025-05-01 14:47:30,731.02,0.18
3,idle,60.0,0.2,0,2025-05-01 14:47:30,746.43,0.18
4,running,169.61,0.69,0,2025-05-01 14:47:30,780.4,0.16
5,running,175.6,0.9,1919,2025-05-01 14:47:30,690.89,0.17
6,running,300,0.9,1393,2025-05-01 14:47:30,767.94,0.16
7,running,130.19,0.9,1229,2025-05-01 14:47:30,677.31,0.17
8,running,74.19,0.9,2096,2025-05-01 14:47:30,673.34,0.17
9,running,186.54,0.9,0,2025-05-01 14:47:30,702.41,0.19
10,idle,60.0,0.2,0,2025-05-01 14:47:30,693.9,0.18
1,running,300,0.9,2350,2025-05-01 14:47:40,749.71,0.16
2,running,274.0,0.9,1374,2025-05-01 14:47:40,731.02,0.18
3,running,60,0.64,562,2025-05-01 14:47:40,746.43,0.18
4,running,200.78,0.9,741,2025-05-01 14:47:40,780.4,0.16
5,running,133.27,0.9,2382,2025-05-01 14:47:40,690.9,0.18
6,running,251.96,0.9,1812,2025-05-01 14:47:40,767.95,0.17
7,running,224.9,0.9,878,2025-05-01 14:47:40,677.31,0.17
8,running,84.05,0.9,1980,2025-05-01 14:47:40,673.34,0.17
9,running,188.91,0.9,633,2025-05-01 14:47:40,702.42,0.2
10,idle,60.0,0.2,0,2025-05-01 14:47:40,693.9,0.18
1,running,278.11,0.9,1482,2025-05-01 14:47:50,749.71,0.16
2,idle,60.0,0.2,0,2025-05-01 14:47:50,731.02,0.18
3,running,106.97,0.75,1133,2025-05-01 14:47:50,746.44,0.19
4,idle,60.0,0.2,0,2025-05-01 14:47:50,780.4,0.16
5,running,96.15,0.9,2058,2025-05-01 14:47:50,690.9,0.18
6,running,300,0.9,1250,2025-05-01 14:47:50,767.95,0.17
7,running,293.79,0.9,1752,2025-05-01 14:47:50,677.31,0.17
8,running,169.56,0.9,1586,2025-05-01 14:47:50,673.35,0.18
9,running,248.55,0.9,305,2025-05-01 14:47:50,702.42,0.2
10,running,142.19,0.17,462,2025-05-01 14:47:50,693.9,0.18
1,running,300,0.9,2093,2025-05-01 14:48:00,749.72,0.17
2,running,71.47,0.34,0,2025-05-01 14:48:00,731.03,0.19
3,running,127.4,0.87,1962,2025-05-01 14:48:00,746.44,0.19
4,idle,60.0,0.2,0,2025-05-01 14:48:00,780.4,0.16
5,running,60,0.9,1622,2025-05-01 14:48:00,690.9,0.18
6,idle,60.0,0.2,0,2025-05-01 14:48:00,767.95,0.17
7,running,281.38,0.9,1243,2025-05-01 14:48:00,677.32,0.18
8,running,234.26,0.9,1912,2025-05-01 14:48:00,673.35,0.18
9,running,228.61,0.9,530,2025-05-01 14:48:00,702.42,0.2
10,idle,60.0,0.2,0,2025-05-01 14:48:00,693.9,0.18
1,running,295.14,0.9,2906,2025-05-01 14:48:10,749.72,0.17
2,running,142.77,0.3,0,2025-05-01 14:48:10,731.03,0.19
3,running,100.13,0.9,2141,2025-05-01 14:48:10,746.44,0.19
4,running,128.05,0.34,322,2025-05-01 14:48:10,780.4,0.16
5,running,88.85,0.9,1617,2025-05-01 14:48:10,690.91,0.19
6,running,158.89,0.67,0,2025-05-01 14:48:10,767.95,0.17
7,idle,60.0,0.2,0,2025-05-01 14:48:10,677.32,0.18
8,running,278.49,0.89,1961,2025-05-01 14:48:10,673.35,0.18
9,running,235.84,0.9,998,2025-05-01 14:48:10,702.43,0.21
10,running,98.83,0.59,0,2025-05-01 14:48:10,693.91,0.19
1,running,270.35,0.9,3179,2025-05-01 14:48:20,749.72,0.17
2,running,109.82,0.36,333,2025-05-01 14:48:20,731.03,0.19
3,running,97.99,0.9,2009,2025-05-01 14:48:20,746.44,0.19
4,running,142.04,0.47,757,2025-05-01 14:48:20,780.41,0.17
5,running,78.98,0.86,1658,2025-05-01 14:48:20,690.91,0.19
6,running,133.66,0.8,387,2025-05-01 14:48:20,767.95,0.17
7,running,87.98,0.4,791,2025-05-01 14:48:20,677.32,0.18
8,running,300,0.9,2540,2025-05-01 14:48:20,673.36,0.19
9,running,282.28,0.9,1021,2025-05-01 14:48:20,702.43,0.21
10,running,77.74,0.8,946,2025-05-01 14:48:20,693.91,0.19
1,running,300,0.9,2369,2025-05-01 14:48:30,749.72,0.17
2,running,152.51,0.65,101,2025-05-01 14:48:30,731.03,0.19
3,running,123.44,0.9,2035,2025-05-01 14:48:30,746.45,0.2
4,running,238.12,0.64,1719,2025-05-01 14:48:30,780.41,0.17
5,running,170.68,0.85,1224,2025-05-01 14:48:30,690.91,0.19
6,running,178.4,0.84,0,2025-05-01 14:48:30,767.96,0.18
7,running,111.49,0.69,1280,2025-05-01 14:48:30,677.32,0.18
8,running,265.73,0.9,2647,2025-05-01 14:48:30,673.36,0.19
9,running,300,0.9,1546,2025-05-01 14:48:30,702.43,0.21
10,running,150.97,0.9,11,2025-05-01 14:48:30,693.91,0.19
1,running,291.76,0.9,2531,2025-05-01 14:48:40,749.73,0.18
2,running,138.84,0.9,0,2025-05-01 14:48:40,731.04,0.2
3,idle,60.0,0.2,0,2025-05-01 14:48:40,746.45,0.2
4,running,300,0.72,725,2025-05-01 14:48:40,780.41,0.17
5,running,175.34,0.9,322,2025-05-01 14:48:40,690.91,0.19
6,running,199.81,0.83,0,2025-05-01 14:48:40,767.96,0.18
7,running,179.66,0.9,1891,2025-05-01 14:48:40,677.33,0.19
8,idle,60.0,0.2,0,2025-05-01 14:48:40,673.36,0.19
9,idle,60.0,0.2,0,2025-05-01 14:48:40,702.43,0.21
10,running,221.99,0.87,0,2025-05-01 14:48:40,693.91,0.19
1,running,294.94,0.9,1855,2025-05-01 14:48:50,749.73,0.18
2,running,92.15,0.9,0,2025-05-01 14:48:50,731.04,0.2
3,running,60,0.18,0,2025-05-01 14:48:50,746.45,0.2
4,running,300,0.9,1013,2025-05-01 14:48:50,780.41,0.17
5,running,185.15,0.9,0,2025-05-01 14:48:50,690.92,0.2
6,running,226.5,0.9,0,2025-05-01 14:48:50,767.96,0.18
7,running,278.03,0.9,2529,2025-05-01 14:48:50,677.33,0.19
8,running,129.36,0.65,0,2025-05-01 14:48:50,673.36,0.19
9,running,69.33,0.49,0,2025-05-01 14:48:50,702.43,0.21
10,running,300,0.9,954,2025-05-01 14:48:50,693.92,0.2
1,running,300,0.9,2709,2025-05-01 14:49:00,749.73,0.18
2,running,119.19,0.9,233,2025-05-01 14:49:00,731.04,0.2
3,running,157.08,0.22,852,2025-05-01 14:49:00,746.45,0.2
4,running,300,0.9,1508,2025-05-01 14:49:00,780.42,0.18
5,idle,60.0,0.2,0,2025-05-01 14:49:00,690.92,0.2
6,idle,60.0,0.2,0,2025-05-01 14:49:00,767.96,0.18
7,running,300,0.9,1934,2025-05-01 14:49:00,677.33,0.19
8,running,88.36,0.9,807,2025-05-01 14:49:00,673.36,0.19
9,running,60,0.8,458,2025-05-01 14:49:00,702.44,0.22
10,running,300,0.9,1941,2025-05-01 14:49:00,693.92,0.2
1,running,262.1,0.9,2772,2025-05-01 14:49:10,749.74,0.19
2,idle,60.0,0.2,0,2025-05-01 14:49:10,731.04,0.2
3,idle,60.0,0.2,0,2025-05-01 14:49:10,746.45,0.2
4,running,296.33,0.9,1831,2025-05-01 14:49:10,780.42,0.18
5,running,108.11,0.4,702,2025-05-01 14:49:10,690.92,0.2
6,running,112.67,0.43,373,2025-05-01 14:49:10,767.97,0.19
7,running,300,0.9,1426,2025-05-01 14:49:10,677.33,0.19
8,running,118.4,0.9,1557,2025-05-01 14:49:10,673.37,0.2
9,running,60,0.9,281,2025-05-01 14:49:10,702.44,0.22
10,idle,60.0,0.2,0,2025-05-01 14:49:10,693.92,0.2
1,running,279.19,0.9,3729,2025-05-01 14:49:20,749.74,0.19
2,idle,60.0,0.2,0,2025-05-01 14:49:20,731.04,0.2
3,idle,60.0,0.2,0,2025-05-01 14:49:20,746.45,0.2
4,idle,60.0,0.2,0,2025-05-01 14:49:20,780.42,0.18
5,running,101.91,0.37,1690,2025-05-01 14:49:20,690.92,0.2
6,running,125.15,0.63,554,2025-05-01 14:49:20,767.97,0.19
7,running,274.84,0.9,1629,2025-05-01 14:49:20,677.34,0.2
8,running,154.25,0.85,1591,2025-05-01 14:49:20,673.37,0.2
9,error,60.0,0.2,0,2025-05-01 14:49:20,702.44,0.22
10,running,111.85,0.63,0,2025-05-01 14:49:20,693.92,0.2
1,running,300,0.9,3034,2025-05-01 14:49:30,749.74,0.19
2,running,70.28,0.36,0,2025-05-01 14:49:30,731.05,0.21
3,running,75.25,0.63,725,2025-05-01 14:49:30,746.46,0.21
4,idle,60.0,0.2,0,2025-05-01 14:49:30,780.42,0.18
5,running,87.84,0.7,792,2025-05-01 14:49:30,690.93,0.21
6,running,83.82,0.76,0,2025-05-01 14:49:30,767.97,0.19
7,running,278.15,0.9,1244,2025-05-01 14:49:30,677.34,0.2
8,running,215.31,0.89,1133,2025-05-01 14:49:30,673.37,0.2
9,error,60.0,0.2,0,2025-05-01 14:49:30,702.44,0.22
10,running,106.81,0.72,0,2025-05-01 14:49:30,693.93,0.21
1,running,300,0.86,3544,2025-05-01 14:49:40,749.74,0.19
2,running,81.89,0.42,873,2025-05-01 14:49:40,731.05,0.21
3,running,60,0.73,593,2025-05-01 14:49:40,746.46,0.21
4,running,114.03,0.62,0,2025-05-01 14:49:40,780.42,0.18
5,running,159.67,0.9,304,2025-05-01 14:49:40,690.93,0.21
6,running,170.78,0.9,0,2025-05-01 14:49:40,767.97,0.19
7,running,257.8,0.9,2226,2025-05-01 14:49:40,677.34,0.2
8,idle,60.0,0.2,0,2025-05-01 14:49:40,673.37,0.2
9,running,72.16,0.2,0,2025-05-01 14:49:40,702.44,0.22
10,idle,60.0,0.2,0,2025-05-01 14:49:40,693.93,0.21
1,running,300,0.85,2721,2025-05-01 14:49:50,749.75,0.2
2,running,71.43,0.85,1288,2025-05-01 14:49:50,731.05,0.21
3,running,94.54,0.9,1141,2025-05-01 14:49:50,746.46,0.21
4,running,177.11,0.77,0,2025-05-01 14:49:50,780.43,0.19
5,idle,60.0,0.2,0,2025-05-01 14:49:50,690.93,0.21
6,running,196.19,0.9,246,2025-05-01 14:49:50,767.98,0.2
7,idle,60.0,0.2,0,2025-05-01 14:49:50,677.34,0.2
8,running,67.09,0.35,0,2025-05-01 14:49:50,673.38,0.21
9,running,120.83,0.18,0,2025-05-01 14:49:50,702.44,0.22
10,running,60,0.45,794,2025-05-01 14:49:50,693.93,0.21
1,running,300,0.9,2707,2025-05-01 14:50:00,749.75,0.2
2,running,96.88,0.9,641,2025-05-01 14:50:00,731.05,0.21
3,running,189.67,0.9,1210,2025-05-01 14:50:00,746.46,0.21
4,error,60.0,0.2,0,2025-05-01 14:50:00,780.43,0.19
5,idle,60.0,0.2,0,2025-05-01 14:50:00,690.93,0.21
6,running,294.12,0.9,609,2025-05-01 14:50:00,767.98,0.2
7,running,121.12,0.5,0,2025-05-01 14:50:00,677.35,0.21
8,running,60,0.83,505,2025-05-01 14:50:00,673.38,0.21
9,idle,60.0,0.2,0,2025-05-01 14:50:00,702.44,0.22
10,running,105.39,0.46,1624,2025-05-01 14:50:00,693.93,0.21
1,running,300,0.9,3513,2025-05-01 14:50:10,749.75,0.2
2,running,184.14,0.9,0,2025-05-01 14:50:10,731.06,0.22
3,running,156.33,0.9,267,2025-05-01 14:50:10,746.47,0.22
4,running,60,0.38,0,2025-05-01 14:50:10,780.43,0.19
5,idle,60.0,0.2,0,2025-05-01 14:50:10,690.93,0.21
6,running,289.0,0.9,1351,2025-05-01 14:50:10,767.98,0.2
7,idle,60.0,0.2,0,2025-05-01 14:50:10,677.35,0.21
8,running,129.39,0.9,1443,2025-05-01 14:50:10,673.38,0.21
9,running,60,0.28,479,2025-05-01 14:50:10,702.45,0.23
10,running,150.34,0.9,1258,2025-05-01 14:50:10,693.93,0.21
1,running,300,0.87,2928,2025-05-01 14:50:20,749.76,0.21
2,running,164.59,0.9,365,2025-05-01 14:50:20,731.06,0.22
3,running,255.03,0.9,20,2025-05-01 14:50:20,746.47,0.22
4,running,121.9,0.87,0,2025-05-01 14:50:20,780.43,0.19
5,running,120.9,0.53,0,2025-05-01 14:50:20,690.93,0.21
6,running,300,0.9,2044,2025-05-01 14:50:20,767.99,0.21
7,running,102.12,0.38,0,2025-05-01 14:50:20,677.35,0.21
8,running,115.85,0.9,1236,2025-05-01 14:50:20,673.38,0.21
9,running,156.68,0.7,457,2025-05-01 14:50:20,702.45,0.23
10,running,237.05,0.9,1793,2025-05-01 14:50:20,693.94,0.22
1,running,300,0.9,2339,2025-05-01 14:50:30,749.76,0.21
2,running,193.18,0.9,0,2025-05-01 14:50:30,731.06,0.22
3,running,208.13,0.9,0,2025-05-01 14:50:30,746.47,0.22
4,running,192.81,0.9,664,2025-05-01 14:50:30,780.43,0.19
5,running,141.06,0.59,243,2025-05-01 14:50:30,690.93,0.21
6,running,254.43,0.9,2812,2025-05-01 14:50:30,767.99,0.21
7,running,120.41,0.55,0,2025-05-01 14:50:30,677.35,0.21
8,running,212.92,0.9,551,2025-05-01 14:50:30,673.39,0.22
9,running,136.46,0.89,465,2025-05-01 14:50:30,702.45,0.23
10,running,214.7,0.87,2435,2025-05-01 14:50:30,693.94,0.22
1,running,259.11,0.9,2439,2025-05-01 14:50:40,749.76,0.21
2,running,240.67,0.9,0,2025-05-01 14:50:40,731.06,0.22
3,running,246.47,0.9,913,2025-05-01 14:50:40,746.47,0.22
4,running,208.82,0.9,138,2025-05-01 14:50:40,780.44,0.2
5,idle,60.0,0.2,0,2025-05-01 14:50:40,690.93,0.21
6,error,60.0,0.2,0,2025-05-01 14:50:40,767.99,0.21
7,running,92.09,0.67,636,2025-05-01 14:50:40,677.35,0.21
8,running,205.22,0.9,837,2025-05-01 14:50:40,673.39,0.22
9,idle,60.0,0.2,0,2025-05-01 14:50:40,702.45,0.23
10,running,289.7,0.9,2034,2025-05-01 14:50:40,693.94,0.22
1,idle,60.0,0.2,0,2025-05-01 14:50:50,749.76,0.21
2,running,282.86,0.9,549,2025-05-01 14:50:50,731.07,0.23
3,running,204.05,0.9,0,2025-05-01 14:50:50,746.48,0.23
4,running,259.02,0.9,163,2025-05-01 14:50:50,780.44,0.2
5,running,132.64,0.54,679,2025-05-01 14:50:50,690.94,0.22
6,running,81.79,0.43,0,2025-05-01 14:50:50,767.99,0.21
7,running,180.57,0.9,1299,2025-05-01 14:50:50,677.36,0.22
8,error,60.0,0.2,0,2025-05-01 14:50:50,673.39,0.22
9,running,97.09,0.18,0,2025-05-01 14:50:50,702.46,0.24
10,idle,60.0,0.2,0,2025-05-01 14:50:50,693.94,0.22
1,running,151.67,0.18,0,2025-05-01 14:51:00,749.76,0.21
2,running,300,0.9,1060,2025-05-01 14:51:00,731.07,0.23
3,running,176.99,0.9,251,2025-05-01 14:51:00,746.48,0.23
4,running,227.4,0.9,0,2025-05-01 14:51:00,780.44,0.2
5,running,195.99,0.9,1217,2025-05-01 14:51:00,690.94,0.22
6,error,60.0,0.2,0,2025-05-01 14:51:00,767.99,0.21
7,running,168.03,0.9,1198,2025-05-01 14:51:00,677.36,0.22
8,running,60,0.64,0,2025-05-01 14:51:00,673.39,0.22
9,running,178.23,0.61,923,2025-05-01 14:51:00,702.46,0.24
10,running,60,0.59,0,2025-05-01 14:51:00,693.94,0.22
1,running,135.69,0.67,952,2025-05-01 14:51:10,749.77,0.22
2,running,300,0.9,1482,2025-05-01 14:51:10,731.07,0.23
3,idle,60.0,0.2,0,2025-05-01 14:51:10,746.48,0.23
4,running,258.76,0.9,494,2025-05-01 14:51:10,780.45,0.21
5,running,198.13,0.9,625,2025-05-01 14:51:10,690.94,0.22
6,idle,60.0,0.2,0,2025-05-01 14:51:10,767.99,0.21
7,running,233.76,0.9,2154,2025-05-01 14:51:10,677.36,0.22
8,running,84.89,0.65,660,2025-05-01 14:51:10,673.39,0.22
9,running,216.43,0.82,572,2025-05-01 14:51:10,702.46,0.24
10,running,60,0.9,0,2025-05-01 14:51:10,693.95,0.23
1,running,150.81,0.9,426,2025-05-01 14:51:20,749.77,0.22
2,running,296.6,0.9,611,2025-05-01 14:51:20,731.08,0.24
3,running,60,0.29,0,2025-05-01 14:51:20,746.48,0.23
4,running,286.37,0.9,462,2025-05-01 14:51:20,780.45,0.21
5,running,211.18,0.9,163,2025-05-01 14:51:20,690.94,0.22
6,error,60.0,0.2,0,2025-05-01 14:51:20,767.99,0.21
7,running,246.15,0.9,1828,2025-05-01 14:51:20,677.36,0.22
8,running,61.27,0.75,606,2025-05-01 14:51:20,673.4,0.23
9,running,270.07,0.9,1022,2025-05-01 14:51:20,702.46,0.24
10,idle,60.0,0.2,0,2025-05-01 14:51:20,693.95,0.23
1,running,190.81,0.9,415,2025-05-01 14:51:31,749.77,0.22
2,running,296.79,0.9,0,2025-05-01 14:51:31,731.08,0.24
3,running,60,0.69,204,2025-05-01 14:51:31,746.49,0.24
4,running,297.81,0.9,10,2025-05-01 14:51:31,780.45,0.21
5,running,293.57,0.9,455,2025-05-01 14:51:31,690.95,0.23
6,running,115.58,0.21,0,2025-05-01 14:51:31,767.99,0.21
7,idle,60.0,0.2,0,2025-05-01 14:51:31,677.36,0.22
8,running,93.66,0.9,559,2025-05-01 14:51:31,673.4,0.23
9,error,60.0,0.2,0,2025-05-01 14:51:31,702.46,0.24
10,running,61.05,0.21,216,2025-05-01 14:51:31,693.95,0.23
1,running,191.35,0.9,1282,2025-05-01 14:51:41,749.77,0.22
2,running,300,0.9,392,2025-05-01 14:51:41,731.08,0.24
3,idle,60.0,0.2,0,2025-05-01 14:51:41,746.49,0.24
4,running,300,0.9,407,2025-05-01 14:51:41,780.45,0.21
5,running,300,0.9,1429,2025-05-01 14:51:41,690.95,0.23
6,running,68.74,0.48,913,2025-05-01 14:51:41,768.0,0.22
7,running,68.06,0.46,0,2025-05-01 14:51:41,677.37,0.23
8,running,63.54,0.9,818,2025-05-01 14:51:41,673.4,0.23
9,idle,60.0,0.2,0,2025-05-01 14:51:41,702.46,0.24
10,running,60,0.32,0,2025-05-01 14:51:41,693.95,0.23
1,running,282.52,0.9,1098,2025-05-01 14:51:51,749.78,0.23
2,running,300,0.9,1368,2025-05-01 14:51:51,731.08,0.24
3,running,91.53,0.41,0,2025-05-01 14:51:51,746.49,0.24
4,idle,60.0,0.2,0,2025-05-01 14:51:51,780.45,0.21
5,error,60.0,0.2,0,2025-05-01 14:51:51,690.95,0.23
6,running,84.84,0.47,859,2025-05-01 14:51:51,768.0,0.22
7,running,147.11,0.9,0,2025-05-01 14:51:51,677.37,0.23
8,running,60,0.9,107,2025-05-01 14:51:51,673.41,0.24
9,running,84.64,0.23,373,2025-05-01 14:51:51,702.47,0.25
10,running,60,0.52,507,2025-05-01 14:51:51,693.96,0.24
1,running,253.56,0.9,1299,2025-05-01 14:52:01,749.78,0.23
2,idle,60.0,0.2,0,2025-05-01 14:52:01,731.08,0.24
3,running,93.5,0.89,41,2025-05-01 14:52:01,746.49,0.24
4,running,151.65,0.4,0,2025-05-01 14:52:01,780.46,0.22
5,running,60,0.15,0,2025-05-01 14:52:01,690.95,0.23
6,idle,60.0,0.2,0,2025-05-01 14:52:01,768.0,0.22
7,running,231.95,0.9,0,2025-05-01 14:52:01,677.37,0.23
8,running,138.02,0.9,0,2025-05-01 14:52:01,673.41,0.24
9,running,151.56,0.21,0,2025-05-01 14:52:01,702.47,0.25
10,running,99.04,0.78,331,2025-05-01 14:52:01,693.96,0.24
1,running,289.21,0.9,2038,2025-05-01 14:52:11,749.78,0.23
2,running,60,0.68,831,2025-05-01 14:52:11,731.09,0.25
3,idle,60.0,0.2,0,2025-05-01 14:52:11,746.49,0.24
4,running,230.27,0.43,670,2025-05-01 14:52:11,780.46,0.22
5,running,76.15,0.29,294,2025-05-01 14:52:11,690.96,0.24
6,running,120.2,0.6,0,2025-05-01 14:52:11,768.0,0.22
7,idle,60.0,0.2,0,2025-05-01 14:52:11,677.37,0.23
8,running,124.67,0.9,0,2025-05-01 14:52:11,673.41,0.24
9,running,164.82,0.3,67,2025-05-01 14:52:11,702.47,0.25
10,running,60,0.74,0,2025-05-01 14:52:11,693.96,0.24
1,running,300,0.9,2225,2025-05-01 14:52:21,749.79,0.24
2,idle,60.0,0.2,0,2025-05-01 14:52:21,731.09,0.25
3,running,60,0.67,0,2025-05-01 14:52:21,746.49,0.24
4,running,182.5,0.58,474,2025-05-01 14:52:21,780.46,0.22
5,idle,60.0,0.2,0,2025-05-01 14:52:21,690.96,0.24
6,running,163.75,0.9,0,2025-05-01 14:52:21,768.0,0.22
7,idle,60.0,0.2,0,2025-05-01 14:52:21,677.37,0.23
8,error,60.0,0.2,0,2025-05-01 14:52:21,673.41,0.24
9,running,141.7,0.78,710,2025-05-01 14:52:21,702.48,0.26
10,running,114.91,0.9,537,2025-05-01 14:52:21,693.96,0.24
1,error,60.0,0.2,0,2025-05-01 14:52:31,749.79,0.24
2,error,60.0,0.2,0,2025-05-01 14:52:31,731.09,0.25
3,running,84.92,0.73,530,2025-05-01 14:52:31,746.5,0.25
4,running,197.27,0.63,0,2025-05-01 14:52:31,780.46,0.22
5,running,60,0.59,366,2025-05-01 14:52:31,690.96,0.24
6,running,219.16,0.9,0,2025-05-01 14:52:31,768.01,0.23
7,error,60.0,0.2,0,2025-05-01 14:52:31,677.37,0.23
8,running,60,0.15,0,2025-05-01 14:52:31,673.41,0.24
9,running,167.53,0.9,1486,2025-05-01 14:52:31,702.48,0.26
10,running,181.95,0.9,0,2025-05-01 14:52:31,693.97,0.25
1,running,143.69,0.27,0,2025-05-01 14:52:41,749.79,0.24
2,running,143.87,0.48,28,2025-05-01 14:52:41,731.09,0.25
3,running,158.99,0.84,594,2025-05-01 14:52:41,746.5,0.25
4,idle,60.0,0.2,0,2025-05-01 14:52:41,780.46,0.22
5,running,104.89,0.9,705,2025-05-01 14:52:41,690.96,0.24
6,running,201.1,0.9,494,2025-05-01 14:52:41,768.01,0.23
7,running,60,0.31,0,2025-05-01 14:52:41,677.38,0.24
8,running,60,0.59,975,2025-05-01 14:52:41,673.42,0.25
9,running,223.47,0.9,2437,2025-05-01 14:52:41,702.48,0.26
10,running,272.51,0.9,0,2025-05-01 14:52:41,693.97,0.25
1,running,155.55,0.69,296,2025-05-01 14:52:51,749.79,0.24
2,running,169.35,0.84,654,2025-05-01 14:52:51,731.09,0.25
3,idle,60.0,0.2,0,2025-05-01 14:52:51,746.5,0.25
4,running,115.58,0.69,0,2025-05-01 14:52:51,780.47,0.23
5,running,148.77,0.9,1262,2025-05-01 14:52:51,690.96,0.24
6,running,200.19,0.9,963,2025-05-01 14:52:51,768.01,0.23
7,running,60,0.77,560,2025-05-01 14:52:51,677.38,0.24
8,running,65.63,0.9,1479,2025-05-01 14:52:51,673.42,0.25
9,running,236.69,0.9,1476,2025-05-01 14:52:51,702.48,0.26
10,running,300,0.9,934,2025-05-01 14:52:51,693.97,0.25
1,idle,60.0,0.2,0,2025-05-01 14:53:01,749.79,0.24
2,idle,60.0,0.2,0,2025-05-01 14:53:01,731.09,0.25
3,idle,60.0,0.2,0,2025-05-01 14:53:01,746.5,0.25
4,running,198.64,0.84,0,2025-05-01 14:53:01,780.47,0.23
5,running,121.53,0.9,1213,2025-05-01 14:53:01,690.97,0.25
6,idle,60.0,0.2,0,2025-05-01 14:53:01,768.01,0.23
7,running,64.77,0.9,701,2025-05-01 14:53:01,677.38,0.24
8,idle,60.0,0.2,0,2025-05-01 14:53:01,673.42,0.25
9,error,60.0,0.2,0,2025-05-01 14:53:01,702.48,0.26
10,running,300,0.9,1853,2025-05-01 14:53:01,693.98,0.26
1,running,60,0.54,0,2025-05-01 14:53:11,749.79,0.24
2,running,60,0.67,0,2025-05-01 14:53:11,731.1,0.26
3,running,60,0.22,0,2025-05-01 14:53:11,746.5,0.25
4,running,190.62,0.9,0,2025-05-01 14:53:11,780.47,0.23
5,running,197.8,0.9,943,2025-05-01 14:53:11,690.97,0.25
6,running,152.07,0.35,119,2025-05-01 14:53:11,768.02,0.24
7,running,123.5,0.9,1249,2025-05-01 14:53:11,677.38,0.24
8,running,87.86,0.63,0,2025-05-01 14:53:11,673.42,0.25
9,running,131.65,0.4,0,2025-05-01 14:53:11,702.49,0.27
10,idle,60.0,0.2,0,2025-05-01 14:53:11,693.98,0.26
1,running,118.03,0.52,692,2025-05-01 14:53:21,749.8,0.25
2,running,136.18,0.8,475,2025-05-01 14:53:21,731.1,0.26
3,running,151.69,0.42,0,2025-05-01 14:53:21,746.51,0.26
4,idle,60.0,0.2,0,2025-05-01 14:53:21,780.47,0.23
5,running,279.46,0.9,491,2025-05-01 14:53:21,690.97,0.25
6,running,234.97,0.42,0,2025-05-01 14:53:21,768.02,0.24
7,idle,60.0,0.2,0,2025-05-01 14:53:21,677.38,0.24
8,running,139.19,0.9,0,2025-05-01 14:53:21,673.43,0.26
9,running,181.16,0.5,608,2025-05-01 14:53:21,702.49,0.27
10,running,81.82,0.44,0,2025-05-01 14:53:21,693.98,0.26
1,idle,60.0,0.2,0,2025-05-01 14:53:31,749.8,0.25
2,running,182.5,0.86,915,2025-05-01 14:53:31,731.1,0.26
3,running,206.5,0.59,379,2025-05-01 14:53:31,746.51,0.26
4,running,60,0.68,0,2025-05-01 14:53:31,780.48,0.24
5,running,286.39,0.9,0,2025-05-01 14:53:31,690.98,0.26
6,running,300,0.63,300,2025-05-01 14:53:31,768.02,0.24
7,running,127.68,0.63,215,2025-05-01 14:53:31,677.39,0.25
8,running,160.37,0.9,392,2025-05-01 14:53:31,673.43,0.26
9,running,262.93,0.57,0,2025-05-01 14:53:31,702.49,0.27
10,running,133.22,0.4,107,2025-05-01 14:53:31,693.98,0.26
1,running,60,0.31,791,2025-05-01 14:53:41,749.8,0.25
2,running,163.69,0.81,839,2025-05-01 14:53:41,731.1,0.26
3,running,163.88,0.56,0,2025-05-01 14:53:41,746.51,0.26
4,error,60.0,0.2,0,2025-05-01 14:53:41,780.48,0.24
5,running,300,0.9,475,2025-05-01 14:53:41,690.98,0.26
6,running,300,0.71,0,2025-05-01 14:53:41,768.02,0.24
7,running,86.67,0.9,217,2025-05-01 14:53:41,677.39,0.25
8,running,209.68,0.9,0,2025-05-01 14:53:41,673.43,0.26
9,running,278.18,0.88,0,2025-05-01 14:53:41,702.49,0.27
10,idle,60.0,0.2,0,2025-05-01 14:53:41,693.98,0.26
1,running,60,0.41,1731,2025-05-01 14:53:51,749.8,0.25
2,idle,60.0,0.2,0,2025-05-01 14:53:51,731.1,0.26
3,running,211.4,0.65,513,2025-05-01 14:53:51,746.51,0.26
4,running,60,0.18,418,2025-05-01 14:53:51,780.48,0.24
5,running,300,0.9,1304,2025-05-01 14:53:51,690.98,0.26
6,running,300,0.71,710,2025-05-01 14:53:51,768.03,0.25
7,idle,60.0,0.2,0,2025-05-01 14:53:51,677.39,0.25
8,idle,60.0,0.2,0,2025-05-01 14:53:51,673.43,0.26
9,running,253.41,0.9,0,2025-05-01 14:53:51,702.5,0.28
10,running,60,0.46,469,2025-05-01 14:53:51,693.98,0.26
1,running,100.03,0.68,2065,2025-05-01 14:54:01,749.81,0.26
2,idle,60.0,0.2,0,2025-05-01 14:54:01,731.1,0.26
3,running,255.08,0.66,534,2025-05-01 14:54:01,746.52,0.27
4,running,118.59,0.57,981,2025-05-01 14:54:01,780.48,0.24
5,running,300,0.9,1368,2025-05-01 14:54:01,690.98,0.26
6,running,300,0.9,1660,2025-05-01 14:54:01,768.03,0.25
7,running,95.25,0.2,0,2025-05-01 14:54:01,677.39,0.25
8,running,116.71,0.56,0,2025-05-01 14:54:01,673.43,0.26
9,running,226.85,0.9,769,2025-05-01 14:54:01,702.5,0.28
10,error,60.0,0.2,0,2025-05-01 14:54:01,693.98,0.26
1,running,185.69,0.9,1789,2025-05-01 14:54:11,749.81,0.26
2,running,96.11,0.57,0,2025-05-01 14:54:11,731.11,0.27
3,running,239.37,0.78,1347,2025-05-01 14:54:11,746.52,0.27
4,idle,60.0,0.2,0,2025-05-01 14:54:11,780.48,0.24
5,idle,60.0,0.2,0,2025-05-01 14:54:11,690.98,0.26
6,running,300,0.9,2631,2025-05-01 14:54:11,768.03,0.25
7,running,80.34,0.23,286,2025-05-01 14:54:11,677.4,0.26
8,idle,60.0,0.2,0,2025-05-01 14:54:11,673.43,0.26
9,running,189.68,0.9,1159,2025-05-01 14:54:11,702.5,0.28
10,idle,60.0,0.2,0,2025-05-01 14:54:11,693.98,0.26
1,running,188.77,0.9,1079,2025-05-01 14:54:21,749.81,0.26
2,running,126.3,0.9,561,2025-05-01 14:54:21,731.11,0.27
3,running,300,0.9,2184,2025-05-01 14:54:21,746.52,0.27
4,idle,60.0,0.2,0,2025-05-01 14:54:21,780.48,0.24
5,running,100.97,0.19,0,2025-05-01 14:54:21,690.99,0.27
6,running,300,0.87,1882,2025-05-01 14:54:21,768.04,0.26
7,running,60,0.25,0,2025-05-01 14:54:21,677.4,0.26
8,running,60,0.64,441,2025-05-01 14:54:21,673.44,0.27
9,running,150.91,0.9,936,2025-05-01 14:54:21,702.51,0.29
10,running,124.9,0.48,912,2025-05-01 14:54:21,693.99,0.27
1,idle,60.0,0.2,0,2025-05-01 14:54:31,749.81,0.26
2,running,158.07,0.9,1513,2025-05-01 14:54:31,731.11,0.27
3,running,300,0.9,1223,2025-05-01 14:54:31,746.52,0.27
4,error,60.0,0.2,0,2025-05-01 14:54:31,780.48,0.24
5,running,87.4,0.64,765,2025-05-01 14:54:31,690.99,0.27
6,running,290.15,0.9,1166,2025-05-01 14:54:31,768.04,0.26
7,running,60,0.68,0,2025-05-01 14:54:31,677.4,0.26
8,running,111.94,0.79,841,2025-05-01 14:54:31,673.44,0.27
9,idle,60.0,0.2,0,2025-05-01 14:54:31,702.51,0.29
10,running,107.61,0.9,151,2025-05-01 14:54:31,693.99,0.27
1,running,127.93,0.63,0,2025-05-01 14:54:41,749.81,0.26
2,running,196.63,0.9,547,2025-05-01 14:54:41,731.11,0.27
3,idle,60.0,0.2,0,2025-05-01 14:54:41,746.52,0.27
4,running,104.96,0.33,0,2025-05-01 14:54:41,780.48,0.24
5,running,156.48,0.9,620,2025-05-01 14:54:41,690.99,0.27
6,running,300,0.9,1065,2025-05-01 14:54:41,768.04,0.26
7,running,60,0.9,0,2025-05-01 14:54:41,677.4,0.26
8,running,119.94,0.87,166,2025-05-01 14:54:41,673.44,0.27
9,running,74.87,0.44,812,2025-05-01 14:54:41,702.51,0.29
10,running,75.45,0.9,794,2025-05-01 14:54:41,693.99,0.27
1,running,182.94,0.85,88,2025-05-01 14:54:51,749.82,0.27
2,running,177.45,0.9,713,2025-05-01 14:54:51,731.12,0.28
3,running,61.16,0.37,0,2025-05-01 14:54:51,746.53,0.28
4,running,107.21,0.47,0,2025-05-01 14:54:51,780.49,0.25
5,running,145.2,0.9,114,2025-05-01 14:54:51,690.99,0.27
6,running,290.05,0.9,1719,2025-05-01 14:54:51,768.04,0.26
7,running,118.8,0.9,0,2025-05-01 14:54:51,677.41,0.27
8,idle,60.0,0.2,0,2025-05-01 14:54:51,673.44,0.27
9,idle,60.0,0.2,0,2025-05-01 14:54:51,702.51,0.29
10,running,93.3,0.9,440,2025-05-01 14:54:51,693.99,0.27
1,running,186.71,0.9,0,2025-05-01 14:55:01,749.82,0.27
2,running,256.15,0.9,1532,2025-05-01 14:55:01,731.12,0.28
3,idle,60.0,0.2,0,2025-05-01 14:55:01,746.53,0.28
4,idle,60.0,0.2,0,2025-05-01 14:55:01,780.49,0.25
5,running,145.4,0.9,0,2025-05-01 14:55:01,691.0,0.28
6,error,60.0,0.2,0,2025-05-01 14:55:01,768.04,0.26
7,running,179.03,0.86,0,2025-05-01 14:55:01,677.41,0.27
8,running,152.79,0.22,0,2025-05-01 14:55:01,673.44,0.27
9,running,60,0.31,471,2025-05-01 14:55:01,702.51,0.29
10,running,192.53,0.9,0,2025-05-01 14:55:01,694.0,0.28
1,running,244.62,0.9,267,2025-05-01 14:55:11,749.82,0.27
2,running,283.28,0.9,1630,2025-05-01 14:55:11,731.12,0.28
3,running,80.87,0.23,295,2025-05-01 14:55:11,746.53,0.28
4,running,60,0.53,0,2025-05-01 14:55:11,780.49,0.25
5,running,122.45,0.9,0,2025-05-01 14:55:11,691.0,0.28
6,running,68.49,0.4,0,2025-05-01 14:55:11,768.05,0.27
7,idle,60.0,0.2,0,2025-05-01 14:55:11,677.41,0.27
8,running,227.96,0.66,89,2025-05-01 14:55:11,673.45,0.28
9,running,60,0.69,0,2025-05-01 14:55:11,702.51,0.29
10,running,194.39,0.9,392,2025-05-01 14:55:11,694.0,0.28
1,running,300,0.86,673,2025-05-01 14:55:21,749.82,0.27
2,running,300,0.87,1752,2025-05-01 14:55:21,731.13,0.29
3,idle,60.0,0.2,0,2025-05-01 14:55:21,746.53,0.28
4,running,60,0.48,77,2025-05-01 14:55:21,780.49,0.25
5,running,167.7,0.9,139,2025-05-01 14:55:21,691.0,0.28
6,running,60,0.49,891,2025-05-01 14:55:21,768.05,0.27
7,running,122.93,0.49,605,2025-05-01 14:55:21,677.41,0.27
8,idle,60.0,0.2,0,2025-05-01 14:55:21,673.45,0.28
9,running,112.05,0.9,852,2025-05-01 14:55:21,702.52,0.3
10,running,170.3,0.9,965,2025-05-01 14:55:21,694.0,0.28
1,running,300,0.9,950,2025-05-01 14:55:31,749.83,0.28
2,running,300,0.9,2041,2025-05-01 14:55:31,731.13,0.29
3,error,60.0,0.2,0,2025-05-01 14:55:31,746.53,0.28
4,running,73.45,0.66,0,2025-05-01 14:55:31,780.5,0.26
5,running,234.53,0.9,0,2025-05-01 14:55:31,691.01,0.29
6,running,149.36,0.51,1868,2025-05-01 14:55:31,768.05,0.27
7,running,150.89,0.86,922,2025-05-01 14:55:31,677.41,0.27
8,running,154.11,0.49,444,2025-05-01 14:55:31,673.45,0.28
9,running,176.21,0.9,418,2025-05-01 14:55:31,702.52,0.3
10,error,60.0,0.2,0,2025-05-01 14:55:31,694.0,0.28
1,running,271.7,0.9,252,2025-05-01 14:55:41,749.83,0.28
2,running,300,0.9,2385,2025-05-01 14:55:41,731.13,0.29
3,running,60,0.39,0,2025-05-01 14:55:41,746.53,0.28
4,running,139.59,0.9,793,2025-05-01 14:55:41,780.5,0.26
5,running,261.86,0.9,0,2025-05-01 14:55:41,691.01,0.29
6,running,113.88,0.83,1204,2025-05-01 14:55:41,768.05,0.27
7,idle,60.0,0.2,0,2025-05-01 14:55:41,677.41,0.27
8,running,249.4,0.59,815,2025-05-01 14:55:41,673.45,0.28
9,running,196.72,0.9,75,2025-05-01 14:55:41,702.52,0.3
10,idle,60.0,0.2,0,2025-05-01 14:55:41,694.0,0.28
1,running,256.81,0.9,0,2025-05-01 14:55:51,749.83,0.28
2,running,300,0.9,3234,2025-05-01 14:55:51,731.13,0.29
3,idle,60.0,0.2,0,2025-05-01 14:55:51,746.53,0.28
4,error,60.0,0.2,0,2025-05-01 14:55:51,780.5,0.26
5,running,251.46,0.9,0,2025-05-01 14:55:51,691.01,0.29
6,idle,60.0,0.2,0,2025-05-01 14:55:51,768.05,0.27
7,running,80.5,0.64,42,2025-05-01 14:55:51,677.42,0.28
8,running,207.31,0.55,76,2025-05-01 14:55:51,673.46,0.29
9,running,262.43,0.9,617,2025-05-01 14:55:51,702.53,0.31
10,running,74.27,0.67,170,2025-05-01 14:55:51,694.01,0.29
1,running,283.47,0.9,0,2025-05-01 14:56:01,749.84,0.29
2,running,300,0.9,3934,2025-05-01 14:56:01,731.14,0.3
3,running,100.8,0.26,0,2025-05-01 14:56:01,746.54,0.29
4,running,114.35,0.31,0,2025-05-01 14:56:01,780.5,0.26
5,running,300,0.9,981,2025-05-01 14:56:01,691.01,0.29
6,running,143.39,0.49,439,2025-05-01 14:56:01,768.06,0.28
7,running,178.34,0.77,523,2025-05-01 14:56:01,677.42,0.28
8,running,270.45,0.5,534,2025-05-01 14:56:01,673.46,0.29
9,running,267.45,0.9,0,2025-05-01 14:56:01,702.53,0.31
10,running,171.62,0.79,683,2025-05-01 14:56:01,694.01,0.29
1,running,300,0.9,0,2025-05-01 14:56:11,749.84,0.29
2,idle,60.0,0.2,0,2025-05-01 14:56:11,731.14,0.3
3,idle,60.0,0.2,0,2025-05-01 14:56:11,746.54,0.29
4,running,108.47,0.45,354,2025-05-01 14:56:11,780.5,0.26
5,running,299.76,0.88,6,2025-05-01 14:56:11,691.02,0.3
6,running,193.86,0.72,379,2025-05-01 14:56:11,768.06,0.28
7,running,267.81,0.9,816,2025-05-01 14:56:11,677.42,0.28
8,error,60.0,0.2,0,2025-05-01 14:56:11,673.46,0.29
9,idle,60.0,0.2,0,2025-05-01 14:56:11,702.53,0.31
10,running,189.16,0.87,606,2025-05-01 14:56:11,694.01,0.29
1,running,297.94,0.9,0,2025-05-01 14:56:21,749.84,0.29
2,running,124.29,0.43,502,2025-05-01 14:56:21,731.14,0.3
3,running,60,0.15,842,2025-05-01 14:56:21,746.54,0.29
4,running,151.08,0.77,0,2025-05-01 14:56:21,780.51,0.27
5,idle,60.0,0.2,0,2025-05-01 14:56:21,691.02,0.3
6,running,180.82,0.69,163,2025-05-01 14:56:21,768.06,0.28
7,running,250.03,0.9,575,2025-05-01 14:56:21,677.43,0.29
8,running,60,0.22,221,2025-05-01 14:56:21,673.46,0.29
9,running,60,0.2,0,2025-05-01 14:56:21,702.53,0.31
10,running,231.27,0.86,121,2025-05-01 14:56:21,694.01,0.29
1,running,300,0.9,47,2025-05-01 14:56:31,749.84,0.29
2,running,211.45,0.7,1430,2025-05-01 14:56:31,731.14,0.3
3,running,121.01,0.38,553,2025-05-01 14:56:31,746.54,0.29
4,idle,60.0,0.2,0,2025-05-01 14:56:31,780.51,0.27
5,running,60,0.44,0,2025-05-01 14:56:31,691.02,0.3
6,running,170.43,0.77,0,2025-05-01 14:56:31,768.07,0.29
7,running,227.81,0.9,1066,2025-05-01 14:56:31,677.43,0.29
8,error,60.0,0.2,0,2025-05-01 14:56:31,673.46,0.29
9,running,149.64,0.44,0,2025-05-01 14:56:31,702.53,0.31
10,running,220.3,0.9,672,2025-05-01 14:56:31,694.02,0.3
1,running,267.96,0.9,980,2025-05-01 14:56:41,749.85,0.3
2,running,204.75,0.67,2299,2025-05-01 14:56:41,731.15,0.31
3,running,175.9,0.62,124,2025-05-01 14:56:41,746.54,0.29
4,running,60,0.51,617,2025-05-01 14:56:41,780.51,0.27
5,running,60,0.79,981,2025-05-01 14:56:41,691.02,0.3
6,running,219.46,0.89,592,2025-05-01 14:56:41,768.07,0.29
7,running,300,0.9,721,2025-05-01 14:56:41,677.43,0.29
8,running,134.47,0.62,288,2025-05-01 14:56:41,673.46,0.29
9,running,106.96,0.68,0,2025-05-01 14:56:41,702.54,0.32
10,idle,60.0,0.2,0,2025-05-01 14:56:41,694.02,0.3
1,error,60.0,0.2,0,2025-05-01 14:56:51,749.85,0.3
2,running,178.24,0.7,1638,2025-05-01 14:56:51,731.15,0.31
3,running,242.32,0.65,1075,2025-05-01 14:56:51,746.55,0.3
4,running,76.89,0.64,1377,2025-05-01 14:56:51,780.51,0.27
5,running,117.22,0.9,709,2025-05-01 14:56:51,691.03,0.31
6,running,274.03,0.9,77,2025-05-01 14:56:51,768.07,0.29
7,running,300,0.9,406,2025-05-01 14:56:51,677.43,0.29
8,running,177.62,0.71,0,2025-05-01 14:56:51,673.47,0.3
9,error,60.0,0.2,0,2025-05-01 14:56:51,702.54,0.32
10,running,95.22,0.44,742,2025-05-01 14:56:51,694.02,0.3
1,running,116.56,0.45,0,2025-05-01 14:57:01,749.85,0.3
2,idle,60.0,0.2,0,2025-05-01 14:57:01,731.15,0.31
3,running,240.94,0.9,1045,2025-05-01 14:57:01,746.55,0.3
4,idle,60.0,0.2,0,2025-05-01 14:57:01,780.51,0.27
5,running,149.2,0.9,759,2025-05-01 14:57:01,691.03,0.31
6,running,275.46,0.9,0,2025-05-01 14:57:01,768.07,0.29
7,running,288.34,0.9,1079,2025-05-01 14:57:01,677.44,0.3
8,running,224.36,0.68,0,2025-05-01 14:57:01,673.47,0.3
9,running,60,0.26,468,2025-05-01 14:57:01,702.54,0.32
10,running,78.85,0.53,0,2025-05-01 14:57:01,694.02,0.3
1,idle,60.0,0.2,0,2025-05-01 14:57:11,749.85,0.3
2,idle,60.0,0.2,0,2025-05-01 14:57:11,731.15,0.31
3,running,300,0.86,1187,2025-05-01 14:57:11,746.55,0.3
4,running,60,0.32,653,2025-05-01 14:57:11,780.51,0.27
5,running,228.6,0.9,939,2025-05-01 14:57:11,691.03,0.31
6,idle,60.0,0.2,0,2025-05-01 14:57:11,768.07,0.29
7,running,300,0.9,530,2025-05-01 14:57:11,677.44,0.3
8,running,203.04,0.9,0,2025-05-01 14:57:11,673.47,0.3
9,running,158.05,0.33,402,2025-05-01 14:57:11,702.54,0.32
10,running,60,0.65,212,2025-05-01 14:57:11,694.03,0.31
1,running,60,0.6,972,2025-05-01 14:57:21,749.85,0.3
2,running,60,0.57,302,2025-05-01 14:57:21,731.15,0.31
3,running,300,0.9,1394,2025-05-01 14:57:21,746.56,0.31
4,running,131.53,0.39,474,2025-05-01 14:57:21,780.52,0.28
5,running,213.87,0.9,1617,2025-05-01 14:57:21,691.03,0.31
6,running,147.95,0.21,0,2025-05-01 14:57:21,768.08,0.3
7,running,300,0.9,0,2025-05-01 14:57:21,677.44,0.3
8,running,286.11,0.9,568,2025-05-01 14:57:21,673.48,0.31
9,running,170.59,0.48,0,2025-05-01 14:57:21,702.54,0.32
10,running,60,0.79,300,2025-05-01 14:57:21,694.03,0.31
1,running,94.61,0.9,964,2025-05-01 14:57:31,749.86,0.31
2,running,60,0.75,163,2025-05-01 14:57:31,731.15,0.31
3,running,300,0.9,1511,2025-05-01 14:57:31,746.56,0.31
4,running,110.52,0.53,0,2025-05-01 14:57:31,780.52,0.28
5,running,190.33,0.9,767,2025-05-01 14:57:31,691.04,0.32
6,running,223.02,0.18,0,2025-05-01 14:57:31,768.08,0.3
7,running,300,0.9,0,2025-05-01 14:57:31,677.45,0.31
8,running,300,0.9,0,2025-05-01 14:57:31,673.48,0.31
9,running,252.7,0.54,595,2025-05-01 14:57:31,702.55,0.33
10,idle,60.0,0.2,0,2025-05-01 14:57:31,694.03,0.31
1,running,60,0.86,21,2025-05-01 14:57:41,749.86,0.31
2,running,60,0.82,682,2025-05-01 14:57:41,731.16,0.32
3,error,60.0,0.2,0,2025-05-01 14:57:41,746.56,0.31
4,running,161.4,0.64,991,2025-05-01 14:57:41,780.52,0.28
5,idle,60.0,0.2,0,2025-05-01 14:57:41,691.04,0.32
6,running,285.89,0.59,571,2025-05-01 14:57:41,768.08,0.3
7,running,279.17,0.89,0,2025-05-01 14:57:41,677.45,0.31
8,idle,60.0,0.2,0,2025-05-01 14:57:41,673.48,0.31
9,running,300,0.74,980,2025-05-01 14:57:41,702.55,0.33
10,error,60.0,0.2,0,2025-05-01 14:57:41,694.03,0.31
1,running,133.73,0.9,771,2025-05-01 14:57:51,749.86,0.31
2,running,69.37,0.78,599,2025-05-01 14:57:51,731.16,0.32
3,running,141.73,0.44,127,2025-05-01 14:57:51,746.56,0.31
4,idle,60.0,0.2,0,2025-05-01 14:57:51,780.52,0.28
5,running,86.87,0.47,0,2025-05-01 14:57:51,691.04,0.32
6,running,300,0.9,415,2025-05-01 14:57:51,768.09,0.31
7,running,300,0.9,940,2025-05-01 14:57:51,677.45,0.31
8,running,121.64,0.33,296,2025-05-01 14:57:51,673.48,0.31
9,idle,60.0,0.2,0,2025-05-01 14:57:51,702.55,0.33
10,running,71.02,0.66,0,2025-05-01 14:57:51,694.03,0.31
1,running,171.31,0.9,787,2025-05-01 14:58:01,749.86,0.31
2,running,125.32,0.9,544,2025-05-01 14:58:01,731.16,0.32
3,running,133.62,0.86,0,2025-05-01 14:58:01,746.56,0.31
4,running,112.69,0.47,0,2025-05-01 14:58:01,780.53,0.29
5,running,163.63,0.81,505,2025-05-01 14:58:01,691.04,0.32
6,running,300,0.9,806,2025-05-01 14:58:01,768.09,0.31
7,idle,60.0,0.2,0,2025-05-01 14:58:01,677.45,0.31
8,running,182.05,0.6,1071,2025-05-01 14:58:01,673.48,0.31
9,running,88.31,0.24,272,2025-05-01 14:58:01,702.55,0.33
10,running,106.07,0.9,0,2025-05-01 14:58:01,694.03,0.31
1,running,216.45,0.87,0,2025-05-01 14:58:11,749.87,0.32
2,idle,60.0,0.2,0,2025-05-01 14:58:11,731.16,0.32
3,running,118.19,0.9,692,2025-05-01 14:58:11,746.57,0.32
4,idle,60.0,0.2,0,2025-05-01 14:58:11,780.53,0.29
5,running,243.47,0.9,483,2025-05-01 14:58:11,691.04,0.32
6,running,300,0.9,0,2025-05-01 14:58:11,768.09,0.31
7,running,61.07,0.26,767,2025-05-01 14:58:11,677.45,0.31
8,running,247.46,0.9,1346,2025-05-01 14:58:11,673.49,0.32
9,running,122.65,0.25,0,2025-05-01 14:58:11,702.56,0.34
10,running,192.8,0.9,0,2025-05-01 14:58:11,694.04,0.32
1,idle,60.0,0.2,0,2025-05-01 14:58:21,749.87,0.32
2,idle,60.0,0.2,0,2025-05-01 14:58:21,731.16,0.32
3,running,154.4,0.9,383,2025-05-01 14:58:21,746.57,0.32
4,running,80.88,0.47,503,2025-05-01 14:58:21,780.53,0.29
5,running,294.06,0.9,0,2025-05-01 14:58:21,691.05,0.33
6,running,271.01,0.9,0,2025-05-01 14:58:21,768.09,0.31
7,idle,60.0,0.2,0,2025-05-01 14:58:21,677.45,0.31
8,running,265.25,0.9,1128,2025-05-01 14:58:21,673.49,0.32
9,running,90.69,0.2,228,2025-05-01 14:58:21,702.56,0.34
10,running,257.33,0.9,0,2025-05-01 14:58:21,694.04,0.32
1,running,97.58,0.47,0,2025-05-01 14:58:31,749.87,0.32
2,idle,60.0,0.2,0,2025-05-01 14:58:31,731.16,0.32
3,running,148.65,0.9,867,2025-05-01 14:58:31,746.57,0.32
4,running,175.08,0.9,1245,2025-05-01 14:58:31,780.53,0.29
5,running,298.75,0.9,0,2025-05-01 14:58:31,691.05,0.33
6,running,300,0.9,0,2025-05-01 14:58:31,768.1,0.32
7,running,60,0.6,0,2025-05-01 14:58:31,677.46,0.32
8,running,300,0.9,177,2025-05-01 14:58:31,673.49,0.32
9,running,104.06,0.36,254,2025-05-01 14:58:31,702.56,0.34
10,running,300,0.9,0,2025-05-01 14:58:31,694.04,0.32
1,running,131.53,0.62,0,2025-05-01 14:58:41,749.87,0.32
2,running,60,0.2,30,2025-05-01 14:58:41,731.16,0.32
3,running,236.47,0.9,751,2025-05-01 14:58:41,746.57,0.32
4,error,60.0,0.2,0,2025-05-01 14:58:41,780.53,0.29
5,running,300,0.9,857,2025-05-01 14:58:41,691.05,0.33
6,running,300,0.9,0,2025-05-01 14:58:41,768.1,0.32
7,error,60.0,0.2,0,2025-05-01 14:58:41,677.46,0.32
8,running,300,0.86,1024,2025-05-01 14:58:41,673.49,0.32
9,running,130.72,0.67,381,2025-05-01 14:58:41,702.56,0.34
10,running,300,0.9,809,2025-05-01 14:58:41,694.04,0.32
1,running,150.57,0.69,0,2025-05-01 14:58:51,749.87,0.32
2,running,125.55,0.37,515,2025-05-01 14:58:51,731.17,0.33
3,running,268.9,0.85,89,2025-05-01 14:58:51,746.58,0.33
4,running,87.33,0.38,0,2025-05-01 14:58:51,780.53,0.29
5,running,300,0.9,949,2025-05-01 14:58:51,691.06,0.34
6,running,288.36,0.9,30,2025-05-01 14:58:51,768.1,0.32
7,running,60,0.36,632,2025-05-01 14:58:51,677.46,0.32
8,running,300,0.9,521,2025-05-01 14:58:51,673.5,0.33
9,running,218.38,0.9,474,2025-05-01 14:58:51,702.57,0.35
10,error,60.0,0.2,0,2025-05-01 14:58:51,694.04,0.32
1,error,60.0,0.2,0,2025-05-01 14:59:01,749.87,0.32
2,running,222.67,0.33,1041,2025-05-01 14:59:01,731.17,0.33
3,running,289.97,0.9,0,2025-05-01 14:59:01,746.58,0.33
4,running,178.19,0.7,0,2025-05-01 14:59:01,780.54,0.3
5,running,300,0.9,1738,2025-05-01 14:59:01,691.06,0.34
6,running,300,0.9,181,2025-05-01 14:59:01,768.1,0.32
7,running,142.53,0.57,329,2025-05-01 14:59:01,677.46,0.32
8,running,300,0.9,91,2025-05-01 14:59:01,673.5,0.33
9,running,228.17,0.9,913,2025-05-01 14:59:01,702.57,0.35
10,running,60,0.65,0,2025-05-01 14:59:01,694.05,0.33
1,running,109.0,0.38,960,2025-05-01 14:59:11,749.88,0.33
2,running,188.4,0.54,73,2025-05-01 14:59:11,731.17,0.33
3,running,250.97,0.9,667,2025-05-01 14:59:11,746.58,0.33
4,running,234.78,0.9,0,2025-05-01 14:59:11,780.54,0.3
5,running,300,0.9,1920,2025-05-01 14:59:11,691.06,0.34
6,running,300,0.9,0,2025-05-01 14:59:11,768.11,0.33
7,running,236.99,0.73,229,2025-05-01 14:59:11,677.46,0.32
8,running,290.78,0.9,788,2025-05-01 14:59:11,673.5,0.33
9,running,212.85,0.9,1057,2025-05-01 14:59:11,702.57,0.35
10,running,60,0.9,0,2025-05-01 14:59:11,694.05,0.33
1,running,186.77,0.75,902,2025-05-01 14:59:21,749.88,0.33
2,error,60.0,0.2,0,2025-05-01 14:59:21,731.17,0.33
3,running,300,0.9,1570,2025-05-01 14:59:21,746.59,0.34
4,running,300,0.9,0,2025-05-01 14:59:21,780.54,0.3
5,running,300,0.9,2788,2025-05-01 14:59:21,691.06,0.34
6,error,60.0,0.2,0,2025-05-01 14:59:21,768.11,0.33
7,running,300,0.9,246,2025-05-01 14:59:21,677.47,0.33
8,running,300,0.9,1276,2025-05-01 14:59:21,673.51,0.34
9,running,289.8,0.9,1674,2025-05-01 14:59:21,702.58,0.36
10,running,149.74,0.9,0,2025-05-01 14:59:21,694.05,0.33
1,running,163.43,0.9,0,2025-05-01 14:59:31,749.88,0.33
2,running,130.19,0.47,0,2025-05-01 14:59:31,731.18,0.34
3,running,300,0.9,768,2025-05-01 14:59:31,746.59,0.34
4,running,300,0.9,219,2025-05-01 14:59:31,780.55,0.31
5,idle,60.0,0.2,0,2025-05-01 14:59:31,691.06,0.34
6,idle,60.0,0.2,0,2025-05-01 14:59:31,768.11,0.33
7,running,300,0.88,0,2025-05-01 14:59:31,677.47,0.33
8,running,300,0.9,812,2025-05-01 14:59:31,673.51,0.34
9,running,300,0.9,2090,2025-05-01 14:59:31,702.58,0.36
10,running,160.72,0.9,0,2025-05-01 14:59:31,694.06,0.34
1,running,262.72,0.9,316,2025-05-01 14:59:41,749.89,0.34
2,error,60.0,0.2,0,2025-05-01 14:59:41,731.18,0.34
3,running,300,0.9,419,2025-05-01 14:59:41,746.59,0.34
4,running,300,0.9,0,2025-05-01 14:59:41,780.55,0.31
5,running,106.25,0.67,431,2025-05-01 14:59:41,691.07,0.35
6,running,148.21,0.36,0,2025-05-01 14:59:41,768.11,0.33
7,idle,60.0,0.2,0,2025-05-01 14:59:41,677.47,0.33
8,running,300,0.9,1338,2025-05-01 14:59:41,673.51,0.34
9,running,300,0.9,2659,2025-05-01 14:59:41,702.58,0.36
10,running,173.28,0.9,716,2025-05-01 14:59:41,694.06,0.34
1,idle,60.0,0.2,0,2025-05-01 14:59:51,749.89,0.34
2,running,60,0.65,152,2025-05-01 14:59:51,731.18,0.34
3,running,300,0.9,0,2025-05-01 14:59:51,746.59,0.34
4,running,300,0.9,909,2025-05-01 14:59:51,780.55,0.31
5,idle,60.0,0.2,0,2025-05-01 14:59:51,691.07,0.35
6,idle,60.0,0.2,0,2025-05-01 14:59:51,768.11,0.33
7,idle,60.0,0.2,0,2025-05-01 14:59:51,677.47,0.33
8,running,290.52,0.9,2212,2025-05-01 14:59:51,673.51,0.34
9,running,300,0.9,3049,2025-05-01 14:59:51,702.58,0.36
10,running,213.55,0.9,1675,2025-05-01 14:59:51,694.06,0.34
1,running,92.56,0.17,0,2025-05-01 15:00:01,749.89,0.34
2,idle,60.0,0.2,0,2025-05-01 15:00:01,731.18,0.34
3,running,262.8,0.9,47,2025-05-01 15:00:01,746.6,0.35
4,running,266.13,0.9,1402,2025-05-01 15:00:01,780.55,0.31
5,running,92.27,0.33,0,2025-05-01 15:00:01,691.07,0.35
6,idle,60.0,0.2,0,2025-05-01 15:00:01,768.11,0.33
7,running,66.06,0.69,0,2025-05-01 15:00:01,677.47,0.33
8,running,251.91,0.9,1467,2025-05-01 15:00:01,673.52,0.35
9,running,300,0.89,3681,2025-05-01 15:00:01,702.59,0.37
10,running,193.17,0.87,1124,2025-05-01 15:00:01,694.06,0.34
1,running,60,0.51,381,2025-05-01 15:00:11,749.89,0.34
2,running,114.14,0.42,458,2025-05-01 15:00:11,731.18,0.34
3,idle,60.0,0.2,0,2025-05-01 15:00:11,746.6,0.35
4,running,235.99,0.9,625,2025-05-01 15:00:11,780.56,0.32
5,running,117.53,0.47,311,2025-05-01 15:00:11,691.07,0.35
6,running,61.84,0.17,802,2025-05-01 15:00:11,768.11,0.33
7,running,60,0.81,0,2025-05-01 15:00:11,677.48,0.34
8,running,300,0.9,1371,2025-05-01 15:00:11,673.52,0.35
9,running,300,0.9,3058,2025-05-01 15:00:11,702.59,0.37
10,running,158.18,0.84,1560,2025-05-01 15:00:11,694.07,0.35
1,running,95.82,0.51,522,2025-05-01 15:00:21,749.89,0.34
2,running,207.19,0.71,0,2025-05-01 15:00:21,731.18,0.34
3,running,60,0.65,0,2025-05-01 15:00:21,746.6,0.35
4,idle,60.0,0.2,0,2025-05-01 15:00:21,780.56,0.32
5,running,137.35,0.68,912,2025-05-01 15:00:21,691.08,0.36
6,running,60,0.52,1313,2025-05-01 15:00:21,768.12,0.34
7,running,105.54,0.81,805,2025-05-01 15:00:21,677.48,0.34
8,error,60.0,0.2,0,2025-05-01 15:00:21,673.52,0.35
9,running,300,0.9,3536,2025-05-01 15:00:21,702.59,0.37
10,running,211.57,0.9,2106,2025-05-01 15:00:21,694.07,0.35
1,running,82.61,0.62,0,2025-05-01 15:00:31,749.9,0.35
2,running,196.77,0.73,0,2025-05-01 15:00:31,731.19,0.35
3,running,62.66,0.9,0,2025-05-01 15:00:31,746.6,0.35
4,idle,60.0,0.2,0,2025-05-01 15:00:31,780.56,0.32
5,running,93.61,0.9,658,2025-05-01 15:00:31,691.08,0.36
6,idle,60.0,0.2,0,2025-05-01 15:00:31,768.12,0.34
7,running,187.63,0.9,922,2025-05-01 15:00:31,677.48,0.34
8,running,153.43,0.24,717,2025-05-01 15:00:31,673.52,0.35
9,running,300,0.9,4376,2025-05-01 15:00:31,702.59,0.37
10,running,210.11,0.9,2124,2025-05-01 15:00:31,694.07,0.35
1,running,104.82,0.83,0,2025-05-01 15:00:41,749.9,0.35
2,running,221.93,0.69,0,2025-05-01 15:00:41,731.19,0.35
3,running,60,0.9,657,2025-05-01 15:00:41,746.61,0.36
4,running,60,0.62,0,2025-05-01 15:00:41,780.56,0.32
5,running,179.74,0.9,546,2025-05-01 15:00:41,691.08,0.36
6,running,149.2,0.24,0,2025-05-01 15:00:41,768.12,0.34
7,running,173.39,0.9,1889,2025-05-01 15:00:41,677.48,0.34
8,running,124.24,0.49,1663,2025-05-01 15:00:41,673.53,0.36
9,running,270.66,0.9,5266,2025-05-01 15:00:41,702.6,0.38
10,running,274.46,0.9,2679,2025-05-01 15:00:41,694.08,0.36
1,running,68.99,0.9,898,2025-05-01 15:00:51,749.9,0.35
2,running,300,0.9,0,2025-05-01 15:00:51,731.19,0.35
3,running,127.06,0.9,945,2025-05-01 15:00:51,746.61,0.36
4,running,60,0.9,0,2025-05-01 15:00:51,780.56,0.32
5,running,216.54,0.9,0,2025-05-01 15:00:51,691.08,0.36
6,running,219.45,0.41,573,2025-05-01 15:00:51,768.12,0.34
7,running,216.36,0.9,1594,2025-05-01 15:00:51,677.49,0.35
8,running,123.05,0.66,2082,2025-05-01 15:00:51,673.53,0.36
9,running,300,0.9,5334,2025-05-01 15:00:51,702.6,0.38
10,running,300,0.9,2848,2025-05-01 15:00:51,694.08,0.36
1,running,60,0.9,958,2025-05-01 15:01:01,749.91,0.36
2,running,300,0.9,0,2025-05-01 15:01:01,731.2,0.36
3,running,208.56,0.9,1776,2025-05-01 15:01:01,746.61,0.36
4,running,60,0.9,629,2025-05-01 15:01:01,780.56,0.32
5,running,300,0.9,0,2025-05-01 15:01:01,691.09,0.37
6,running,277.45,0.6,1204,2025-05-01 15:01:01,768.12,0.34
7,running,276.78,0.9,1722,2025-05-01 15:01:01,677.49,0.35
8,idle,60.0,0.2,0,2025-05-01 15:01:01,673.53,0.36
9,idle,60.0,0.2,0,2025-05-01 15:01:01,702.6,0.38
10,running,261.04,0.9,1883,2025-05-01 15:01:01,694.08,0.36
1,running,157.79,0.88,1108,2025-05-01 15:01:11,749.91,0.36
2,running,300,0.9,617,2025-05-01 15:01:11,731.2,0.36
3,error,60.0,0.2,0,2025-05-01 15:01:11,746.61,0.36
4,running,152.54,0.9,945,2025-05-01 15:01:11,780.57,0.33
5,running,300,0.9,655,2025-05-01 15:01:11,691.09,0.37
6,running,300,0.9,1579,2025-05-01 15:01:11,768.13,0.35
7,idle,60.0,0.2,0,2025-05-01 15:01:11,677.49,0.35
8,running,60,0.68,0,2025-05-01 15:01:11,673.53,0.36
9,running,60,0.22,0,2025-05-01 15:01:11,702.6,0.38
10,running,300,0.9,1251,2025-05-01 15:01:11,694.08,0.36
1,running,150.65,0.9,427,2025-05-01 15:01:21,749.91,0.36
2,error,60.0,0.2,0,2025-05-01 15:01:21,731.2,0.36
3,running,60,0.41,792,2025-05-01 15:01:21,746.61,0.36
4,running,193.56,0.9,1275,2025-05-01 15:01:21,780.57,0.33
5,running,300,0.9,0,2025-05-01 15:01:21,691.09,0.37
6,running,300,0.9,979,2025-05-01 15:01:21,768.13,0.35
7,running,159.74,0.32,710,2025-05-01 15:01:21,677.49,0.35
8,idle,60.0,0.2,0,2025-05-01 15:01:21,673.53,0.36
9,running,125.61,0.53,277,2025-05-01 15:01:21,702.61,0.39
10,running,300,0.9,1691,2025-05-01 15:01:21,694.09,0.37
1,running,243.17,0.9,0,2025-05-01 15:01:31,749.91,0.36
2,running,79.33,0.68,321,2025-05-01 15:01:31,731.2,0.36
3,running,74.81,0.62,1506,2025-05-01 15:01:31,746.62,0.37
4,running,228.74,0.9,887,2025-05-01 15:01:31,780.57,0.33
5,running,300,0.9,57,2025-05-01 15:01:31,691.09,0.37
6,running,300,0.9,548,2025-05-01 15:01:31,768.13,0.35
7,running,227.63,0.75,958,2025-05-01 15:01:31,677.5,0.36
8,running,157.68,0.36,0,2025-05-01 15:01:31,673.53,0.36
9,running,210.05,0.68,631,2025-05-01 15:01:31,702.61,0.39
10,running,300,0.9,1076,2025-05-01 15:01:31,694.09,0.37
1,running,223.72,0.9,0,2025-05-01 15:01:41,749.92,0.37
2,running,160.25,0.9,527,2025-05-01 15:01:41,731.2,0.36
3,running,60,0.67,1603,2025-05-01 15:01:41,746.62,0.37
4,idle,60.0,0.2,0,2025-05-01 15:01:41,780.57,0.33
5,running,295.5,0.9,454,2025-05-01 15:01:41,691.1,0.38
6,idle,60.0,0.2,0,2025-05-01 15:01:41,768.13,0.35
7,running,297.27,0.84,127,2025-05-01 15:01:41,677.5,0.36
8,idle,60.0,0.2,0,2025-05-01 15:01:41,673.53,0.36
9,running,202.56,0.74,1024,2025-05-01 15:01:41,702.61,0.39
10,running,300,0.9,497,2025-05-01 15:01:41,694.09,0.37
1,running,258.87,0.9,475,2025-05-01 15:01:51,749.92,0.37
2,running,132.74,0.89,0,2025-05-01 15:01:51,731.21,0.37
3,running,60,0.9,2452,2025-05-01 15:01:51,746.62,0.37
4,running,85.38,0.42,477,2025-05-01 15:01:51,780.58,0.34
5,running,300,0.9,0,2025-05-01 15:01:51,691.1,0.38
6,running,118.69,0.69,498,2025-05-01 15:01:51,768.14,0.36
7,running,300,0.84,723,2025-05-01 15:01:51,677.5,0.36
8,idle,60.0,0.2,0,2025-05-01 15:01:51,673.53,0.36
9,running,269.47,0.71,153,2025-05-01 15:01:51,702.61,0.39
10,running,294.41,0.88,1472,2025-05-01 15:01:51,694.09,0.37
1,error,60.0,0.2,0,2025-05-01 15:02:01,749.92,0.37
2,running,199.54,0.9,422,2025-05-01 15:02:01,731.21,0.37
3,error,60.0,0.2,0,2025-05-01 15:02:01,746.62,0.37
4,running,63.48,0.8,0,2025-05-01 15:02:01,780.58,0.34
5,idle,60.0,0.2,0,2025-05-01 15:02:01,691.1,0.38
6,running,151.08,0.9,1322,2025-05-01 15:02:01,768.14,0.36
7,running,285.24,0.88,628,2025-05-01 15:02:01,677.5,0.36
8,idle,60.0,0.2,0,2025-05-01 15:02:01,673.53,0.36
9,idle,60.0,0.2,0,2025-05-01 15:02:01,702.61,0.39
10,idle,60.0,0.2,0,2025-05-01 15:02:01,694.09,0.37
1,idle,60.0,0.2,0,2025-05-01 15:02:11,749.92,0.37
2,running,216.39,0.9,34,2025-05-01 15:02:11,731.21,0.37
3,running,60,0.52,0,2025-05-01 15:02:11,746.62,0.37
4,running,149.98,0.9,166,2025-05-01 15:02:11,780.58,0.34
5,error,60.0,0.2,0,2025-05-01 15:02:11,691.1,0.38
6,running,213.56,0.9,353,2025-05-01 15:02:11,768.14,0.36
7,running,300,0.9,172,2025-05-01 15:02:11,677.51,0.37
8,running,142.33,0.28,290,2025-05-01 15:02:11,673.54,0.37
9,running,93.64,0.25,304,2025-05-01 15:02:11,702.62,0.4
10,running,119.89,0.23,0,2025-05-01 15:02:11,694.1,0.38
1,idle,60.0,0.2,0,2025-05-01 15:02:21,749.92,0.37
2,running,250.5,0.9,437,2025-05-01 15:02:21,731.21,0.37
3,running,158.95,0.86,740,2025-05-01 15:02:21,746.63,0.38
4,running,119.85,0.9,826,2025-05-01 15:02:21,780.58,0.34
5,running,126.56,0.16,543,2025-05-01 15:02:21,691.1,0.38
6,running,200.92,0.9,838,2025-05-01 15:02:21,768.14,0.36
7,running,300,0.9,420,2025-05-01 15:02:21,677.51,0.37
8,running,231.95,0.47,0,2025-05-01 15:02:21,673.54,0.37
9,idle,60.0,0.2,0,2025-05-01 15:02:21,702.62,0.4
10,running,149.86,0.56,0,2025-05-01 15:02:21,694.1,0.38
1,running,79.25,0.51,0,2025-05-01 15:02:31,749.92,0.37
2,running,300,0.9,321,2025-05-01 15:02:31,731.22,0.38
3,idle,60.0,0.2,0,2025-05-01 15:02:31,746.63,0.38
4,idle,60.0,0.2,0,2025-05-01 15:02:31,780.58,0.34
5,running,220.13,0.49,1156,2025-05-01 15:02:31,691.11,0.39
6,running,179.37,0.9,461,2025-05-01 15:02:31,768.15,0.37
7,running,275.44,0.9,911,2025-05-01 15:02:31,677.51,0.37
8,running,294.26,0.77,0,2025-05-01 15:02:31,673.54,0.37
9,running,60,0.66,651,2025-05-01 15:02:31,702.62,0.4
10,running,101.62,0.68,115,2025-05-01 15:02:31,694.1,0.38
1,running,146.93,0.61,0,2025-05-01 15:02:41,749.92,0.37
2,running,300,0.9,0,2025-05-01 15:02:41,731.22,0.38
3,running,95.13,0.54,247,2025-05-01 15:02:41,746.63,0.38
4,running,84.75,0.5,680,2025-05-01 15:02:41,780.59,0.35
5,running,300,0.85,1519,2025-05-01 15:02:41,691.11,0.39
6,error,60.0,0.2,0,2025-05-01 15:02:41,768.15,0.37
7,running,300,0.9,372,2025-05-01 15:02:41,677.51,0.37
8,running,265.09,0.9,441,2025-05-01 15:02:41,673.54,0.37
9,running,60.77,0.67,935,2025-05-01 15:02:41,702.62,0.4
10,running,145.15,0.89,0,2025-05-01 15:02:41,694.11,0.39
1,running,243.38,0.64,635,2025-05-01 15:02:51,749.93,0.38
2,running,300,0.9,623,2025-05-01 15:02:51,731.22,0.38
3,running,138.82,0.56,259,2025-05-01 15:02:51,746.63,0.38
4,running,82.77,0.84,485,2025-05-01 15:02:51,780.59,0.35
5,running,300,0.82,543,2025-05-01 15:02:51,691.11,0.39
6,running,60,0.45,0,2025-05-01 15:02:51,768.15,0.37
7,running,300,0.9,722,2025-05-01 15:02:51,677.52,0.38
8,idle,60.0,0.2,0,2025-05-01 15:02:51,673.54,0.37
9,running,90.92,0.9,19,2025-05-01 15:02:51,702.63,0.41
10,idle,60.0,0.2,0,2025-05-01 15:02:51,694.11,0.39
1,running,296.46,0.79,1162,2025-05-01 15:03:01,749.93,0.38
2,running,300,0.9,950,2025-05-01 15:03:01,731.23,0.39
3,running,237.8,0.61,308,2025-05-01 15:03:01,746.64,0.39
4,idle,60.0,0.2,0,2025-05-01 15:03:01,780.59,0.35
5,running,256.84,0.79,1091,2025-05-01 15:03:01,691.11,0.39
6,running,99.29,0.84,0,2025-05-01 15:03:01,768.15,0.37
7,running,300,0.9,734,2025-05-01 15:03:01,677.52,0.38
8,running,71.11,0.45,71,2025-05-01 15:03:01,673.55,0.38
9,running,60,0.9,203,2025-05-01 15:03:01,702.63,0.41
10,running,103.8,0.66,0,2025-05-01 15:03:01,694.11,0.39
1,running,263.98,0.9,1879,2025-05-01 15:03:11,749.93,0.38
2,error,60.0,0.2,0,2025-05-01 15:03:11,731.23,0.39
3,running,300,0.77,1163,2025-05-01 15:03:11,746.64,0.39
4,idle,60.0,0.2,0,2025-05-01 15:03:11,780.59,0.35
5,idle,60.0,0.2,0,2025-05-01 15:03:11,691.11,0.39
6,idle,60.0,0.2,0,2025-05-01 15:03:11,768.15,0.37
7,running,300,0.9,1322,2025-05-01 15:03:11,677.52,0.38
8,running,87.73,0.41,0,2025-05-01 15:03:11,673.55,0.38
9,running,100.32,0.9,0,2025-05-01 15:03:11,702.63,0.41
10,running,126.57,0.62,0,2025-05-01 15:03:11,694.11,0.39
1,running,300,0.9,2744,2025-05-01 15:03:21,749.94,0.39
2,running,91.42,0.46,823,2025-05-01 15:03:21,731.23,0.39
3,idle,60.0,0.2,0,2025-05-01 15:03:21,746.64,0.39
4,running,112.47,0.21,0,2025-05-01 15:03:21,780.59,0.35
5,running,60,0.23,0,2025-05-01 15:03:21,691.12,0.4
6,idle,60.0,0.2,0,2025-05-01 15:03:21,768.15,0.37
7,running,300,0.9,2126,2025-05-01 15:03:21,677.53,0.39
8,running,108.36,0.47,288,2025-05-01 15:03:21,673.55,0.38
9,running,65.45,0.9,0,2025-05-01 15:03:21,702.63,0.41
10,running,185.87,0.74,0,2025-05-01 15:03:21,694.11,0.39
1,running,282.8,0.9,2675,2025-05-01 15:03:31,749.94,0.39
2,idle,60.0,0.2,0,2025-05-01 15:03:31,731.23,0.39
3,running,134.54,0.47,0,2025-05-01 15:03:31,746.64,0.39
4,running,192.28,0.63,873,2025-05-01 15:03:31,780.6,0.36
5,running,157.73,0.71,142,2025-05-01 15:03:31,691.12,0.4
6,running,98.88,0.18,688,2025-05-01 15:03:31,768.15,0.37
7,running,300,0.9,1717,2025-05-01 15:03:31,677.53,0.39
8,running,191.97,0.7,494,2025-05-01 15:03:31,673.56,0.39
9,idle,60.0,0.2,0,2025-05-01 15:03:31,702.63,0.41
10,error,60.0,0.2,0,2025-05-01 15:03:31,694.11,0.39
1,running,300,0.9,1679,2025-05-01 15:03:41,749.94,0.39
2,running,65.46,0.54,0,2025-05-01 15:03:41,731.23,0.39
3,running,111.63,0.53,6,2025-05-01 15:03:41,746.64,0.39
4,running,200.58,0.9,379,2025-05-01 15:03:41,780.6,0.36
5,running,129.18,0.9,174,2025-05-01 15:03:41,691.12,0.4
6,running,152.38,0.16,333,2025-05-01 15:03:41,768.16,0.38
7,running,300,0.89,1546,2025-05-01 15:03:41,677.53,0.39
8,running,151.41,0.9,943,2025-05-01 15:03:41,673.56,0.39
9,idle,60.0,0.2,0,2025-05-01 15:03:41,702.63,0.41
10,running,60,0.61,272,2025-05-01 15:03:41,694.12,0.4
1,running,300,0.9,1580,2025-05-01 15:03:51,749.94,0.39
2,idle,60.0,0.2,0,2025-05-01 15:03:51,731.23,0.39
3,idle,60.0,0.2,0,2025-05-01 15:03:51,746.64,0.39
4,running,300,0.9,67,2025-05-01 15:03:51,780.6,0.36
5,running,137.88,0.9,586,2025-05-01 15:03:51,691.13,0.41
6,running,165.98,0.34,37,2025-05-01 15:03:51,768.16,0.38
7,running,300,0.9,1620,2025-05-01 15:03:51,677.53,0.39
8,running,115.26,0.9,148,2025-05-01 15:03:51,673.56,0.39
9,running,60,0.24,607,2025-05-01 15:03:51,702.64,0.42
10,running,65.94,0.66,532,2025-05-01 15:03:51,694.12,0.4
1,idle,60.0,0.2,0,2025-05-01 15:04:01,749.94,0.39
2,running,116.2,0.69,0,2025-05-01 15:04:01,731.23,0.39
3,running,155.48,0.16,0,2025-05-01 15:04:01,746.65,0.4
4,idle,60.0,0.2,0,2025-05-01 15:04:01,780.6,0.36
5,idle,60.0,0.2,0,2025-05-01 15:04:01,691.13,0.41
6,running,191.17,0.69,722,2025-05-01 15:04:01,768.16,0.38
7,running,300,0.9,1158,2025-05-01 15:04:01,677.54,0.4
8,running,188.61,0.9,315,2025-05-01 15:04:01,673.56,0.39
9,running,102.75,0.62,0,2025-05-01 15:04:01,702.64,0.42
10,running,92.17,0.9,400,2025-05-01 15:04:01,694.12,0.4
1,running,104.58,0.64,311,2025-05-01 15:04:11,749.95,0.4
2,running,138.88,0.79,0,2025-05-01 15:04:11,731.24,0.4
3,running,168.92,0.18,0,2025-05-01 15:04:11,746.65,0.4
4,running,100.91,0.51,0,2025-05-01 15:04:11,780.6,0.36
5,idle,60.0,0.2,0,2025-05-01 15:04:11,691.13,0.41
6,running,238.41,0.83,0,2025-05-01 15:04:11,768.17,0.39
7,running,283.18,0.9,1505,2025-05-01 15:04:11,677.54,0.4
8,idle,60.0,0.2,0,2025-05-01 15:04:11,673.56,0.39
9,idle,60.0,0.2,0,2025-05-01 15:04:11,702.64,0.42
10,running,126.74,0.9,1214,2025-05-01 15:04:11,694.13,0.41
1,running,82.56,0.9,70,2025-05-01 15:04:21,749.95,0.4
2,error,60.0,0.2,0,2025-05-01 15:04:21,731.24,0.4
3,running,217.32,0.19,0,2025-05-01 15:04:21,746.65,0.4
4,running,89.01,0.78,0,2025-05-01 15:04:21,780.61,0.37
5,running,69.95,0.33,80,2025-05-01 15:04:21,691.13,0.41
6,running,273.96,0.9,217,2025-05-01 15:04:21,768.17,0.39
7,idle,60.0,0.2,0,2025-05-01 15:04:21,677.54,0.4
8,running,149.91,0.47,0,2025-05-01 15:04:21,673.57,0.4
9,running,60,0.52,0,2025-05-01 15:04:21,702.64,0.42
10,running,218.96,0.9,1887,2025-05-01 15:04:21,694.13,0.41
1,running,124.51,0.9,675,2025-05-01 15:04:31,749.95,0.4
2,running,107.8,0.44,0,2025-05-01 15:04:31,731.24,0.4
3,idle,60.0,0.2,0,2025-05-01 15:04:31,746.65,0.4
4,error,60.0,0.2,0,2025-05-01 15:04:31,780.61,0.37
5,running,60,0.57,248,2025-05-01 15:04:31,691.13,0.41
6,idle,60.0,0.2,0,2025-05-01 15:04:31,768.17,0.39
7,running,139.22,0.21,70,2025-05-01 15:04:31,677.54,0.4
8,running,109.29,0.49,204,2025-05-01 15:04:31,673.57,0.4
9,running,60,0.69,471,2025-05-01 15:04:31,702.64,0.42
10,running,192.4,0.9,2585,2025-05-01 15:04:31,694.13,0.41
1,running,108.97,0.9,0,2025-05-01 15:04:41,749.96,0.41
2,idle,60.0,0.2,0,2025-05-01 15:04:41,731.24,0.4
3,running,60,0.59,885,2025-05-01 15:04:41,746.66,0.41
4,running,60,0.3,0,2025-05-01 15:04:41,780.61,0.37
5,running,82.3,0.9,20,2025-05-01 15:04:41,691.13,0.41
6,running,70.59,0.68,305,2025-05-01 15:04:41,768.17,0.39
7,idle,60.0,0.2,0,2025-05-01 15:04:41,677.54,0.4
8,running,82.42,0.65,206,2025-05-01 15:04:41,673.57,0.4
9,running,60,0.9,215,2025-05-01 15:04:41,702.65,0.43
10,running,241.48,0.9,2172,2025-05-01 15:04:41,694.13,0.41
1,running,85.5,0.9,0,2025-05-01 15:04:51,749.96,0.41
2,running,107.13,0.38,0,2025-05-01 15:04:51,731.24,0.4
3,running,60,0.9,5,2025-05-01 15:04:51,746.66,0.41
4,running,122.17,0.49,0,2025-05-01 15:04:51,780.61,0.37
5,running,178.42,0.9,390,2025-05-01 15:04:51,691.14,0.42
6,running,147.4,0.9,0,2025-05-01 15:04:51,768.17,0.39
7,idle,60.0,0.2,0,2025-05-01 15:04:51,677.54,0.4
8,running,60,0.67,557,2025-05-01 15:04:51,673.58,0.41
9,running,60,0.9,0,2025-05-01 15:04:51,702.65,0.43
10,running,239.11,0.9,1866,2025-05-01 15:04:51,694.14,0.42
1,running,122.45,0.9,143,2025-05-01 15:05:01,749.96,0.41
2,running,153.03,0.42,0,2025-05-01 15:05:01,731.25,0.41
3,running,124.04,0.9,214,2025-05-01 15:05:01,746.66,0.41
4,running,142.2,0.47,920,2025-05-01 15:05:01,780.61,0.37
5,running,140.08,0.9,0,2025-05-01 15:05:01,691.14,0.42
6,running,116.43,0.9,0,2025-05-01 15:05:01,768.18,0.4
7,running,113.11,0.38,337,2025-05-01 15:05:01,677.55,0.41
8,error,60.0,0.2,0,2025-05-01 15:05:01,673.58,0.41
9,running,60,0.9,644,2025-05-01 15:05:01,702.65,0.43
10,idle,60.0,0.2,0,2025-05-01 15:05:01,694.14,0.42
1,idle,60.0,0.2,0,2025-05-01 15:05:11,749.96,0.41
2,error,60.0,0.2,0,2025-05-01 15:05:11,731.25,0.41
3,idle,60.0,0.2,0,2025-05-01 15:05:11,746.66,0.41
4,running,182.49,0.9,1838,2025-05-01 15:05:11,780.62,0.38
5,running,92.63,0.9,530,2025-05-01 15:05:11,691.14,0.42
6,idle,60.0,0.2,0,2025-05-01 15:05:11,768.18,0.4
7,running,117.04,0.48,0,2025-05-01 15:05:11,677.55,0.41
8,running,60,0.56,0,2025-05-01 15:05:11,673.58,0.41
9,running,110.3,0.87,1272,2025-05-01 15:05:11,702.66,0.44
10,running,152.2,0.62,0,2025-05-01 15:05:11,694.14,0.42
1,idle,60.0,0.2,0,2025-05-01 15:05:21,749.96,0.41
2,running,80.25,0.64,647,2025-05-01 15:05:21,731.25,0.41
3,running,60,0.31,664,2025-05-01 15:05:21,746.66,0.41
4,running,174.17,0.9,2268,2025-05-01 15:05:21,780.62,0.38
5,running,60,0.9,301,2025-05-01 15:05:21,691.14,0.42
6,running,98.81,0.34,0,2025-05-01 15:05:21,768.18,0.4
7,running,97.19,0.9,0,2025-05-01 15:05:21,677.55,0.41
8,idle,60.0,0.2,0,2025-05-01 15:05:21,673.58,0.41
9,running,89.31,0.9,680,2025-05-01 15:05:21,702.66,0.44
10,error,60.0,0.2,0,2025-05-01 15:05:21,694.14,0.42
1,running,60,0.56,0,2025-05-01 15:05:31,749.96,0.41
2,running,157.89,0.86,0,2025-05-01 15:05:31,731.25,0.41
3,running,84.95,0.66,115,2025-05-01 15:05:31,746.67,0.42
4,running,147.87,0.9,1751,2025-05-01 15:05:31,780.62,0.38
5,running,76.41,0.9,412,2025-05-01 15:05:31,691.15,0.43
6,running,111.29,0.51,0,2025-05-01 15:05:31,768.18,0.4
7,running,85.64,0.88,572,2025-05-01 15:05:31,677.55,0.41
8,running,60,0.39,0,2025-05-01 15:05:31,673.58,0.41
9,running,184.97,0.9,188,2025-05-01 15:05:31,702.66,0.44
10,running,102.01,0.45,550,2025-05-01 15:05:31,694.14,0.42
1,running,60,0.71,167,2025-05-01 15:05:41,749.97,0.42
2,running,111.82,0.9,19,2025-05-01 15:05:41,731.25,0.41
3,running,175.75,0.9,1033,2025-05-01 15:05:41,746.67,0.42
4,running,129.12,0.9,2250,2025-05-01 15:05:41,780.63,0.39
5,running,175.32,0.85,1166,2025-05-01 15:05:41,691.15,0.43
6,running,91.81,0.59,0,2025-05-01 15:05:41,768.19,0.41
7,running,60,0.9,773,2025-05-01 15:05:41,677.56,0.42
8,running,60,0.7,819,2025-05-01 15:05:41,673.58,0.41
9,running,267.31,0.9,305,2025-05-01 15:05:41,702.66,0.44
10,running,142.09,0.9,880,2025-05-01 15:05:41,694.14,0.42
1,running,60,0.9,0,2025-05-01 15:05:51,749.97,0.42
2,running,172.14,0.9,733,2025-05-01 15:05:51,731.26,0.42
3,running,128.6,0.9,409,2025-05-01 15:05:51,746.67,0.42
4,running,177.05,0.9,2642,2025-05-01 15:05:51,780.63,0.39
5,running,267.39,0.9,216,2025-05-01 15:05:51,691.15,0.43
6,error,60.0,0.2,0,2025-05-01 15:05:51,768.19,0.41
7,running,60,0.9,0,2025-05-01 15:05:51,677.56,0.42
8,running,134.28,0.9,1021,2025-05-01 15:05:51,673.59,0.42
9,running,255.25,0.9,0,2025-05-01 15:05:51,702.67,0.45
10,running,132.7,0.9,1562,2025-05-01 15:05:51,694.15,0.43
1,running,120.82,0.9,0,2025-05-01 15:06:01,749.97,0.42
2,running,139.35,0.9,917,2025-05-01 15:06:01,731.26,0.42
3,idle,60.0,0.2,0,2025-05-01 15:06:01,746.67,0.42
4,running,272.21,0.9,2898,2025-05-01 15:06:01,780.63,0.39
5,running,222.65,0.9,0,2025-05-01 15:06:01,691.16,0.44
6,running,60,0.29,0,2025-05-01 15:06:01,768.19,0.41
7,running,60,0.9,785,2025-05-01 15:06:01,677.56,0.42
8,running,168.33,0.9,65,2025-05-01 15:06:01,673.59,0.42
9,running,300,0.9,0,2025-05-01 15:06:01,702.67,0.45
10,running,95.76,0.9,2136,2025-05-01 15:06:01,694.15,0.43
1,running,199.89,0.9,939,2025-05-01 15:06:11,749.97,0.42
2,running,150.18,0.9,1803,2025-05-01 15:06:11,731.26,0.42
3,running,75.75,0.55,514,2025-05-01 15:06:11,746.67,0.42
4,running,288.98,0.9,1913,2025-05-01 15:06:11,780.63,0.39
5,idle,60.0,0.2,0,2025-05-01 15:06:11,691.16,0.44
6,idle,60.0,0.2,0,2025-05-01 15:06:11,768.19,0.41
7,running,134.48,0.9,1635,2025-05-01 15:06:11,677.56,0.42
8,running,243.64,0.9,386,2025-05-01 15:06:11,673.59,0.42
9,running,268.07,0.9,0,2025-05-01 15:06:11,702.67,0.45
10,running,90.33,0.9,2385,2025-05-01 15:06:11,694.15,0.43
1,error,60.0,0.2,0,2025-05-01 15:06:21,749.97,0.42
2,running,114.84,0.9,1167,2025-05-01 15:06:21,731.26,0.42
3,running,136.17,0.75,0,2025-05-01 15:06:21,746.68,0.43
4,running,242.63,0.9,1281,2025-05-01 15:06:21,780.64,0.4
5,running,63.32,0.54,0,2025-05-01 15:06:21,691.16,0.44
6,idle,60.0,0.2,0,2025-05-01 15:06:21,768.19,0.41
7,running,223.84,0.9,2073,2025-05-01 15:06:21,677.57,0.43
8,running,211.64,0.9,1016,2025-05-01 15:06:21,673.59,0.42
9,running,268.65,0.9,0,2025-05-01 15:06:21,702.68,0.46
10,running,112.41,0.9,2861,2025-05-01 15:06:21,694.16,0.44
1,idle,60.0,0.2,0,2025-05-01 15:06:31,749.97,0.42
2,running,169.88,0.9,707,2025-05-01 15:06:31,731.27,0.43
3,running,138.0,0.9,13,2025-05-01 15:06:31,746.68,0.43
4,idle,60.0,0.2,0,2025-05-01 15:06:31,780.64,0.4
5,running,154.65,0.82,93,2025-05-01 15:06:31,691.16,0.44
6,running,159.8,0.39,0,2025-05-01 15:06:31,768.19,0.41
7,running,177.42,0.9,1214,2025-05-01 15:06:31,677.57,0.43
8,running,209.3,0.9,1192,2025-05-01 15:06:31,673.6,0.43
9,running,256.51,0.9,0,2025-05-01 15:06:31,702.68,0.46
10,idle,60.0,0.2,0,2025-05-01 15:06:31,694.16,0.44
1,error,60.0,0.2,0,2025-05-01 15:06:41,749.97,0.42
2,running,253.08,0.9,259,2025-05-01 15:06:41,731.27,0.43
3,idle,60.0,0.2,0,2025-05-01 15:06:41,746.68,0.43
4,idle,60.0,0.2,0,2025-05-01 15:06:41,780.64,0.4
5,running,212.41,0.9,0,2025-05-01 15:06:41,691.16,0.44
6,running,131.58,0.43,0,2025-05-01 15:06:41,768.19,0.41
7,running,200.88,0.9,1143,2025-05-01 15:06:41,677.57,0.43
8,running,273.09,0.9,698,2025-05-01 15:06:41,673.6,0.43
9,running,268.62,0.9,0,2025-05-01 15:06:41,702.68,0.46
10,running,127.5,0.57,749,2025-05-01 15:06:41,694.16,0.44
1,running,68.15,0.7,0,2025-05-01 15:06:51,749.98,0.43
2,running,300,0.9,0,2025-05-01 15:06:51,731.27,0.43
3,idle,60.0,0.2,0,2025-05-01 15:06:51,746.68,0.43
4,running,106.1,0.62,0,2025-05-01 15:06:51,780.64,0.4
5,idle,60.0,0.2,0,2025-05-01 15:06:51,691.16,0.44
6,running,151.3,0.78,287,2025-05-01 15:06:51,768.2,0.42
7,running,295.59,0.9,1323,2025-05-01 15:06:51,677.58,0.44
8,running,232.95,0.9,498,2025-05-01 15:06:51,673.6,0.43
9,idle,60.0,0.2,0,2025-05-01 15:06:51,702.68,0.46
10,running,109.67,0.9,1144,2025-05-01 15:06:51,694.16,0.44
1,error,60.0,0.2,0,2025-05-01 15:07:01,749.98,0.43
2,running,300,0.9,0,2025-05-01 15:07:01,731.28,0.44
3,idle,60.0,0.2,0,2025-05-01 15:07:01,746.68,0.43
4,running,164.07,0.9,0,2025-05-01 15:07:01,780.64,0.4
5,running,62.3,0.35,0,2025-05-01 15:07:01,691.17,0.45
6,error,60.0,0.2,0,2025-05-01 15:07:01,768.2,0.42
7,running,285.4,0.9,2162,2025-05-01 15:07:01,677.58,0.44
8,idle,60.0,0.2,0,2025-05-01 15:07:01,673.6,0.43
9,running,60,0.49,36,2025-05-01 15:07:01,702.68,0.46
10,running,112.15,0.89,774,2025-05-01 15:07:01,694.16,0.44
1,running,60,0.26,729,2025-05-01 15:07:11,749.98,0.43
2,idle,60.0,0.2,0,2025-05-01 15:07:11,731.28,0.44
3,idle,60.0,0.2,0,2025-05-01 15:07:11,746.68,0.43
4,running,174.26,0.9,0,2025-05-01 15:07:11,780.65,0.41
5,running,99.89,0.61,663,2025-05-01 15:07:11,691.17,0.45
6,running,100.51,0.33,525,2025-05-01 15:07:11,768.2,0.42
7,running,300,0.9,1439,2025-05-01 15:07:11,677.58,0.44
8,running,124.21,0.28,998,2025-05-01 15:07:11,673.61,0.44
9,running,123.27,0.9,0,2025-05-01 15:07:11,702.69,0.47
10,running,85.2,0.9,388,2025-05-01 15:07:11,694.17,0.45
1,running,157.44,0.41,689,2025-05-01 15:07:21,749.98,0.43
2,idle,60.0,0.2,0,2025-05-01 15:07:21,731.28,0.44
3,running,148.48,0.57,152,2025-05-01 15:07:21,746.68,0.43
4,running,175.03,0.9,0,2025-05-01 15:07:21,780.65,0.41
5,running,177.51,0.61,258,2025-05-01 15:07:21,691.17,0.45
6,idle,60.0,0.2,0,2025-05-01 15:07:21,768.2,0.42
7,error,60.0,0.2,0,2025-05-01 15:07:21,677.58,0.44
8,running,133.16,0.44,740,2025-05-01 15:07:21,673.61,0.44
9,running,77.89,0.9,182,2025-05-01 15:07:21,702.69,0.47
10,running,127.15,0.85,101,2025-05-01 15:07:21,694.17,0.45
1,error,60.0,0.2,0,2025-05-01 15:07:31,749.98,0.43
2,running,60,0.26,0,2025-05-01 15:07:31,731.28,0.44
3,running,178.17,0.82,0,2025-05-01 15:07:31,746.69,0.44
4,error,60.0,0.2,0,2025-05-01 15:07:31,780.65,0.41
5,running,268.62,0.75,39,2025-05-01 15:07:31,691.18,0.46
6,running,60,0.4,0,2025-05-01 15:07:31,768.2,0.42
7,running,75.0,0.44,0,2025-05-01 15:07:31,677.58,0.44
8,running,190.36,0.61,696,2025-05-01 15:07:31,673.61,0.44
9,running,148.07,0.9,0,2025-05-01 15:07:31,702.69,0.47
10,idle,60.0,0.2,0,2025-05-01 15:07:31,694.17,0.45
1,running,64.17,0.39,909,2025-05-01 15:07:41,749.99,0.44
2,running,60,0.71,901,2025-05-01 15:07:41,731.28,0.44
3,running,215.53,0.9,0,2025-05-01 15:07:41,746.69,0.44
4,running,99.27,0.55,0,2025-05-01 15:07:41,780.65,0.41
5,running,221.67,0.9,842,2025-05-01 15:07:41,691.18,0.46
6,idle,60.0,0.2,0,2025-05-01 15:07:41,768.2,0.42
7,running,104.14,0.66,0,2025-05-01 15:07:41,677.59,0.45
8,running,173.19,0.9,0,2025-05-01 15:07:41,673.61,0.44
9,running,100.12,0.9,187,2025-05-01 15:07:41,702.69,0.47
10,running,60,0.45,247,2025-05-01 15:07:41,694.17,0.45
1,running,60,0.36,191,2025-05-01 15:07:51,749.99,0.44
2,running,60,0.9,882,2025-05-01 15:07:51,731.28,0.44
3,running,183.07,0.9,0,2025-05-01 15:07:51,746.69,0.44
4,idle,60.0,0.2,0,2025-05-01 15:07:51,780.65,0.41
5,running,182.54,0.86,0,2025-05-01 15:07:51,691.18,0.46
6,error,60.0,0.2,0,2025-05-01 15:07:51,768.2,0.42
7,running,197.24,0.66,284,2025-05-01 15:07:51,677.59,0.45
8,idle,60.0,0.2,0,2025-05-01 15:07:51,673.61,0.44
9,running,161.25,0.89,1153,2025-05-01 15:07:51,702.7,0.48
10,running,60,0.85,0,2025-05-01 15:07:51,694.18,0.46
1,running,133.9,0.79,805,2025-05-01 15:08:01,749.99,0.44
2,running,110.02,0.88,1786,2025-05-01 15:08:01,731.29,0.45
3,running,278.98,0.9,470,2025-05-01 15:08:01,746.69,0.44
4,running,60,0.55,6,2025-05-01 15:08:01,780.65,0.41
5,running,160.42,0.84,0,2025-05-01 15:08:01,691.18,0.46
6,running,125.94,0.15,0,2025-05-01 15:08:01,768.2,0.42
7,running,267.6,0.9,0,2025-05-01 15:08:01,677.59,0.45
8,running,103.7,0.19,0,2025-05-01 15:08:01,673.62,0.45
9,running,162.35,0.9,2001,2025-05-01 15:08:01,702.7,0.48
10,running,60,0.9,706,2025-05-01 15:08:01,694.18,0.46
1,running,107.85,0.9,560,2025-05-01 15:08:11,749.99,0.44
2,running,119.04,0.9,910,2025-05-01 15:08:11,731.29,0.45
3,idle,60.0,0.2,0,2025-05-01 15:08:11,746.69,0.44
4,idle,60.0,0.2,0,2025-05-01 15:08:11,780.65,0.41
5,running,133.07,0.9,0,2025-05-01 15:08:11,691.19,0.47
6,error,60.0,0.2,0,2025-05-01 15:08:11,768.2,0.42
7,running,300,0.9,0,2025-05-01 15:08:11,677.6,0.46
8,idle,60.0,0.2,0,2025-05-01 15:08:11,673.62,0.45
9,idle,60.0,0.2,0,2025-05-01 15:08:11,702.7,0.48
10,running,100.45,0.9,582,2025-05-01 15:08:11,694.18,0.46
1,error,60.0,0.2,0,2025-05-01 15:08:21,749.99,0.44
2,running,188.55,0.9,1107,2025-05-01 15:08:21,731.29,0.45
3,running,60,0.65,0,2025-05-01 15:08:21,746.7,0.45
4,running,60,0.36,0,2025-05-01 15:08:21,780.66,0.42
5,idle,60.0,0.2,0,2025-05-01 15:08:21,691.19,0.47
6,running,128.79,0.52,0,2025-05-01 15:08:21,768.21,0.43
7,running,300,0.9,509,2025-05-01 15:08:21,677.6,0.46
8,idle,60.0,0.2,0,2025-05-01 15:08:21,673.62,0.45
9,running,137.45,0.38,512,2025-05-01 15:08:21,702.7,0.48
10,running,92.46,0.9,0,2025-05-01 15:08:21,694.18,0.46
1,running,158.18,0.23,0,2025-05-01 15:08:31,750.0,0.45
2,running,272.53,0.9,1243,2025-05-01 15:08:31,731.3,0.46
3,running,60.49,0.9,0,2025-05-01 15:08:31,746.7,0.45
4,running,89.12,0.85,0,2025-05-01 15:08:31,780.66,0.42
5,running,137.59,0.51,0,2025-05-01 15:08:31,691.19,0.47
6,idle,60.0,0.2,0,2025-05-01 15:08:31,768.21,0.43
7,running,300,0.9,488,2025-05-01 15:08:31,677.6,0.46
8,idle,60.0,0.2,0,2025-05-01 15:08:31,673.62,0.45
9,running,233.63,0.68,1155,2025-05-01 15:08:31,702.71,0.49
10,running,66.68,0.85,0,2025-05-01 15:08:31,694.19,0.47
1,running,206.85,0.33,0,2025-05-01 15:08:41,750.0,0.45
2,running,240.13,0.9,914,2025-05-01 15:08:41,731.3,0.46
3,idle,60.0,0.2,0,2025-05-01 15:08:41,746.7,0.45
4,running,181.75,0.9,334,2025-05-01 15:08:41,780.66,0.42
5,running,112.03,0.59,969,2025-05-01 15:08:41,691.19,0.47
6,running,60,0.17,0,2025-05-01 15:08:41,768.21,0.43
7,running,300,0.9,0,2025-05-01 15:08:41,677.6,0.46
8,running,60,0.54,0,2025-05-01 15:08:41,673.62,0.45
9,running,255.44,0.85,2132,2025-05-01 15:08:41,702.71,0.49
10,running,60,0.9,416,2025-05-01 15:08:41,694.19,0.47
1,idle,60.0,0.2,0,2025-05-01 15:08:51,750.0,0.45
2,running,240.11,0.9,1749,2025-05-01 15:08:51,731.3,0.46
3,running,63.48,0.2,0,2025-05-01 15:08:51,746.7,0.45
4,running,230.82,0.9,0,2025-05-01 15:08:51,780.66,0.42
5,running,174.33,0.6,227,2025-05-01 15:08:51,691.19,0.47
6,idle,60.0,0.2,0,2025-05-01 15:08:51,768.21,0.43
7,running,300,0.87,0,2025-05-01 15:08:51,677.61,0.47
8,idle,60.0,0.2,0,2025-05-01 15:08:51,673.62,0.45
9,running,279.4,0.9,2995,2025-05-01 15:08:51,702.71,0.49
10,running,60,0.88,161,2025-05-01 15:08:51,694.19,0.47
1,running,77.53,0.42,859,2025-05-01 15:09:01,750.0,0.45
2,running,285.1,0.9,1613,2025-05-01 15:09:01,731.3,0.46
3,running,60,0.66,451,2025-05-01 15:09:01,746.71,0.46
4,idle,60.0,0.2,0,2025-05-01 15:09:01,780.66,0.42
5,running,148.46,0.83,278,2025-05-01 15:09:01,691.2,0.48
6,running,111.2,0.3,545,2025-05-01 15:09:01,768.21,0.43
7,running,300,0.9,0,2025-05-01 15:09:01,677.61,0.47
8,running,60,0.34,61,2025-05-01 15:09:01,673.62,0.45
9,idle,60.0,0.2,0,2025-05-01 15:09:01,702.71,0.49
10,idle,60.0,0.2,0,2025-05-01 15:09:01,694.19,0.47
1,error,60.0,0.2,0,2025-05-01 15:09:11,750.0,0.45
2,running,300,0.9,2611,2025-05-01 15:09:11,731.31,0.47
3,running,67.82,0.61,382,2025-05-01 15:09:11,746.71,0.46
4,running,60,0.3,0,2025-05-01 15:09:11,780.67,0.43
5,running,137.84,0.9,5,2025-05-01 15:09:11,691.2,0.48
6,running,194.02,0.69,1361,2025-05-01 15:09:11,768.22,0.44
7,running,300,0.9,0,2025-05-01 15:09:11,677.61,0.47
8,idle,60.0,0.2,0,2025-05-01 15:09:11,673.62,0.45
9,running,60,0.28,2,2025-05-01 15:09:11,702.71,0.49
10,running,83.34,0.64,0,2025-05-01 15:09:11,694.19,0.47
1,running,130.05,0.27,0,2025-05-01 15:09:21,750.01,0.46
2,running,300,0.9,2775,2025-05-01 15:09:21,731.31,0.47
3,error,60.0,0.2,0,2025-05-01 15:09:21,746.71,0.46
4,running,96.03,0.42,0,2025-05-01 15:09:21,780.67,0.43
5,idle,60.0,0.2,0,2025-05-01 15:09:21,691.2,0.48
6,running,165.59,0.9,1551,2025-05-01 15:09:21,768.22,0.44
7,idle,60.0,0.2,0,2025-05-01 15:09:21,677.61,0.47
8,running,90.25,0.17,510,2025-05-01 15:09:21,673.63,0.46
9,running,69.93,0.33,866,2025-05-01 15:09:21,702.72,0.5
10,running,70.53,0.9,130,2025-05-01 15:09:21,694.2,0.48
1,running,146.87,0.34,939,2025-05-01 15:09:31,750.01,0.46
2,running,300,0.9,2293,2025-05-01 15:09:31,731.31,0.47
3,idle,60.0,0.2,0,2025-05-01 15:09:31,746.71,0.46
4,running,93.47,0.85,0,2025-05-01 15:09:31,780.67,0.43
5,running,139.56,0.28,704,2025-05-01 15:09:31,691.2,0.48
6,running,210.64,0.9,833,2025-05-01 15:09:31,768.22,0.44
7,running,156.39,0.56,0,2025-05-01 15:09:31,677.61,0.47
8,running,85.41,0.38,162,2025-05-01 15:09:31,673.63,0.46
9,running,133.94,0.81,1575,2025-05-01 15:09:31,702.72,0.5
10,running,157.39,0.9,433,2025-05-01 15:09:31,694.2,0.48
1,running,234.01,0.62,651,2025-05-01 15:09:41,750.01,0.46
2,running,300,0.9,2992,2025-05-01 15:09:41,731.31,0.47
3,running,99.61,0.62,0,2025-05-01 15:09:41,746.71,0.46
4,idle,60.0,0.2,0,2025-05-01 15:09:41,780.67,0.43
5,running,220.07,0.68,1427,2025-05-01 15:09:41,691.21,0.49
6,running,254.5,0.9,801,2025-05-01 15:09:41,768.22,0.44
7,idle,60.0,0.2,0,2025-05-01 15:09:41,677.61,0.47
8,running,125.0,0.44,0,2025-05-01 15:09:41,673.63,0.46
9,running,140.57,0.77,1932,2025-05-01 15:09:41,702.72,0.5
10,running,249.0,0.85,957,2025-05-01 15:09:41,694.2,0.48
1,idle,60.0,0.2,0,2025-05-01 15:09:51,750.01,0.46
2,running,300,0.9,3678,2025-05-01 15:09:51,731.32,0.48
3,running,164.89,0.9,0,2025-05-01 15:09:51,746.71,0.46
4,idle,60.0,0.2,0,2025-05-01 15:09:51,780.67,0.43
5,running,243.57,0.79,1378,2025-05-01 15:09:51,691.21,0.49
6,running,300,0.9,668,2025-05-01 15:09:51,768.23,0.45
7,running,116.87,0.42,127,2025-05-01 15:09:51,677.62,0.48
8,idle,60.0,0.2,0,2025-05-01 15:09:51,673.63,0.46
9,running,114.28,0.9,1518,2025-05-01 15:09:51,702.73,0.51
10,running,219.63,0.9,1947,2025-05-01 15:09:51,694.21,0.49
1,running,60,0.4,261,2025-05-01 15:10:01,750.01,0.46
2,running,300,0.9,4144,2025-05-01 15:10:01,731.32,0.48
3,running,184.13,0.9,689,2025-05-01 15:10:01,746.72,0.47
4,running,98.69,0.38,507,2025-05-01 15:10:01,780.68,0.44
5,running,210.29,0.9,1757,2025-05-01 15:10:01,691.21,0.49
6,idle,60.0,0.2,0,2025-05-01 15:10:01,768.23,0.45
7,idle,60.0,0.2,0,2025-05-01 15:10:01,677.62,0.48
8,running,94.83,0.22,512,2025-05-01 15:10:01,673.63,0.46
9,running,167.33,0.9,941,2025-05-01 15:10:01,702.73,0.51
10,running,293.69,0.9,1256,2025-05-01 15:10:01,694.21,0.49
1,running,114.48,0.75,0,2025-05-01 15:10:11,750.02,0.47
2,running,300,0.9,3400,2025-05-01 15:10:11,731.32,0.48
3,running,168.71,0.9,1044,2025-05-01 15:10:11,746.72,0.47
4,idle,60.0,0.2,0,2025-05-01 15:10:11,780.68,0.44
5,running,208.49,0.9,2654,2025-05-01 15:10:11,691.21,0.49
6,running,76.03,0.48,882,2025-05-01 15:10:11,768.23,0.45
7,running,60,0.44,672,2025-05-01 15:10:11,677.62,0.48
8,running,60,0.6,266,2025-05-01 15:10:11,673.64,0.47
9,running,172.45,0.9,1348,2025-05-01 15:10:11,702.73,0.51
10,running,300,0.9,739,2025-05-01 15:10:11,694.21,0.49
1,running,78.42,0.7,0,2025-05-01 15:10:21,750.02,0.47
2,running,291.09,0.9,4368,2025-05-01 15:10:21,731.33,0.49
3,error,60.0,0.2,0,2025-05-01 15:10:21,746.72,0.47
4,running,60,0.48,0,2025-05-01 15:10:21,780.68,0.44
5,running,243.3,0.9,1743,2025-05-01 15:10:21,691.22,0.5
6,error,60.0,0.2,0,2025-05-01 15:10:21,768.23,0.45
7,running,110.84,0.9,1404,2025-05-01 15:10:21,677.62,0.48
8,running,100.79,0.75,1130,2025-05-01 15:10:21,673.64,0.47
9,running,183.09,0.9,2101,2025-05-01 15:10:21,702.73,0.51
10,idle,60.0,0.2,0,2025-05-01 15:10:21,694.21,0.49
1,running,144.15,0.9,680,2025-05-01 15:10:31,750.02,0.47
2,running,297.61,0.9,3384,2025-05-01 15:10:31,731.33,0.49
3,running,60,0.3,903,2025-05-01 15:10:31,746.72,0.47
4,running,100.67,0.81,0,2025-05-01 15:10:31,780.68,0.44
5,running,300,0.9,1563,2025-05-01 15:10:31,691.22,0.5
6,running,60,0.41,0,2025-05-01 15:10:31,768.23,0.45
7,error,60.0,0.2,0,2025-05-01 15:10:31,677.62,0.48
8,running,154.58,0.9,937,2025-05-01 15:10:31,673.64,0.47
9,running,245.59,0.9,1695,2025-05-01 15:10:31,702.74,0.52
10,running,117.75,0.32,785,2025-05-01 15:10:31,694.21,0.49
1,running,133.61,0.9,1078,2025-05-01 15:10:41,750.02,0.47
2,running,300,0.9,3088,2025-05-01 15:10:41,731.33,0.49
3,running,60,0.63,122,2025-05-01 15:10:41,746.72,0.47
4,running,90.11,0.9,944,2025-05-01 15:10:41,780.68,0.44
5,idle,60.0,0.2,0,2025-05-01 15:10:41,691.22,0.5
6,running,60,0.39,0,2025-05-01 15:10:41,768.24,0.46
7,running,89.91,0.35,0,2025-05-01 15:10:41,677.63,0.49
8,running,180.37,0.9,371,2025-05-01 15:10:41,673.64,0.47
9,running,300,0.9,1880,2025-05-01 15:10:41,702.74,0.52
10,running,81.2,0.81,1029,2025-05-01 15:10:41,694.22,0.5
1,running,175.99,0.9,1458,2025-05-01 15:10:51,750.03,0.48
2,running,300,0.89,3033,2025-05-01 15:10:51,731.33,0.49
3,running,60,0.76,609,2025-05-01 15:10:51,746.73,0.48
4,running,77.38,0.9,425,2025-05-01 15:10:51,780.69,0.45
5,idle,60.0,0.2,0,2025-05-01 15:10:51,691.22,0.5
6,running,60,0.74,196,2025-05-01 15:10:51,768.24,0.46
7,running,60,0.31,0,2025-05-01 15:10:51,677.63,0.49
8,running,237.1,0.9,414,2025-05-01 15:10:51,673.65,0.48
9,error,60.0,0.2,0,2025-05-01 15:10:51,702.74,0.52
10,running,134.76,0.9,113,2025-05-01 15:10:51,694.22,0.5
1,running,198.6,0.9,2223,2025-05-01 15:11:01,750.03,0.48
2,running,300,0.9,3810,2025-05-01 15:11:01,731.34,0.5
3,running,60,0.9,894,2025-05-01 15:11:01,746.73,0.48
4,running,168.89,0.9,625,2025-05-01 15:11:01,780.69,0.45
5,running,109.66,0.36,0,2025-05-01 15:11:01,691.22,0.5
6,running,60,0.9,0,2025-05-01 15:11:01,768.24,0.46
7,error,60.0,0.2,0,2025-05-01 15:11:01,677.63,0.49
8,running,300,0.9,1132,2025-05-01 15:11:01,673.65,0.48
9,running,67.69,0.6,907,2025-05-01 15:11:01,702.74,0.52
10,running,156.15,0.9,952,2025-05-01 15:11:01,694.22,0.5
1,error,60.0,0.2,0,2025-05-01 15:11:11,750.03,0.48
2,running,300,0.9,2914,2025-05-01 15:11:11,731.34,0.5
3,running,149.93,0.9,1871,2025-05-01 15:11:11,746.73,0.48
4,running,139.95,0.9,716,2025-05-01 15:11:11,780.69,0.45
5,running,181.77,0.76,895,2025-05-01 15:11:11,691.23,0.51
6,running,60,0.9,0,2025-05-01 15:11:11,768.24,0.46
7,error,60.0,0.2,0,2025-05-01 15:11:11,677.63,0.49
8,running,288.18,0.9,425,2025-05-01 15:11:11,673.65,0.48
9,running,160.16,0.8,1259,2025-05-01 15:11:11,702.74,0.52
10,idle,60.0,0.2,0,2025-05-01 15:11:11,694.22,0.5
1,running,96.93,0.26,326,2025-05-01 15:11:21,750.03,0.48
2,running,300,0.9,3193,2025-05-01 15:11:21,731.34,0.5
3,running,200.55,0.9,1500,2025-05-01 15:11:21,746.74,0.49
4,running,145.56,0.9,0,2025-05-01 15:11:21,780.7,0.46
5,running,136.21,0.9,885,2025-05-01 15:11:21,691.23,0.51
6,running,154.12,0.9,0,2025-05-01 15:11:21,768.25,0.47
7,running,93.56,0.4,0,2025-05-01 15:11:21,677.63,0.49
8,running,293.84,0.9,0,2025-05-01 15:11:21,673.66,0.49
9,running,257.66,0.9,2173,2025-05-01 15:11:21,702.75,0.53
10,idle,60.0,0.2,0,2025-05-01 15:11:21,694.22,0.5
1,running,97.32,0.75,370,2025-05-01 15:11:31,750.04,0.49
2,running,300,0.9,3579,2025-05-01 15:11:31,731.35,0.51
3,idle,60.0,0.2,0,2025-05-01 15:11:31,746.74,0.49
4,running,141.62,0.89,0,2025-05-01 15:11:31,780.7,0.46
5,running,167.56,0.88,124,2025-05-01 15:11:31,691.23,0.51
6,idle,60.0,0.2,0,2025-05-01 15:11:31,768.25,0.47
7,idle,60.0,0.2,0,2025-05-01 15:11:31,677.63,0.49
8,running,300,0.9,241,2025-05-01 15:11:31,673.66,0.49
9,running,268.11,0.9,2329,2025-05-01 15:11:31,702.75,0.53
10,running,60,0.36,0,2025-05-01 15:11:31,694.23,0.51
1,running,191.27,0.9,928,2025-05-01 15:11:41,750.04,0.49
2,running,295.09,0.9,3835,2025-05-01 15:11:41,731.35,0.51
3,running,60,0.65,792,2025-05-01 15:11:41,746.74,0.49
4,running,98.7,0.9,22,2025-05-01 15:11:41,780.7,0.46
5,running,180.29,0.9,149,2025-05-01 15:11:41,691.23,0.51
6,running,97.99,0.29,0,2025-05-01 15:11:41,768.25,0.47
7,running,60,0.37,0,2025-05-01 15:11:41,677.63,0.49
8,idle,60.0,0.2,0,2025-05-01 15:11:41,673.66,0.49
9,running,278.87,0.9,1337,2025-05-01 15:11:41,702.75,0.53
10,running,117.12,0.4,911,2025-05-01 15:11:41,694.23,0.51
1,idle,60.0,0.2,0,2025-05-01 15:11:51,750.04,0.49
2,running,286.88,0.9,3656,2025-05-01 15:11:51,731.35,0.51
3,idle,60.0,0.2,0,2025-05-01 15:11:51,746.74,0.49
4,running,147.76,0.9,0,2025-05-01 15:11:51,780.7,0.46
5,running,269.22,0.9,10,2025-05-01 15:11:51,691.24,0.52
6,idle,60.0,0.2,0,2025-05-01 15:11:51,768.25,0.47
7,running,60.04,0.6,0,2025-05-01 15:11:51,677.64,0.5
8,running,128.92,0.42,0,2025-05-01 15:11:51,673.66,0.49
9,running,246.98,0.9,1828,2025-05-01 15:11:51,702.76,0.54
10,running,174.85,0.77,606,2025-05-01 15:11:51,694.23,0.51
1,running,101.7,0.44,497,2025-05-01 15:12:01,750.04,0.49
2,running,300,0.9,3837,2025-05-01 15:12:01,731.35,0.51
3,running,69.37,0.31,87,2025-05-01 15:12:01,746.74,0.49
4,running,229.06,0.9,985,2025-05-01 15:12:01,780.71,0.47
5,running,300,0.9,389,2025-05-01 15:12:01,691.24,0.52
6,running,65.2,0.65,0,2025-05-01 15:12:01,768.25,0.47
7,running,103.2,0.82,0,2025-05-01 15:12:01,677.64,0.5
8,running,109.12,0.45,814,2025-05-01 15:12:01,673.66,0.49
9,error,60.0,0.2,0,2025-05-01 15:12:01,702.76,0.54
10,running,165.36,0.9,161,2025-05-01 15:12:01,694.23,0.51
1,running,120.45,0.74,1012,2025-05-01 15:12:11,750.04,0.49
2,idle,60.0,0.2,0,2025-05-01 15:12:11,731.35,0.51
3,running,107.44,0.72,0,2025-05-01 15:12:11,746.74,0.49
4,running,275.05,0.9,138,2025-05-01 15:12:11,780.71,0.47
5,running,300,0.9,1379,2025-05-01 15:12:11,691.24,0.52
6,running,82.13,0.63,0,2025-05-01 15:12:11,768.25,0.47
7,error,60.0,0.2,0,2025-05-01 15:12:11,677.64,0.5
8,running,69.16,0.53,397,2025-05-01 15:12:11,673.67,0.5
9,running,60,0.65,838,2025-05-01 15:12:11,702.76,0.54
10,running,209.13,0.9,1091,2025-05-01 15:12:11,694.24,0.52
1,running,80.73,0.86,1160,2025-05-01 15:12:21,750.05,0.5
2,running,94.34,0.55,0,2025-05-01 15:12:21,731.36,0.52
3,idle,60.0,0.2,0,2025-05-01 15:12:21,746.74,0.49
4,error,60.0,0.2,0,2025-05-01 15:12:21,780.71,0.47
5,running,300,0.9,1729,2025-05-01 15:12:21,691.24,0.52
6,running,60,0.9,0,2025-05-01 15:12:21,768.26,0.48
7,error,60.0,0.2,0,2025-05-01 15:12:21,677.64,0.5
8,running,161.17,0.9,868,2025-05-01 15:12:21,673.67,0.5
9,running,80.91,0.9,229,2025-05-01 15:12:21,702.76,0.54
10,running,227.69,0.9,1786,2025-05-01 15:12:21,694.24,0.52
1,running,162.19,0.9,897,2025-05-01 15:12:31,750.05,0.5
2,idle,60.0,0.2,0,2025-05-01 15:12:31,731.36,0.52
3,running,84.55,0.17,0,2025-05-01 15:12:31,746.75,0.5
4,running,94.95,0.28,0,2025-05-01 15:12:31,780.71,0.47
5,running,269.6,0.9,1776,2025-05-01 15:12:31,691.25,0.53
6,running,66.42,0.88,0,2025-05-01 15:12:31,768.26,0.48
7,running,119.69,0.23,0,2025-05-01 15:12:31,677.64,0.5
8,idle,60.0,0.2,0,2025-05-01 15:12:31,673.67,0.5
9,running,179.78,0.9,873,2025-05-01 15:12:31,702.76,0.54
10,running,213.13,0.9,1362,2025-05-01 15:12:31,694.24,0.52
1,running,155.29,0.9,916,2025-05-01 15:12:41,750.05,0.5
2,running,100.33,0.53,0,2025-05-01 15:12:41,731.36,0.52
3,running,154.3,0.27,778,2025-05-01 15:12:41,746.75,0.5
4,running,162.25,0.27,985,2025-05-01 15:12:41,780.71,0.47
5,idle,60.0,0.2,0,2025-05-01 15:12:41,691.25,0.53
6,running,60,0.9,0,2025-05-01 15:12:41,768.26,0.48
7,running,183.74,0.64,0,2025-05-01 15:12:41,677.65,0.51
8,running,151.23,0.64,0,2025-05-01 15:12:41,673.67,0.5
9,running,175.83,0.9,1359,2025-05-01 15:12:41,702.77,0.55
10,running,276.76,0.9,2091,2025-05-01 15:12:41,694.24,0.52
1,running,171.77,0.9,628,2025-05-01 15:12:51,750.06,0.51
2,idle,60.0,0.2,0,2025-05-01 15:12:51,731.36,0.52
3,running,117.0,0.41,104,2025-05-01 15:12:51,746.75,0.5
4,running,213.38,0.44,1354,2025-05-01 15:12:51,780.72,0.48
5,running,60,0.69,0,2025-05-01 15:12:51,691.25,0.53
6,running,134.39,0.9,427,2025-05-01 15:12:51,768.27,0.49
7,running,243.91,0.63,0,2025-05-01 15:12:51,677.65,0.51
8,running,215.4,0.9,0,2025-05-01 15:12:51,673.68,0.51
9,running,196.38,0.9,1576,2025-05-01 15:12:51,702.77,0.55
10,running,300,0.9,2727,2025-05-01 15:12:51,694.25,0.53
1,running,171.96,0.9,0,2025-05-01 15:13:01,750.06,0.51
2,running,60,0.17,0,2025-05-01 15:13:01,731.36,0.52
3,running,149.19,0.83,810,2025-05-01 15:13:01,746.76,0.51
4,idle,60.0,0.2,0,2025-05-01 15:13:01,780.72,0.48
5,running,76.06,0.9,0,2025-05-01 15:13:01,691.25,0.53
6,running,202.13,0.9,0,2025-05-01 15:13:01,768.27,0.49
7,running,262.72,0.9,0,2025-05-01 15:13:01,677.65,0.51
8,running,214.06,0.88,46,2025-05-01 15:13:01,673.68,0.51
9,running,254.5,0.9,1851,2025-05-01 15:13:01,702.77,0.55
10,idle,60.0,0.2,0,2025-05-01 15:13:01,694.25,0.53
1,running,220.73,0.9,0,2025-05-01 15:13:11,750.06,0.51
2,running,60,0.27,829,2025-05-01 15:13:11,731.36,0.52
3,running,232.23,0.84,533,2025-05-01 15:13:11,746.76,0.51
4,running,138.13,0.45,0,2025-05-01 15:13:11,780.72,0.48
5,running,60,0.9,359,2025-05-01 15:13:11,691.26,0.54
6,running,154.02,0.9,0,2025-05-01 15:13:11,768.27,0.49
7,running,279.39,0.9,311,2025-05-01 15:13:11,677.65,0.51
8,running,166.23,0.9,859,2025-05-01 15:13:11,673.68,0.51
9,running,268.16,0.9,2157,2025-05-01 15:13:11,702.78,0.56
10,running,139.22,0.21,0,2025-05-01 15:13:11,694.25,0.53
1,running,296.94,0.9,0,2025-05-01 15:13:22,750.06,0.51
2,running,93.15,0.47,1539,2025-05-01 15:13:22,731.37,0.53
3,running,300.0,0.9,1225,2025-05-01 15:13:22,746.76,0.51
4,running,233.89,0.73,0,2025-05-01 15:13:22,780.72,0.48
5,running,60,0.89,1062,2025-05-01 15:13:22,691.26,0.54
6,running,208.54,0.9,637,2025-05-01 15:13:22,768.27,0.49
7,idle,60.0,0.2,0,2025-05-01 15:13:22,677.65,0.51
8,running,264.67,0.9,1465,2025-05-01 15:13:22,673.68,0.51
9,running,300,0.9,1371,2025-05-01 15:13:22,702.78,0.56
10,idle,60.0,0.2,0,2025-05-01 15:13:22,694.25,0.53
1,running,300,0.9,0,2025-05-01 15:13:32,750.07,0.52
2,running,105.61,0.57,2287,2025-05-01 15:13:32,731.37,0.53
3,running,294.82,0.9,277,2025-05-01 15:13:32,746.76,0.51
4,running,192.86,0.88,0,2025-05-01 15:13:32,780.73,0.49
5,running,67.9,0.9,1161,2025-05-01 15:13:32,691.26,0.54
6,running,171.16,0.9,1119,2025-05-01 15:13:32,768.28,0.5
7,running,67.4,0.63,0,2025-05-01 15:13:32,677.66,0.52
8,running,300,0.9,1057,2025-05-01 15:13:32,673.69,0.52
9,running,300,0.9,2239,2025-05-01 15:13:32,702.78,0.56
10,idle,60.0,0.2,0,2025-05-01 15:13:32,694.25,0.53
1,running,300,0.9,0,2025-05-01 15:13:42,750.07,0.52
2,running,205.56,0.88,2650,2025-05-01 15:13:42,731.37,0.53
3,idle,60.0,0.2,0,2025-05-01 15:13:42,746.76,0.51
4,running,173.02,0.9,0,2025-05-01 15:13:42,780.73,0.49
5,running,152.81,0.9,790,2025-05-01 15:13:42,691.26,0.54
6,running,138.98,0.9,757,2025-05-01 15:13:42,768.28,0.5
7,running,60,0.9,842,2025-05-01 15:13:42,677.66,0.52
8,running,289.75,0.9,1356,2025-05-01 15:13:42,673.69,0.52
9,running,300,0.9,1679,2025-05-01 15:13:42,702.78,0.56
10,running,127.96,0.42,395,2025-05-01 15:13:42,694.25,0.53
1,running,300,0.9,0,2025-05-01 15:13:52,750.07,0.52
2,running,190.11,0.9,2662,2025-05-01 15:13:52,731.38,0.54
3,running,119.71,0.69,0,2025-05-01 15:13:52,746.77,0.52
4,idle,60.0,0.2,0,2025-05-01 15:13:52,780.73,0.49
5,running,240.67,0.9,498,2025-05-01 15:13:52,691.27,0.55
6,idle,60.0,0.2,0,2025-05-01 15:13:52,768.28,0.5
7,running,135.79,0.9,1297,2025-05-01 15:13:52,677.66,0.52
8,running,268.08,0.9,905,2025-05-01 15:13:52,673.69,0.52
9,running,282.02,0.87,876,2025-05-01 15:13:52,702.79,0.57
10,running,157.6,0.66,0,2025-05-01 15:13:52,694.26,0.54
1,running,300,0.9,760,2025-05-01 15:14:02,750.07,0.52
2,running,158.56,0.9,2974,2025-05-01 15:14:02,731.38,0.54
3,running,202.65,0.9,0,2025-05-01 15:14:02,746.77,0.52
4,running,131.41,0.2,0,2025-05-01 15:14:02,780.73,0.49
5,running,295.36,0.9,1076,2025-05-01 15:14:02,691.27,0.55
6,running,60,0.3,0,2025-05-01 15:14:02,768.28,0.5
7,running,198.89,0.9,1108,2025-05-01 15:14:02,677.66,0.52
8,running,243.88,0.9,411,2025-05-01 15:14:02,673.69,0.52
9,running,282.93,0.88,1064,2025-05-01 15:14:02,702.79,0.57
10,running,210.16,0.82,845,2025-05-01 15:14:02,694.26,0.54
1,error,60.0,0.2,0,2025-05-01 15:14:12,750.07,0.52
2,running,229.35,0.9,2281,2025-05-01 15:14:12,731.38,0.54
3,running,187.08,0.9,366,2025-05-01 15:14:12,746.77,0.52
4,running,152.93,0.66,0,2025-05-01 15:14:12,780.73,0.49
5,idle,60.0,0.2,0,2025-05-01 15:14:12,691.27,0.55
6,idle,60.0,0.2,0,2025-05-01 15:14:12,768.28,0.5
7,running,226.92,0.9,1622,2025-05-01 15:14:12,677.67,0.53
8,idle,60.0,0.2,0,2025-05-01 15:14:12,673.69,0.52
9,running,253.82,0.9,1619,2025-05-01 15:14:12,702.79,0.57
10,running,169.69,0.79,360,2025-05-01 15:14:12,694.26,0.54
1,running,100.96,0.31,0,2025-05-01 15:14:22,750.08,0.53
2,idle,60.0,0.2,0,2025-05-01 15:14:22,731.38,0.54
3,running,198.39,0.9,1172,2025-05-01 15:14:22,746.77,0.52
4,idle,60.0,0.2,0,2025-05-01 15:14:22,780.73,0.49
5,error,60.0,0.2,0,2025-05-01 15:14:22,691.27,0.55
6,running,159.2,0.54,0,2025-05-01 15:14:22,768.29,0.51
7,running,300,0.9,2400,2025-05-01 15:14:22,677.67,0.53
8,running,116.89,0.27,489,2025-05-01 15:14:22,673.7,0.53
9,running,280.14,0.9,2490,2025-05-01 15:14:22,702.79,0.57
10,idle,60.0,0.2,0,2025-05-01 15:14:22,694.26,0.54
1,running,65.18,0.46,765,2025-05-01 15:14:32,750.08,0.53
2,idle,60.0,0.2,0,2025-05-01 15:14:32,731.38,0.54
3,running,197.78,0.9,1491,2025-05-01 15:14:32,746.78,0.53
4,running,94.91,0.47,0,2025-05-01 15:14:32,780.74,0.5
5,running,102.38,0.38,0,2025-05-01 15:14:32,691.27,0.55
6,running,221.09,0.9,839,2025-05-01 15:14:32,768.29,0.51
7,running,278.18,0.9,2289,2025-05-01 15:14:32,677.67,0.53
8,running,173.11,0.58,418,2025-05-01 15:14:32,673.7,0.53
9,running,300,0.88,2057,2025-05-01 15:14:32,702.8,0.58
10,running,74.02,0.69,704,2025-05-01 15:14:32,694.26,0.54
1,idle,60.0,0.2,0,2025-05-01 15:14:42,750.08,0.53
2,running,65.87,0.23,894,2025-05-01 15:14:42,731.38,0.54
3,running,197.75,0.9,672,2025-05-01 15:14:42,746.78,0.53
4,idle,60.0,0.2,0,2025-05-01 15:14:42,780.74,0.5
5,running,145.87,0.38,0,2025-05-01 15:14:42,691.28,0.56
6,idle,60.0,0.2,0,2025-05-01 15:14:42,768.29,0.51
7,running,275.79,0.88,2674,2025-05-01 15:14:42,677.68,0.54
8,running,261.64,0.6,701,2025-05-01 15:14:42,673.7,0.53
9,running,300,0.9,2270,2025-05-01 15:14:42,702.8,0.58
10,running,96.71,0.83,0,2025-05-01 15:14:42,694.27,0.55
1,running,122.32,0.18,0,2025-05-01 15:14:52,750.08,0.53
2,running,124.32,0.41,663,2025-05-01 15:14:52,731.39,0.55
3,running,150.23,0.9,0,2025-05-01 15:14:52,746.78,0.53
4,running,60,0.2,367,2025-05-01 15:14:52,780.74,0.5
5,idle,60.0,0.2,0,2025-05-01 15:14:52,691.28,0.56
6,running,89.32,0.69,0,2025-05-01 15:14:52,768.29,0.51
7,error,60.0,0.2,0,2025-05-01 15:14:52,677.68,0.54
8,running,271.67,0.9,815,2025-05-01 15:14:52,673.71,0.54
9,running,279.84,0.9,2269,2025-05-01 15:14:52,702.8,0.58
10,running,141.32,0.9,585,2025-05-01 15:14:52,694.27,0.55
1,idle,60.0,0.2,0,2025-05-01 15:15:02,750.08,0.53
2,running,221.92,0.46,656,2025-05-01 15:15:02,731.39,0.55
3,running,196.08,0.9,979,2025-05-01 15:15:02,746.79,0.54
4,running,120.68,0.39,221,2025-05-01 15:15:02,780.74,0.5
5,idle,60.0,0.2,0,2025-05-01 15:15:02,691.28,0.56
6,idle,60.0,0.2,0,2025-05-01 15:15:02,768.29,0.51
7,running,99.22,0.44,0,2025-05-01 15:15:02,677.68,0.54
8,running,300,0.9,854,2025-05-01 15:15:02,673.71,0.54
9,running,300,0.9,1916,2025-05-01 15:15:02,702.81,0.59
10,running,162.14,0.9,0,2025-05-01 15:15:02,694.27,0.55
1,running,60,0.4,0,2025-05-01 15:15:12,750.09,0.54
2,running,281.94,0.62,0,2025-05-01 15:15:12,731.39,0.55
3,running,205.63,0.9,1329,2025-05-01 15:15:12,746.79,0.54
4,running,190.82,0.68,1193,2025-05-01 15:15:12,780.75,0.51
5,error,60.0,0.2,0,2025-05-01 15:15:12,691.28,0.56
6,running,92.4,0.5,348,2025-05-01 15:15:12,768.29,0.51
7,running,156.58,0.75,0,2025-05-01 15:15:12,677.68,0.54
8,running,300,0.9,240,2025-05-01 15:15:12,673.71,0.54
9,running,300,0.9,2597,2025-05-01 15:15:12,702.81,0.59
10,idle,60.0,0.2,0,2025-05-01 15:15:12,694.27,0.55
1,running,98.21,0.53,0,2025-05-01 15:15:22,750.09,0.54
2,running,272.06,0.9,31,2025-05-01 15:15:22,731.4,0.56
3,running,289.34,0.9,401,2025-05-01 15:15:22,746.79,0.54
4,idle,60.0,0.2,0,2025-05-01 15:15:22,780.75,0.51
5,running,150.29,0.24,559,2025-05-01 15:15:22,691.28,0.56
6,idle,60.0,0.2,0,2025-05-01 15:15:22,768.29,0.51
7,running,197.86,0.9,0,2025-05-01 15:15:22,677.68,0.54
8,idle,60.0,0.2,0,2025-05-01 15:15:22,673.71,0.54
9,running,300,0.9,1823,2025-05-01 15:15:22,702.81,0.59
10,idle,60.0,0.2,0,2025-05-01 15:15:22,694.27,0.55
1,running,156.05,0.78,392,2025-05-01 15:15:32,750.09,0.54
2,idle,60.0,0.2,0,2025-05-01 15:15:32,731.4,0.56
3,running,276.07,0.9,0,2025-05-01 15:15:32,746.79,0.54
4,running,60,0.44,305,2025-05-01 15:15:32,780.75,0.51
5,idle,60.0,0.2,0,2025-05-01 15:15:32,691.28,0.56
6,running,145.46,0.28,0,2025-05-01 15:15:32,768.3,0.52
7,running,276.81,0.9,326,2025-05-01 15:15:32,677.69,0.55
8,running,60,0.23,716,2025-05-01 15:15:32,673.71,0.54
9,running,300,0.9,1038,2025-05-01 15:15:32,702.81,0.59
10,running,63.62,0.69,645,2025-05-01 15:15:32,694.28,0.56
1,running,158.9,0.8,553,2025-05-01 15:15:42,750.09,0.54
2,running,123.88,0.21,0,2025-05-01 15:15:42,731.4,0.56
3,running,300,0.9,409,2025-05-01 15:15:42,746.8,0.55
4,running,60,0.72,1192,2025-05-01 15:15:42,780.75,0.51
5,running,64.41,0.59,0,2025-05-01 15:15:42,691.28,0.56
6,running,156.86,0.71,0,2025-05-01 15:15:42,768.3,0.52
7,running,281.32,0.9,655,2025-05-01 15:15:42,677.69,0.55
8,running,134.72,0.23,316,2025-05-01 15:15:42,673.72,0.55
9,running,256.26,0.9,921,2025-05-01 15:15:42,702.82,0.6
10,running,89.38,0.83,246,2025-05-01 15:15:42,694.28,0.56
1,running,246.03,0.9,1155,2025-05-01 15:15:52,750.1,0.55
2,error,60.0,0.2,0,2025-05-01 15:15:52,731.4,0.56
3,running,300,0.9,58,2025-05-01 15:15:52,746.8,0.55
4,running,80.61,0.9,2099,2025-05-01 15:15:52,780.75,0.51
5,running,83.3,0.9,95,2025-05-01 15:15:52,691.28,0.56
6,running,165.47,0.9,286,2025-05-01 15:15:52,768.3,0.52
7,running,235.35,0.9,0,2025-05-01 15:15:52,677.69,0.55
8,running,182.25,0.49,0,2025-05-01 15:15:52,673.72,0.55
9,idle,60.0,0.2,0,2025-05-01 15:15:52,702.82,0.6
10,running,154.7,0.9,568,2025-05-01 15:15:52,694.28,0.56
1,running,281.75,0.9,2011,2025-05-01 15:16:02,750.1,0.55
2,idle,60.0,0.2,0,2025-05-01 15:16:02,731.4,0.56
3,running,300,0.9,220,2025-05-01 15:16:02,746.8,0.55
4,running,60,0.9,2859,2025-05-01 15:16:02,780.76,0.52
5,running,178.35,0.9,0,2025-05-01 15:16:02,691.29,0.57
6,running,119.65,0.9,0,2025-05-01 15:16:02,768.3,0.52
7,running,300,0.9,218,2025-05-01 15:16:02,677.7,0.56
8,running,278.7,0.75,67,2025-05-01 15:16:02,673.72,0.55
9,running,60,0.61,0,2025-05-01 15:16:02,702.82,0.6
10,running,229.55,0.9,1230,2025-05-01 15:16:02,694.28,0.56
1,idle,60.0,0.2,0,2025-05-01 15:16:12,750.1,0.55
2,running,72.5,0.16,291,2025-05-01 15:16:12,731.4,0.56
3,running,300,0.9,0,2025-05-01 15:16:12,746.81,0.56
4,error,60.0,0.2,0,2025-05-01 15:16:12,780.76,0.52
5,error,60.0,0.2,0,2025-05-01 15:16:12,691.29,0.57
6,running,110.37,0.9,0,2025-05-01 15:16:12,768.31,0.53
7,running,259.95,0.9,325,2025-05-01 15:16:12,677.7,0.56
8,running,300,0.9,453,2025-05-01 15:16:12,673.73,0.56
9,error,60.0,0.2,0,2025-05-01 15:16:12,702.82,0.6
10,running,291.58,0.9,942,2025-05-01 15:16:12,694.29,0.57
1,running,125.21,0.48,588,2025-05-01 15:16:22,750.1,0.55
2,running,60,0.37,0,2025-05-01 15:16:22,731.4,0.56
3,running,300,0.9,589,2025-05-01 15:16:22,746.81,0.56
4,idle,60.0,0.2,0,2025-05-01 15:16:22,780.76,0.52
5,idle,60.0,0.2,0,2025-05-01 15:16:22,691.29,0.57
6,running,155.21,0.9,300,2025-05-01 15:16:22,768.31,0.53
7,running,238.24,0.9,495,2025-05-01 15:16:22,677.7,0.56
8,running,268.04,0.9,984,2025-05-01 15:16:22,673.73,0.56
9,running,60,0.42,656,2025-05-01 15:16:22,702.82,0.6
10,idle,60.0,0.2,0,2025-05-01 15:16:22,694.29,0.57
1,running,143.95,0.9,1103,2025-05-01 15:16:32,750.11,0.56
2,running,76.48,0.5,979,2025-05-01 15:16:32,731.41,0.57
3,idle,60.0,0.2,0,2025-05-01 15:16:32,746.81,0.56
4,running,60,0.24,0,2025-05-01 15:16:32,780.76,0.52
5,idle,60.0,0.2,0,2025-05-01 15:16:32,691.29,0.57
6,running,151.59,0.9,0,2025-05-01 15:16:32,768.31,0.53
7,running,299.6,0.9,499,2025-05-01 15:16:32,677.7,0.56
8,idle,60.0,0.2,0,2025-05-01 15:16:32,673.73,0.56
9,running,152.58,0.73,1024,2025-05-01 15:16:32,702.83,0.61
10,running,129.69,0.65,753,2025-05-01 15:16:32,694.29,0.57
1,running,149.59,0.9,1224,2025-05-01 15:16:42,750.11,0.56
2,running,109.96,0.9,1281,2025-05-01 15:16:42,731.41,0.57
3,running,88.87,0.6,0,2025-05-01 15:16:42,746.81,0.56
4,idle,60.0,0.2,0,2025-05-01 15:16:42,780.76,0.52
5,running,98.94,0.18,793,2025-05-01 15:16:42,691.29,0.57
6,running,148.37,0.9,490,2025-05-01 15:16:42,768.32,0.54
7,running,300,0.9,1367,2025-05-01 15:16:42,677.71,0.57
8,running,60,0.24,0,2025-05-01 15:16:42,673.73,0.56
9,running,237.39,0.9,761,2025-05-01 15:16:42,702.83,0.61
10,running,145.94,0.9,1132,2025-05-01 15:16:42,694.29,0.57
1,running,180.09,0.9,1931,2025-05-01 15:16:52,750.11,0.56
2,running,102.84,0.9,1582,2025-05-01 15:16:52,731.41,0.57
3,running,123.11,0.9,0,2025-05-01 15:16:52,746.81,0.56
4,running,60,0.61,323,2025-05-01 15:16:52,780.76,0.52
5,error,60.0,0.2,0,2025-05-01 15:16:52,691.29,0.57
6,running,160.41,0.9,0,2025-05-01 15:16:52,768.32,0.54
7,running,256.24,0.9,1045,2025-05-01 15:16:52,677.71,0.57
8,idle,60.0,0.2,0,2025-05-01 15:16:52,673.73,0.56
9,running,279.0,0.9,1521,2025-05-01 15:16:52,702.83,0.61
10,running,179.35,0.9,253,2025-05-01 15:16:52,694.29,0.57
1,running,174.49,0.9,2774,2025-05-01 15:17:02,750.11,0.56
2,running,169.87,0.88,2300,2025-05-01 15:17:02,731.41,0.57
3,running,219.57,0.9,0,2025-05-01 15:17:02,746.82,0.57
4,running,60,0.9,0,2025-05-01 15:17:02,780.76,0.52
5,running,132.26,0.7,0,2025-05-01 15:17:02,691.29,0.57
6,running,140.64,0.9,313,2025-05-01 15:17:02,768.32,0.54
7,running,235.54,0.9,1797,2025-05-01 15:17:02,677.71,0.57
8,idle,60.0,0.2,0,2025-05-01 15:17:02,673.73,0.56
9,idle,60.0,0.2,0,2025-05-01 15:17:02,702.83,0.61
10,running,133.03,0.89,849,2025-05-01 15:17:02,694.3,0.58
1,running,164.5,0.9,3358,2025-05-01 15:17:12,750.12,0.57
2,running,180.05,0.9,2908,2025-05-01 15:17:12,731.42,0.58
3,running,296.16,0.9,154,2025-05-01 15:17:12,746.82,0.57
4,running,73.98,0.9,789,2025-05-01 15:17:12,780.77,0.53
5,running,146.67,0.65,939,2025-05-01 15:17:12,691.29,0.57
6,running,128.64,0.9,735,2025-05-01 15:17:12,768.32,0.54
7,running,263.02,0.9,1066,2025-05-01 15:17:12,677.71,0.57
8,idle,60.0,0.2,0,2025-05-01 15:17:12,673.73,0.56
9,running,60,0.6,699,2025-05-01 15:17:12,702.83,0.61
10,error,60.0,0.2,0,2025-05-01 15:17:12,694.3,0.58
1,running,194.87,0.9,3657,2025-05-01 15:17:22,750.12,0.57
2,running,257.13,0.89,2656,2025-05-01 15:17:22,731.42,0.58
3,idle,60.0,0.2,0,2025-05-01 15:17:22,746.82,0.57
4,idle,60.0,0.2,0,2025-05-01 15:17:22,780.77,0.53
5,running,165.44,0.64,1032,2025-05-01 15:17:22,691.3,0.58
6,running,207.27,0.9,533,2025-05-01 15:17:22,768.33,0.55
7,running,300,0.9,1515,2025-05-01 15:17:22,677.72,0.58
8,idle,60.0,0.2,0,2025-05-01 15:17:22,673.73,0.56
9,idle,60.0,0.2,0,2025-05-01 15:17:22,702.83,0.61
10,running,112.11,0.6,0,2025-05-01 15:17:22,694.3,0.58
1,error,60.0,0.2,0,2025-05-01 15:17:32,750.12,0.57
2,running,263.68,0.9,2178,2025-05-01 15:17:32,731.42,0.58
3,running,73.01,0.41,821,2025-05-01 15:17:32,746.82,0.57
4,running,115.02,0.6,791,2025-05-01 15:17:32,780.77,0.53
5,running,182.43,0.9,2003,2025-05-01 15:17:32,691.3,0.58
6,running,165.63,0.87,557,2025-05-01 15:17:32,768.33,0.55
7,running,265.24,0.9,1126,2025-05-01 15:17:32,677.72,0.58
8,running,151.85,0.33,0,2025-05-01 15:17:32,673.73,0.56
9,running,75.31,0.45,0,2025-05-01 15:17:32,702.84,0.62
10,running,209.1,0.9,594,2025-05-01 15:17:32,694.3,0.58
1,running,119.51,0.23,936,2025-05-01 15:17:42,750.12,0.57
2,running,300,0.9,2138,2025-05-01 15:17:42,731.43,0.59
3,idle,60.0,0.2,0,2025-05-01 15:17:42,746.82,0.57
4,running,110.08,0.56,390,2025-05-01 15:17:42,780.77,0.53
5,running,183.15,0.9,1629,2025-05-01 15:17:42,691.3,0.58
6,running,143.35,0.9,1540,2025-05-01 15:17:42,768.33,0.55
7,running,300,0.9,1299,2025-05-01 15:17:42,677.72,0.58
8,running,240.79,0.83,409,2025-05-01 15:17:42,673.74,0.57
9,running,60,0.9,0,2025-05-01 15:17:42,702.84,0.62
10,idle,60.0,0.2,0,2025-05-01 15:17:42,694.3,0.58
1,running,90.88,0.42,1058,2025-05-01 15:17:52,750.12,0.57
2,running,300,0.9,1595,2025-05-01 15:17:52,731.43,0.59
3,running,65.1,0.6,64,2025-05-01 15:17:52,746.82,0.57
4,running,182.65,0.9,1217,2025-05-01 15:17:52,780.78,0.54
5,idle,60.0,0.2,0,2025-05-01 15:17:52,691.3,0.58
6,running,227.27,0.9,2392,2025-05-01 15:17:52,768.34,0.56
7,running,264.5,0.9,575,2025-05-01 15:17:52,677.73,0.59
8,idle,60.0,0.2,0,2025-05-01 15:17:52,673.74,0.57
9,running,108.04,0.9,281,2025-05-01 15:17:52,702.84,0.62
10,running,141.41,0.46,0,2025-05-01 15:17:52,694.31,0.59
1,idle,60.0,0.2,0,2025-05-01 15:18:02,750.12,0.57
2,running,255.74,0.9,823,2025-05-01 15:18:02,731.43,0.59
3,idle,60.0,0.2,0,2025-05-01 15:18:02,746.82,0.57
4,running,238.3,0.9,1779,2025-05-01 15:18:02,780.78,0.54
5,running,141.3,0.43,718,2025-05-01 15:18:02,691.31,0.59
6,running,228.01,0.9,2604,2025-05-01 15:18:02,768.34,0.56
7,running,300,0.9,1381,2025-05-01 15:18:02,677.73,0.59
8,running,60,0.65,0,2025-05-01 15:18:02,673.74,0.57
9,running,100.37,0.9,507,2025-05-01 15:18:02,702.84,0.62
10,running,199.17,0.81,0,2025-05-01 15:18:02,694.31,0.59
1,idle,60.0,0.2,0,2025-05-01 15:18:12,750.12,0.57
2,running,300,0.9,277,2025-05-01 15:18:12,731.43,0.59
3,running,154.36,0.38,997,2025-05-01 15:18:12,746.83,0.58
4,running,264.43,0.9,1759,2025-05-01 15:18:12,780.78,0.54
5,running,116.36,0.74,1447,2025-05-01 15:18:12,691.31,0.59
6,running,300,0.9,3036,2025-05-01 15:18:12,768.34,0.56
7,running,300,0.9,455,2025-05-01 15:18:12,677.73,0.59
8,running,103.23,0.79,939,2025-05-01 15:18:12,673.74,0.57
9,running,122.65,0.86,0,2025-05-01 15:18:12,702.85,0.63
10,running,176.48,0.9,0,2025-05-01 15:18:12,694.31,0.59
1,running,92.54,0.6,235,2025-05-01 15:18:22,750.13,0.58
2,idle,60.0,0.2,0,2025-05-01 15:18:22,731.43,0.59
3,running,160.19,0.75,1752,2025-05-01 15:18:22,746.83,0.58
4,running,231.71,0.9,2190,2025-05-01 15:18:22,780.78,0.54
5,running,72.9,0.9,1072,2025-05-01 15:18:22,691.31,0.59
6,error,60.0,0.2,0,2025-05-01 15:18:22,768.34,0.56
7,running,294.42,0.9,1313,2025-05-01 15:18:22,677.73,0.59
8,running,128.17,0.9,1414,2025-05-01 15:18:22,673.74,0.57
9,running,120.63,0.9,0,2025-05-01 15:18:22,702.85,0.63
10,running,264.65,0.9,127,2025-05-01 15:18:22,694.31,0.59
1,running,188.65,0.83,0,2025-05-01 15:18:32,750.13,0.58
2,running,60,0.56,624,2025-05-01 15:18:32,731.44,0.6
3,running,114.63,0.9,1112,2025-05-01 15:18:32,746.83,0.58
4,running,300,0.9,1198,2025-05-01 15:18:32,780.79,0.55
5,running,169.54,0.9,424,2025-05-01 15:18:32,691.31,0.59
6,idle,60.0,0.2,0,2025-05-01 15:18:32,768.34,0.56
7,running,284.67,0.9,955,2025-05-01 15:18:32,677.74,0.6
8,running,192.38,0.9,1908,2025-05-01 15:18:32,673.75,0.58
9,idle,60.0,0.2,0,2025-05-01 15:18:32,702.85,0.63
10,running,250.82,0.9,347,2025-05-01 15:18:32,694.32,0.6
1,running,232.18,0.9,456,2025-05-01 15:18:42,750.13,0.58
2,idle,60.0,0.2,0,2025-05-01 15:18:42,731.44,0.6
3,running,140.21,0.9,275,2025-05-01 15:18:42,746.84,0.59
4,idle,60.0,0.2,0,2025-05-01 15:18:42,780.79,0.55
5,running,142.16,0.9,992,2025-05-01 15:18:42,691.32,0.6
6,running,66.91,0.22,965,2025-05-01 15:18:42,768.34,0.56
7,running,264.82,0.9,259,2025-05-01 15:18:42,677.74,0.6
8,running,179.57,0.9,2109,2025-05-01 15:18:42,673.75,0.58
9,running,60,0.25,95,2025-05-01 15:18:42,702.85,0.63
10,running,272.21,0.9,1337,2025-05-01 15:18:42,694.32,0.6
1,running,277.13,0.89,0,2025-05-01 15:18:52,750.14,0.59
2,running,60,0.49,630,2025-05-01 15:18:52,731.44,0.6
3,running,186.61,0.9,285,2025-05-01 15:18:52,746.84,0.59
4,running,119.15,0.65,0,2025-05-01 15:18:52,780.79,0.55
5,running,202.6,0.9,156,2025-05-01 15:18:52,691.32,0.6
6,running,113.54,0.6,0,2025-05-01 15:18:52,768.35,0.57
7,running,300,0.9,952,2025-05-01 15:18:52,677.74,0.6
8,running,247.09,0.9,2625,2025-05-01 15:18:52,673.75,0.58
9,running,100.75,0.33,847,2025-05-01 15:18:52,702.86,0.64
10,idle,60.0,0.2,0,2025-05-01 15:18:52,694.32,0.6
1,running,300,0.9,437,2025-05-01 15:19:02,750.14,0.59
2,running,60,0.57,187,2025-05-01 15:19:02,731.44,0.6
3,running,281.19,0.9,0,2025-05-01 15:19:02,746.84,0.59
4,running,84.85,0.79,0,2025-05-01 15:19:02,780.79,0.55
5,running,224.07,0.9,159,2025-05-01 15:19:02,691.32,0.6
6,running,131.85,0.79,0,2025-05-01 15:19:02,768.35,0.57
7,running,300,0.9,1215,2025-05-01 15:19:02,677.75,0.61
8,idle,60.0,0.2,0,2025-05-01 15:19:02,673.75,0.58
9,running,168.52,0.56,262,2025-05-01 15:19:02,702.86,0.64
10,running,100.84,0.26,0,2025-05-01 15:19:02,694.32,0.6
1,running,300,0.9,408,2025-05-01 15:19:12,750.14,0.59
2,running,60,0.61,849,2025-05-01 15:19:12,731.45,0.61
3,running,270.27,0.85,451,2025-05-01 15:19:12,746.84,0.59
4,running,175.37,0.9,402,2025-05-01 15:19:12,780.8,0.56
5,running,211.15,0.9,781,2025-05-01 15:19:12,691.33,0.61
6,idle,60.0,0.2,0,2025-05-01 15:19:12,768.35,0.57
7,running,300,0.9,1569,2025-05-01 15:19:12,677.75,0.61
8,running,60,0.48,433,2025-05-01 15:19:12,673.76,0.59
9,idle,60.0,0.2,0,2025-05-01 15:19:12,702.86,0.64
10,running,133.37,0.22,0,2025-05-01 15:19:12,694.33,0.61
1,running,274.53,0.9,416,2025-05-01 15:19:22,750.14,0.59
2,running,135.48,0.66,1711,2025-05-01 15:19:22,731.45,0.61
3,running,293.84,0.9,442,2025-05-01 15:19:22,746.85,0.6
4,running,256.01,0.9,1071,2025-05-01 15:19:22,780.8,0.56
5,running,259.85,0.9,1223,2025-05-01 15:19:22,691.33,0.61
6,running,137.65,0.48,0,2025-05-01 15:19:22,768.35,0.57
7,running,300,0.9,1720,2025-05-01 15:19:22,677.75,0.61
8,running,60,0.74,0,2025-05-01 15:19:22,673.76,0.59
9,running,128.13,0.41,0,2025-05-01 15:19:22,702.86,0.64
10,idle,60.0,0.2,0,2025-05-01 15:19:22,694.33,0.61
1,running,234.04,0.9,488,2025-05-01 15:19:32,750.15,0.6
2,running,167.67,0.67,1320,2025-05-01 15:19:32,731.45,0.61
3,running,280.65,0.9,297,2025-05-01 15:19:32,746.85,0.6
4,running,268.7,0.9,1135,2025-05-01 15:19:32,780.8,0.56
5,idle,60.0,0.2,0,2025-05-01 15:19:32,691.33,0.61
6,running,136.48,0.49,0,2025-05-01 15:19:32,768.35,0.57
7,running,283.44,0.9,1954,2025-05-01 15:19:32,677.75,0.61
8,running,134.17,0.9,333,2025-05-01 15:19:32,673.76,0.59
9,error,60.0,0.2,0,2025-05-01 15:19:32,702.86,0.64
10,running,147.1,0.32,0,2025-05-01 15:19:32,694.33,0.61
1,idle,60.0,0.2,0,2025-05-01 15:19:42,750.15,0.6
2,running,226.73,0.9,1017,2025-05-01 15:19:42,731.45,0.61
3,running,294.97,0.9,539,2025-05-01 15:19:42,746.85,0.6
4,running,300,0.9,1978,2025-05-01 15:19:42,780.8,0.56
5,running,130.33,0.65,0,2025-05-01 15:19:42,691.33,0.61
6,running,220.34,0.44,0,2025-05-01 15:19:42,768.36,0.58
7,running,297.74,0.9,2621,2025-05-01 15:19:42,677.76,0.62
8,running,172.57,0.9,558,2025-05-01 15:19:42,673.76,0.59
9,running,101.24,0.23,629,2025-05-01 15:19:42,702.86,0.64
10,running,204.43,0.4,0,2025-05-01 15:19:42,694.33,0.61
1,running,101.5,0.42,106,2025-05-01 15:19:52,750.15,0.6
2,running,300,0.9,1275,2025-05-01 15:19:52,731.46,0.62
3,running,282.12,0.9,1020,2025-05-01 15:19:52,746.86,0.61
4,idle,60.0,0.2,0,2025-05-01 15:19:52,780.8,0.56
5,running,226.9,0.9,0,2025-05-01 15:19:52,691.33,0.61
6,running,180.74,0.67,980,2025-05-01 15:19:52,768.36,0.58
7,idle,60.0,0.2,0,2025-05-01 15:19:52,677.76,0.62
8,running,182.44,0.9,59,2025-05-01 15:19:52,673.77,0.6
9,running,189.78,0.47,1076,2025-05-01 15:19:52,702.87,0.65
10,running,289.83,0.51,0,2025-05-01 15:19:52,694.33,0.61
1,running,86.31,0.56,0,2025-05-01 15:20:02,750.15,0.6
2,running,294.96,0.9,2078,2025-05-01 15:20:02,731.46,0.62
3,running,300,0.87,977,2025-05-01 15:20:02,746.86,0.61
4,idle,60.0,0.2,0,2025-05-01 15:20:02,780.8,0.56
5,running,236.09,0.9,917,2025-05-01 15:20:02,691.34,0.62
6,running,175.0,0.9,27,2025-05-01 15:20:02,768.36,0.58
7,running,136.84,0.66,0,2025-05-01 15:20:02,677.76,0.62
8,running,181.79,0.9,0,2025-05-01 15:20:02,673.77,0.6
9,running,199.56,0.9,388,2025-05-01 15:20:02,702.87,0.65
10,running,300,0.7,635,2025-05-01 15:20:02,694.34,0.62
1,running,132.55,0.71,97,2025-05-01 15:20:12,750.16,0.61
2,running,300,0.9,1674,2025-05-01 15:20:12,731.46,0.62
3,running,284.62,0.9,1478,2025-05-01 15:20:12,746.86,0.61
4,running,60,0.49,0,2025-05-01 15:20:12,780.81,0.57
5,running,196.27,0.85,1829,2025-05-01 15:20:12,691.34,0.62
6,running,164.91,0.9,222,2025-05-01 15:20:12,768.37,0.59
7,idle,60.0,0.2,0,2025-05-01 15:20:12,677.76,0.62
8,idle,60.0,0.2,0,2025-05-01 15:20:12,673.77,0.6
9,running,184.61,0.9,639,2025-05-01 15:20:12,702.87,0.65
10,idle,60.0,0.2,0,2025-05-01 15:20:12,694.34,0.62
1,running,127.65,0.9,0,2025-05-01 15:20:22,750.16,0.61
2,running,300,0.9,2133,2025-05-01 15:20:22,731.46,0.62
3,running,300,0.9,685,2025-05-01 15:20:22,746.86,0.61
4,running,96.31,0.9,0,2025-05-01 15:20:22,780.81,0.57
5,running,284.05,0.8,2761,2025-05-01 15:20:22,691.34,0.62
6,running,169.39,0.9,699,2025-05-01 15:20:22,768.37,0.59
7,error,60.0,0.2,0,2025-05-01 15:20:22,677.76,0.62
8,idle,60.0,0.2,0,2025-05-01 15:20:22,673.77,0.6
9,running,175.91,0.9,0,2025-05-01 15:20:22,702.88,0.66
10,running,60,0.6,0,2025-05-01 15:20:22,694.34,0.62
1,running,170.3,0.9,0,2025-05-01 15:20:32,750.16,0.61
2,running,294.04,0.9,2117,2025-05-01 15:20:32,731.47,0.63
3,running,300,0.9,0,2025-05-01 15:20:32,746.87,0.62
4,running,147.55,0.9,0,2025-05-01 15:20:32,780.81,0.57
5,running,241.82,0.78,2557,2025-05-01 15:20:32,691.34,0.62
6,running,196.56,0.9,972,2025-05-01 15:20:32,768.37,0.59
7,running,60,0.21,0,2025-05-01 15:20:32,677.76,0.62
8,running,140.72,0.49,938,2025-05-01 15:20:32,673.77,0.6
9,running,203.62,0.9,696,2025-05-01 15:20:32,702.88,0.66
10,running,90.4,0.79,0,2025-05-01 15:20:32,694.34,0.62
1,running,122.87,0.9,0,2025-05-01 15:20:42,750.16,0.61
2,running,270.55,0.9,2088,2025-05-01 15:20:42,731.47,0.63
3,idle,60.0,0.2,0,2025-05-01 15:20:42,746.87,0.62
4,running,162.26,0.9,0,2025-05-01 15:20:42,780.81,0.57
5,running,291.09,0.9,2620,2025-05-01 15:20:42,691.35,0.63
6,running,294.37,0.9,1711,2025-05-01 15:20:42,768.37,0.59
7,running,60,0.44,0,2025-05-01 15:20:42,677.76,0.62
8,idle,60.0,0.2,0,2025-05-01 15:20:42,673.77,0.6
9,running,251.24,0.9,58,2025-05-01 15:20:42,702.88,0.66
10,running,91.53,0.78,0,2025-05-01 15:20:42,694.34,0.62
1,error,60.0,0.2,0,2025-05-01 15:20:52,750.16,0.61
2,idle,60.0,0.2,0,2025-05-01 15:20:52,731.47,0.63
3,error,60.0,0.2,0,2025-05-01 15:20:52,746.87,0.62
4,idle,60.0,0.2,0,2025-05-01 15:20:52,780.81,0.57
5,idle,60.0,0.2,0,2025-05-01 15:20:52,691.35,0.63
6,running,300,0.9,2024,2025-05-01 15:20:52,768.38,0.6
7,running,140.01,0.64,986,2025-05-01 15:20:52,677.77,0.63
8,running,109.92,0.18,0,2025-05-01 15:20:52,673.78,0.61
9,running,222.91,0.88,530,2025-05-01 15:20:52,702.88,0.66
10,running,171.95,0.76,234,2025-05-01 15:20:52,694.35,0.63
1,running,131.54,0.38,284,2025-05-01 15:21:02,750.17,0.62
2,running,149.6,0.4,0,2025-05-01 15:21:02,731.47,0.63
3,running,60,0.23,0,2025-05-01 15:21:02,746.87,0.62
4,idle,60.0,0.2,0,2025-05-01 15:21:02,780.81,0.57
5,running,60,0.52,214,2025-05-01 15:21:02,691.35,0.63
6,running,271.64,0.9,1166,2025-05-01 15:21:02,768.38,0.6
7,error,60.0,0.2,0,2025-05-01 15:21:02,677.77,0.63
8,running,60.59,0.46,0,2025-05-01 15:21:02,673.78,0.61
9,idle,60.0,0.2,0,2025-05-01 15:21:02,702.88,0.66
10,running,219.0,0.9,265,2025-05-01 15:21:02,694.35,0.63
1,idle,60.0,0.2,0,2025-05-01 15:21:12,750.17,0.62
2,running,151.14,0.38,72,2025-05-01 15:21:12,731.48,0.64
3,running,80.65,0.35,946,2025-05-01 15:21:12,746.87,0.62
4,running,102.45,0.2,841,2025-05-01 15:21:12,780.82,0.58
5,running,60,0.5,967,2025-05-01 15:21:12,691.35,0.63
6,running,279.83,0.9,742,2025-05-01 15:21:12,768.38,0.6
7,running,148.72,0.2,824,2025-05-01 15:21:12,677.77,0.63
8,running,60,0.51,535,2025-05-01 15:21:12,673.78,0.61
9,idle,60.0,0.2,0,2025-05-01 15:21:12,702.88,0.66
10,running,229.08,0.9,886,2025-05-01 15:21:12,694.35,0.63
1,running,125.46,0.16,0,2025-05-01 15:21:22,750.17,0.62
2,idle,60.0,0.2,0,2025-05-01 15:21:22,731.48,0.64
3,running,85.85,0.57,472,2025-05-01 15:21:22,746.87,0.62
4,running,168.29,0.41,981,2025-05-01 15:21:22,780.82,0.58
5,running,97.27,0.87,904,2025-05-01 15:21:22,691.36,0.64
6,running,249.14,0.9,1622,2025-05-01 15:21:22,768.39,0.61
7,running,194.11,0.37,899,2025-05-01 15:21:22,677.77,0.63
8,running,70.23,0.52,816,2025-05-01 15:21:22,673.78,0.61
9,idle,60.0,0.2,0,2025-05-01 15:21:22,702.88,0.66
10,running,244.87,0.9,1596,2025-05-01 15:21:22,694.36,0.64
1,running,152.45,0.43,556,2025-05-01 15:21:32,750.17,0.62
2,running,150.82,0.55,645,2025-05-01 15:21:32,731.48,0.64
3,running,75.75,0.9,0,2025-05-01 15:21:32,746.88,0.63
4,running,167.6,0.65,1008,2025-05-01 15:21:32,780.82,0.58
5,running,196.26,0.86,1378,2025-05-01 15:21:32,691.36,0.64
6,running,300,0.9,630,2025-05-01 15:21:32,768.39,0.61
7,idle,60.0,0.2,0,2025-05-01 15:21:32,677.77,0.63
8,running,61.4,0.66,0,2025-05-01 15:21:32,673.79,0.62
9,running,83.2,0.64,283,2025-05-01 15:21:32,702.89,0.67
10,running,252.16,0.9,973,2025-05-01 15:21:32,694.36,0.64
1,idle,60.0,0.2,0,2025-05-01 15:21:42,750.17,0.62
2,running,108.93,0.9,0,2025-05-01 15:21:42,731.48,0.64
3,running,105.88,0.9,0,2025-05-01 15:21:42,746.88,0.63
4,running,204.09,0.69,764,2025-05-01 15:21:42,780.83,0.59
5,idle,60.0,0.2,0,2025-05-01 15:21:42,691.36,0.64
6,running,300,0.9,833,2025-05-01 15:21:42,768.39,0.61
7,error,60.0,0.2,0,2025-05-01 15:21:42,677.77,0.63
8,running,154.67,0.81,0,2025-05-01 15:21:42,673.79,0.62
9,running,125.15,0.9,0,2025-05-01 15:21:42,702.89,0.67
10,running,300,0.9,554,2025-05-01 15:21:42,694.36,0.64
1,running,91.94,0.66,0,2025-05-01 15:21:52,750.17,0.62
2,running,192.59,0.9,152,2025-05-01 15:21:52,731.48,0.64
3,running,171.78,0.9,974,2025-05-01 15:21:52,746.88,0.63
4,idle,60.0,0.2,0,2025-05-01 15:21:52,780.83,0.59
5,running,60,0.57,204,2025-05-01 15:21:52,691.36,0.64
6,running,300,0.9,1381,2025-05-01 15:21:52,768.39,0.61
7,running,136.57,0.52,305,2025-05-01 15:21:52,677.78,0.64
8,running,174.99,0.9,0,2025-05-01 15:21:52,673.79,0.62
9,running,92.66,0.85,297,2025-05-01 15:21:52,702.89,0.67
10,running,300,0.9,1262,2025-05-01 15:21:52,694.36,0.64
1,running,85.68,0.9,951,2025-05-01 15:22:02,750.18,0.63
2,running,245.36,0.9,385,2025-05-01 15:22:02,731.49,0.65
3,idle,60.0,0.2,0,2025-05-01 15:22:02,746.88,0.63
4,running,60,0.52,682,2025-05-01 15:22:02,780.83,0.59
5,running,158.42,0.9,0,2025-05-01 15:22:02,691.36,0.64
6,error,60.0,0.2,0,2025-05-01 15:22:02,768.39,0.61
7,idle,60.0,0.2,0,2025-05-01 15:22:02,677.78,0.64
8,running,143.51,0.9,0,2025-05-01 15:22:02,673.79,0.62
9,idle,60.0,0.2,0,2025-05-01 15:22:02,702.89,0.67
10,idle,60.0,0.2,0,2025-05-01 15:22:02,694.36,0.64
1,idle,60.0,0.2,0,2025-05-01 15:22:12,750.18,0.63
2,idle,60.0,0.2,0,2025-05-01 15:22:12,731.49,0.65
3,running,112.24,0.28,0,2025-05-01 15:22:12,746.89,0.64
4,running,72.22,0.81,827,2025-05-01 15:22:12,780.83,0.59
5,running,233.24,0.9,0,2025-05-01 15:22:12,691.37,0.65
6,running,63.49,0.49,0,2025-05-01 15:22:12,768.4,0.62
7,running,60,0.68,0,2025-05-01 15:22:12,677.78,0.64
8,running,125.96,0.9,0,2025-05-01 15:22:12,673.8,0.63
9,running,91.95,0.52,0,2025-05-01 15:22:12,702.89,0.67
10,running,145.11,0.44,364,2025-05-01 15:22:12,694.37,0.65
1,running,88.49,0.59,903,2025-05-01 15:22:22,750.18,0.63
2,running,74.74,0.2,0,2025-05-01 15:22:22,731.49,0.65
3,running,65.13,0.68,23,2025-05-01 15:22:22,746.89,0.64
4,running,109.58,0.9,1469,2025-05-01 15:22:22,780.83,0.59
5,running,300,0.9,240,2025-05-01 15:22:22,691.37,0.65
6,error,60.0,0.2,0,2025-05-01 15:22:22,768.4,0.62
7,running,109.45,0.8,0,2025-05-01 15:22:22,677.78,0.64
8,running,154.24,0.9,0,2025-05-01 15:22:22,673.8,0.63
9,running,104.79,0.66,0,2025-05-01 15:22:22,702.9,0.68
10,running,147.35,0.39,0,2025-05-01 15:22:22,694.37,0.65
1,running,71.53,0.7,121,2025-05-01 15:22:32,750.18,0.63
2,running,86.81,0.43,732,2025-05-01 15:22:32,731.49,0.65
3,error,60.0,0.2,0,2025-05-01 15:22:32,746.89,0.64
4,running,156.6,0.9,1017,2025-05-01 15:22:32,780.84,0.6
5,running,300,0.9,1201,2025-05-01 15:22:32,691.37,0.65
6,running,60,0.51,997,2025-05-01 15:22:32,768.4,0.62
7,idle,60.0,0.2,0,2025-05-01 15:22:32,677.78,0.64
8,running,154.5,0.9,0,2025-05-01 15:22:32,673.8,0.63
9,idle,60.0,0.2,0,2025-05-01 15:22:32,702.9,0.68
10,idle,60.0,0.2,0,2025-05-01 15:22:32,694.37,0.65
1,running,60,0.9,0,2025-05-01 15:22:42,750.19,0.64
2,running,185.9,0.9,109,2025-05-01 15:22:42,731.5,0.66
3,running,93.37,0.52,942,2025-05-01 15:22:42,746.89,0.64
4,running,236.57,0.9,1075,2025-05-01 15:22:42,780.84,0.6
5,running,300,0.9,721,2025-05-01 15:22:42,691.38,0.66
6,running,77.31,0.74,1910,2025-05-01 15:22:42,768.4,0.62
7,idle,60.0,0.2,0,2025-05-01 15:22:42,677.78,0.64
8,running,148.5,0.9,698,2025-05-01 15:22:42,673.81,0.64
9,running,60,0.65,896,2025-05-01 15:22:42,702.9,0.68
10,running,60,0.32,0,2025-05-01 15:22:42,694.37,0.65
1,running,126.21,0.9,277,2025-05-01 15:22:52,750.19,0.64
2,running,282.63,0.9,0,2025-05-01 15:22:52,731.5,0.66
3,running,142.51,0.59,380,2025-05-01 15:22:52,746.89,0.64
4,running,243.92,0.9,1574,2025-05-01 15:22:52,780.84,0.6
5,running,294.15,0.9,957,2025-05-01 15:22:52,691.38,0.66
6,running,80.45,0.84,1377,2025-05-01 15:22:52,768.4,0.62
7,running,60,0.25,0,2025-05-01 15:22:52,677.78,0.64
8,running,144.65,0.9,0,2025-05-01 15:22:52,673.81,0.64
9,running,60,0.82,1664,2025-05-01 15:22:52,702.9,0.68
10,idle,60.0,0.2,0,2025-05-01 15:22:52,694.37,0.65
1,running,175.9,0.9,1147,2025-05-01 15:23:02,750.19,0.64
2,running,285.42,0.9,0,2025-05-01 15:23:02,731.5,0.66
3,running,151.47,0.68,750,2025-05-01 15:23:02,746.9,0.65
4,running,300,0.9,1258,2025-05-01 15:23:02,780.85,0.61
5,running,283.91,0.9,44,2025-05-01 15:23:02,691.38,0.66
6,running,61.41,0.9,2200,2025-05-01 15:23:02,768.41,0.63
7,running,110.46,0.51,977,2025-05-01 15:23:02,677.79,0.65
8,idle,60.0,0.2,0,2025-05-01 15:23:02,673.81,0.64
9,running,108.74,0.83,2015,2025-05-01 15:23:02,702.91,0.69
10,running,73.9,0.22,0,2025-05-01 15:23:02,694.38,0.66
1,running,224.52,0.9,313,2025-05-01 15:23:12,750.19,0.64
2,idle,60.0,0.2,0,2025-05-01 15:23:12,731.5,0.66
3,idle,60.0,0.2,0,2025-05-01 15:23:12,746.9,0.65
4,error,60.0,0.2,0,2025-05-01 15:23:12,780.85,0.61
5,running,241.23,0.9,0,2025-05-01 15:23:12,691.38,0.66
6,running,134.82,0.9,2093,2025-05-01 15:23:12,768.41,0.63
7,running,89.75,0.72,1716,2025-05-01 15:23:12,677.79,0.65
8,idle,60.0,0.2,0,2025-05-01 15:23:12,673.81,0.64
9,running,132.56,0.9,1650,2025-05-01 15:23:12,702.91,0.69
10,running,101.95,0.54,821,2025-05-01 15:23:12,694.38,0.66
1,running,270.41,0.9,916,2025-05-01 15:23:22,750.2,0.65
2,idle,60.0,0.2,0,2025-05-01 15:23:22,731.5,0.66
3,running,141.87,0.27,0,2025-05-01 15:23:22,746.9,0.65
4,running,60,0.56,883,2025-05-01 15:23:22,780.85,0.61
5,running,271.94,0.9,0,2025-05-01 15:23:22,691.39,0.67
6,running,85.98,0.9,2609,2025-05-01 15:23:22,768.41,0.63
7,running,60,0.85,1835,2025-05-01 15:23:22,677.79,0.65
8,idle,60.0,0.2,0,2025-05-01 15:23:22,673.81,0.64
9,idle,60.0,0.2,0,2025-05-01 15:23:22,702.91,0.69
10,running,111.73,0.51,825,2025-05-01 15:23:22,694.38,0.66
1,running,289.91,0.9,1102,2025-05-01 15:23:32,750.2,0.65
2,error,60.0,0.2,0,2025-05-01 15:23:32,731.5,0.66
3,running,114.19,0.25,0,2025-05-01 15:23:32,746.9,0.65
4,running,60,0.78,980,2025-05-01 15:23:32,780.85,0.61
5,running,226.06,0.9,552,2025-05-01 15:23:32,691.39,0.67
6,running,107.01,0.9,3569,2025-05-01 15:23:32,768.42,0.64
7,idle,60.0,0.2,0,2025-05-01 15:23:32,677.79,0.65
8,running,60,0.6,63,2025-05-01 15:23:32,673.81,0.64
9,running,81.85,0.65,920,2025-05-01 15:23:32,702.91,0.69
10,idle,60.0,0.2,0,2025-05-01 15:23:32,694.38,0.66
1,running,280.54,0.9,1212,2025-05-01 15:23:42,750.2,0.65
2,idle,60.0,0.2,0,2025-05-01 15:23:42,731.5,0.66
3,running,203.68,0.7,882,2025-05-01 15:23:42,746.91,0.66
4,running,113.69,0.78,1930,2025-05-01 15:23:42,780.85,0.61
5,running,271.1,0.9,1498,2025-05-01 15:23:42,691.39,0.67
6,running,96.74,0.87,4374,2025-05-01 15:23:42,768.42,0.64
7,running,60,0.24,0,2025-05-01 15:23:42,677.8,0.66
8,idle,60.0,0.2,0,2025-05-01 15:23:42,673.81,0.64
9,running,146.72,0.9,133,2025-05-01 15:23:42,702.91,0.69
10,running,147.19,0.43,563,2025-05-01 15:23:42,694.38,0.66
1,running,253.75,0.9,1750,2025-05-01 15:23:52,750.21,0.66
2,running,105.21,0.59,0,2025-05-01 15:23:52,731.5,0.66
3,running,165.92,0.83,500,2025-05-01 15:23:52,746.91,0.66
4,running,201.74,0.79,1060,2025-05-01 15:23:52,780.86,0.62
5,running,300,0.9,2038,2025-05-01 15:23:52,691.39,0.67
6,running,105.48,0.9,4826,2025-05-01 15:23:52,768.42,0.64
7,running,60,0.42,441,2025-05-01 15:23:52,677.8,0.66
8,running,116.32,0.6,0,2025-05-01 15:23:52,673.81,0.64
9,running,111.13,0.9,110,2025-05-01 15:23:52,702.92,0.7
10,running,162.95,0.64,60,2025-05-01 15:23:52,694.39,0.67
1,idle,60.0,0.2,0,2025-05-01 15:24:02,750.21,0.66
2,running,125.49,0.73,0,2025-05-01 15:24:02,731.51,0.67
3,running,227.41,0.82,1389,2025-05-01 15:24:02,746.91,0.66
4,running,155.06,0.9,1421,2025-05-01 15:24:02,780.86,0.62
5,running,300,0.9,1693,2025-05-01 15:24:02,691.4,0.68
6,running,60,0.9,4360,2025-05-01 15:24:02,768.42,0.64
7,running,60,0.61,773,2025-05-01 15:24:02,677.8,0.66
8,running,68.42,0.9,856,2025-05-01 15:24:02,673.82,0.65
9,idle,60.0,0.2,0,2025-05-01 15:24:02,702.92,0.7
10,running,113.85,0.65,0,2025-05-01 15:24:02,694.39,0.67
1,idle,60.0,0.2,0,2025-05-01 15:24:12,750.21,0.66
2,running,187.52,0.78,0,2025-05-01 15:24:12,731.51,0.67
3,idle,60.0,0.2,0,2025-05-01 15:24:12,746.91,0.66
4,running,213.11,0.9,850,2025-05-01 15:24:12,780.86,0.62
5,running,291.27,0.9,2314,2025-05-01 15:24:12,691.4,0.68
6,error,60.0,0.2,0,2025-05-01 15:24:12,768.42,0.64
7,running,119.69,0.9,1663,2025-05-01 15:24:12,677.8,0.66
8,running,160.21,0.9,0,2025-05-01 15:24:12,673.82,0.65
9,idle,60.0,0.2,0,2025-05-01 15:24:12,702.92,0.7
10,idle,60.0,0.2,0,2025-05-01 15:24:12,694.39,0.67
1,idle,60.0,0.2,0,2025-05-01 15:24:22,750.21,0.66
2,running,244.3,0.9,0,2025-05-01 15:24:22,731.51,0.67
3,running,60,0.24,133,2025-05-01 15:24:22,746.91,0.66
4,running,247.36,0.9,1717,2025-05-01 15:24:22,780.86,0.62
5,running,266.88,0.9,3211,2025-05-01 15:24:22,691.4,0.68
6,idle,60.0,0.2,0,2025-05-01 15:24:22,768.42,0.64
7,idle,60.0,0.2,0,2025-05-01 15:24:22,677.8,0.66
8,running,212.62,0.89,0,2025-05-01 15:24:22,673.82,0.65
9,running,154.41,0.27,0,2025-05-01 15:24:22,702.92,0.7
10,running,134.52,0.49,511,2025-05-01 15:24:22,694.39,0.67
1,running,119.33,0.57,0,2025-05-01 15:24:32,750.21,0.66
2,running,277.47,0.9,824,2025-05-01 15:24:32,731.51,0.67
3,running,109.96,0.53,285,2025-05-01 15:24:32,746.92,0.67
4,running,300,0.9,1969,2025-05-01 15:24:32,780.87,0.63
5,running,293.91,0.9,3871,2025-05-01 15:24:32,691.41,0.69
6,running,126.62,0.62,362,2025-05-01 15:24:32,768.43,0.65
7,running,60,0.47,266,2025-05-01 15:24:32,677.81,0.67
8,running,223.0,0.9,0,2025-05-01 15:24:32,673.83,0.66
9,running,250.53,0.56,63,2025-05-01 15:24:32,702.92,0.7
10,running,95.21,0.69,0,2025-05-01 15:24:32,694.39,0.67
1,running,148.37,0.9,739,2025-05-01 15:24:42,750.21,0.66
2,running,288.33,0.9,185,2025-05-01 15:24:42,731.52,0.68
3,running,63.81,0.56,452,2025-05-01 15:24:42,746.92,0.67
4,running,300,0.9,1137,2025-05-01 15:24:42,780.87,0.63
5,idle,60.0,0.2,0,2025-05-01 15:24:42,691.41,0.69
6,running,195.41,0.67,616,2025-05-01 15:24:42,768.43,0.65
7,running,90.52,0.56,0,2025-05-01 15:24:42,677.81,0.67
8,running,294.0,0.9,896,2025-05-01 15:24:42,673.83,0.66
9,error,60.0,0.2,0,2025-05-01 15:24:42,702.92,0.7
10,running,128.6,0.68,0,2025-05-01 15:24:42,694.4,0.68
1,running,135.36,0.9,337,2025-05-01 15:24:52,750.21,0.66
2,running,300,0.9,1003,2025-05-01 15:24:52,731.52,0.68
3,running,106.48,0.83,1198,2025-05-01 15:24:52,746.92,0.67
4,running,300,0.9,1663,2025-05-01 15:24:52,780.87,0.63
5,running,70.02,0.37,0,2025-05-01 15:24:52,691.41,0.69
6,running,277.46,0.9,736,2025-05-01 15:24:52,768.43,0.65
7,idle,60.0,0.2,0,2025-05-01 15:24:52,677.81,0.67
8,running,300,0.9,1576,2025-05-01 15:24:52,673.83,0.66
9,running,60.62,0.7,79,2025-05-01 15:24:52,702.93,0.71
10,running,145.73,0.75,132,2025-05-01 15:24:52,694.4,0.68
1,running,172.46,0.9,75,2025-05-01 15:25:02,750.22,0.67
2,running,300,0.9,1662,2025-05-01 15:25:02,731.52,0.68
3,running,142.57,0.88,830,2025-05-01 15:25:02,746.92,0.67
4,running,263.78,0.9,1324,2025-05-01 15:25:02,780.88,0.64
5,running,60,0.34,0,2025-05-01 15:25:02,691.41,0.69
6,running,289.1,0.9,403,2025-05-01 15:25:02,768.44,0.66
7,running,139.13,0.27,823,2025-05-01 15:25:02,677.81,0.67
8,running,300,0.9,1224,2025-05-01 15:25:02,673.83,0.66
9,error,60.0,0.2,0,2025-05-01 15:25:02,702.93,0.71
10,error,60.0,0.2,0,2025-05-01 15:25:02,694.4,0.68
1,running,124.86,0.9,448,2025-05-01 15:25:12,750.22,0.67
2,running,300,0.9,1472,2025-05-01 15:25:12,731.53,0.69
3,error,60.0,0.2,0,2025-05-01 15:25:12,746.92,0.67
4,running,225.56,0.9,1753,2025-05-01 15:25:12,780.88,0.64
5,error,60.0,0.2,0,2025-05-01 15:25:12,691.41,0.69
6,running,286.31,0.9,0,2025-05-01 15:25:12,768.44,0.66
7,running,186.89,0.24,0,2025-05-01 15:25:12,677.81,0.67
8,running,270.68,0.9,2097,2025-05-01 15:25:12,673.84,0.67
9,running,97.19,0.68,442,2025-05-01 15:25:12,702.93,0.71
10,idle,60.0,0.2,0,2025-05-01 15:25:12,694.4,0.68
1,running,211.29,0.9,1430,2025-05-01 15:25:22,750.22,0.67
2,running,300,0.9,841,2025-05-01 15:25:22,731.53,0.69
3,idle,60.0,0.2,0,2025-05-01 15:25:22,746.92,0.67
4,running,236.92,0.9,1516,2025-05-01 15:25:22,780.88,0.64
5,running,60,0.59,309,2025-05-01 15:25:22,691.41,0.69
6,running,300,0.9,654,2025-05-01 15:25:22,768.44,0.66
7,running,138.16,0.72,0,2025-05-01 15:25:22,677.82,0.68
8,running,300,0.9,2683,2025-05-01 15:25:22,673.84,0.67
9,idle,60.0,0.2,0,2025-05-01 15:25:22,702.93,0.71
10,running,99.91,0.62,0,2025-05-01 15:25:22,694.4,0.68
1,running,300,0.9,1613,2025-05-01 15:25:32,750.22,0.67
2,idle,60.0,0.2,0,2025-05-01 15:25:32,731.53,0.69
3,idle,60.0,0.2,0,2025-05-01 15:25:32,746.92,0.67
4,idle,60.0,0.2,0,2025-05-01 15:25:32,780.88,0.64
5,running,105.8,0.9,0,2025-05-01 15:25:32,691.42,0.7
6,running,300,0.9,116,2025-05-01 15:25:32,768.44,0.66
7,running,176.83,0.9,0,2025-05-01 15:25:32,677.82,0.68
8,running,283.07,0.9,2759,2025-05-01 15:25:32,673.84,0.67
9,running,60,0.29,0,2025-05-01 15:25:32,702.93,0.71
10,running,192.27,0.9,469,2025-05-01 15:25:32,694.41,0.69
1,running,300,0.9,1221,2025-05-01 15:25:42,750.23,0.68
2,running,60,0.48,159,2025-05-01 15:25:42,731.53,0.69
3,running,71.06,0.52,569,2025-05-01 15:25:42,746.93,0.68
4,running,60,0.24,0,2025-05-01 15:25:42,780.88,0.64
5,running,117.32,0.9,0,2025-05-01 15:25:42,691.42,0.7
6,running,300,0.9,965,2025-05-01 15:25:42,768.45,0.67
7,running,128.39,0.9,361,2025-05-01 15:25:42,677.82,0.68
8,idle,60.0,0.2,0,2025-05-01 15:25:42,673.84,0.67
9,running,98.23,0.27,363,2025-05-01 15:25:42,702.93,0.71
10,running,258.27,0.9,0,2025-05-01 15:25:42,694.41,0.69
1,running,300,0.9,451,2025-05-01 15:25:52,750.23,0.68
2,error,60.0,0.2,0,2025-05-01 15:25:52,731.53,0.69
3,running,121.82,0.8,907,2025-05-01 15:25:52,746.93,0.68
4,running,104.23,0.66,0,2025-05-01 15:25:52,780.89,0.65
5,running,125.46,0.9,821,2025-05-01 15:25:52,691.42,0.7
6,idle,60.0,0.2,0,2025-05-01 15:25:52,768.45,0.67
7,running,85.43,0.9,1130,2025-05-01 15:25:52,677.83,0.69
8,running,157.7,0.48,0,2025-05-01 15:25:52,673.84,0.67
9,running,156.69,0.48,333,2025-05-01 15:25:52,702.94,0.72
10,running,293.49,0.9,214,2025-05-01 15:25:52,694.41,0.69
1,running,279.38,0.9,0,2025-05-01 15:26:02,750.23,0.68
2,running,60,0.59,96,2025-05-01 15:26:02,731.53,0.69
3,running,98.03,0.9,85,2025-05-01 15:26:02,746.93,0.68
4,running,203.91,0.63,0,2025-05-01 15:26:02,780.89,0.65
5,running,202.99,0.9,200,2025-05-01 15:26:02,691.43,0.71
6,running,128.95,0.22,0,2025-05-01 15:26:02,768.45,0.67
7,running,164.27,0.9,1961,2025-05-01 15:26:02,677.83,0.69
8,running,136.22,0.8,0,2025-05-01 15:26:02,673.85,0.68
9,running,129.51,0.62,0,2025-05-01 15:26:02,702.94,0.72
10,running,278.0,0.9,0,2025-05-01 15:26:02,694.41,0.69
1,running,300,0.9,0,2025-05-01 15:26:12,750.24,0.69
2,running,60,0.9,1052,2025-05-01 15:26:12,731.54,0.7
3,running,164.2,0.9,0,2025-05-01 15:26:12,746.94,0.69
4,running,295.63,0.79,0,2025-05-01 15:26:12,780.89,0.65
5,running,221.4,0.88,501,2025-05-01 15:26:12,691.43,0.71
6,running,140.92,0.44,252,2025-05-01 15:26:12,768.45,0.67
7,running,246.07,0.9,1350,2025-05-01 15:26:12,677.83,0.69
8,running,211.4,0.9,0,2025-05-01 15:26:12,673.85,0.68
9,idle,60.0,0.2,0,2025-05-01 15:26:12,702.94,0.72
10,running,300,0.9,335,2025-05-01 15:26:12,694.42,0.7
1,running,265.05,0.89,304,2025-05-01 15:26:22,750.24,0.69
2,running,60,0.9,1428,2025-05-01 15:26:22,731.54,0.7
3,running,233.47,0.9,464,2025-05-01 15:26:22,746.94,0.69
4,running,246.56,0.9,453,2025-05-01 15:26:22,780.9,0.66
5,running,270.08,0.9,0,2025-05-01 15:26:22,691.43,0.71
6,running,174.46,0.65,386,2025-05-01 15:26:22,768.45,0.67
7,running,288.39,0.9,2204,2025-05-01 15:26:22,677.83,0.69
8,running,242.89,0.9,27,2025-05-01 15:26:22,673.85,0.68
9,running,76.85,0.19,0,2025-05-01 15:26:22,702.94,0.72
10,error,60.0,0.2,0,2025-05-01 15:26:22,694.42,0.7
1,running,276.26,0.9,604,2025-05-01 15:26:32,750.24,0.69
2,running,141.26,0.87,959,2025-05-01 15:26:32,731.54,0.7
3,running,199.6,0.9,80,2025-05-01 15:26:32,746.94,0.69
4,running,300,0.9,223,2025-05-01 15:26:32,780.9,0.66
5,running,300,0.9,218,2025-05-01 15:26:32,691.43,0.71
6,running,232.38,0.67,0,2025-05-01 15:26:32,768.46,0.68
7,running,299.54,0.9,1894,2025-05-01 15:26:32,677.84,0.7
8,running,294.05,0.87,838,2025-05-01 15:26:32,673.86,0.69
9,idle,60.0,0.2,0,2025-05-01 15:26:32,702.94,0.72
10,running,60,0.34,396,2025-05-01 15:26:32,694.42,0.7
1,idle,60.0,0.2,0,2025-05-01 15:26:42,750.24,0.69
2,running,144.72,0.9,1545,2025-05-01 15:26:42,731.55,0.71
3,idle,60.0,0.2,0,2025-05-01 15:26:42,746.94,0.69
4,idle,60.0,0.2,0,2025-05-01 15:26:42,780.9,0.66
5,running,300,0.9,0,2025-05-01 15:26:42,691.44,0.72
6,running,300,0.69,356,2025-05-01 15:26:42,768.46,0.68
7,running,276.29,0.9,1835,2025-05-01 15:26:42,677.84,0.7
8,running,300,0.9,789,2025-05-01 15:26:42,673.86,0.69
9,running,60,0.59,739,2025-05-01 15:26:42,702.94,0.72
10,idle,60.0,0.2,0,2025-05-01 15:26:42,694.42,0.7
1,idle,60.0,0.2,0,2025-05-01 15:26:52,750.24,0.69
2,running,212.75,0.9,1056,2025-05-01 15:26:52,731.55,0.71
3,running,128.53,0.39,0,2025-05-01 15:26:52,746.94,0.69
4,running,82.24,0.49,139,2025-05-01 15:26:52,780.9,0.66
5,error,60.0,0.2,0,2025-05-01 15:26:52,691.44,0.72
6,idle,60.0,0.2,0,2025-05-01 15:26:52,768.46,0.68
7,running,263.74,0.9,2783,2025-05-01 15:26:52,677.84,0.7
8,running,300,0.9,664,2025-05-01 15:26:52,673.86,0.69
9,running,60,0.62,1544,2025-05-01 15:26:52,702.95,0.73
10,running,133.36,0.28,0,2025-05-01 15:26:52,694.42,0.7
1,running,60,0.34,164,2025-05-01 15:27:02,750.24,0.69
2,running,278.34,0.9,429,2025-05-01 15:27:02,731.55,0.71
3,running,189.33,0.48,554,2025-05-01 15:27:02,746.95,0.7
4,running,83.87,0.45,998,2025-05-01 15:27:02,780.9,0.66
5,running,60,0.23,0,2025-05-01 15:27:02,691.44,0.72
6,running,60,0.69,0,2025-05-01 15:27:02,768.46,0.68
7,running,223.73,0.9,3040,2025-05-01 15:27:02,677.85,0.71
8,idle,60.0,0.2,0,2025-05-01 15:27:02,673.86,0.69
9,running,145.37,0.63,1431,2025-05-01 15:27:02,702.95,0.73
10,running,211.14,0.4,0,2025-05-01 15:27:02,694.43,0.71
1,running,60,0.33,0,2025-05-01 15:27:12,750.25,0.7
2,idle,60.0,0.2,0,2025-05-01 15:27:12,731.55,0.71
3,idle,60.0,0.2,0,2025-05-01 15:27:12,746.95,0.7
4,idle,60.0,0.2,0,2025-05-01 15:27:12,780.9,0.66
5,running,114.25,0.69,835,2025-05-01 15:27:12,691.44,0.72
6,running,85.22,0.9,0,2025-05-01 15:27:12,768.47,0.69
7,running,257.09,0.9,3106,2025-05-01 15:27:12,677.85,0.71
8,running,79.72,0.24,0,2025-05-01 15:27:12,673.86,0.69
9,idle,60.0,0.2,0,2025-05-01 15:27:12,702.95,0.73
10,running,193.77,0.7,0,2025-05-01 15:27:12,694.43,0.71
1,idle,60.0,0.2,0,2025-05-01 15:27:22,750.25,0.7
2,running,65.97,0.31,0,2025-05-01 15:27:22,731.55,0.71
3,running,158.6,0.63,0,2025-05-01 15:27:22,746.95,0.7
4,running,152.3,0.46,337,2025-05-01 15:27:22,780.91,0.67
5,running,134.42,0.9,238,2025-05-01 15:27:22,691.44,0.72
6,running,140.92,0.9,0,2025-05-01 15:27:22,768.47,0.69
7,running,300,0.9,3469,2025-05-01 15:27:22,677.85,0.71
8,running,132.65,0.35,975,2025-05-01 15:27:22,673.87,0.7
9,running,134.32,0.58,0,2025-05-01 15:27:22,702.95,0.73
10,running,158.09,0.89,772,2025-05-01 15:27:22,694.43,0.71
1,idle,60.0,0.2,0,2025-05-01 15:27:32,750.25,0.7
2,running,67.2,0.61,0,2025-05-01 15:27:32,731.56,0.72
3,idle,60.0,0.2,0,2025-05-01 15:27:32,746.95,0.7
4,idle,60.0,0.2,0,2025-05-01 15:27:32,780.91,0.67
5,running,91.62,0.89,697,2025-05-01 15:27:32,691.45,0.73
6,idle,60.0,0.2,0,2025-05-01 15:27:32,768.47,0.69
7,running,300,0.89,3509,2025-05-01 15:27:32,677.85,0.71
8,running,149.45,0.85,632,2025-05-01 15:27:32,673.87,0.7
9,running,125.3,0.9,473,2025-05-01 15:27:32,702.96,0.74
10,running,158.41,0.9,279,2025-05-01 15:27:32,694.43,0.71
1,running,131.28,0.27,0,2025-05-01 15:27:42,750.25,0.7
2,running,60,0.9,256,2025-05-01 15:27:42,731.56,0.72
3,running,124.93,0.24,0,2025-05-01 15:27:42,746.95,0.7
4,running,60,0.27,216,2025-05-01 15:27:42,780.91,0.67
5,idle,60.0,0.2,0,2025-05-01 15:27:42,691.45,0.73
6,idle,60.0,0.2,0,2025-05-01 15:27:42,768.47,0.69
7,running,277.87,0.9,3928,2025-05-01 15:27:42,677.86,0.72
8,running,165.35,0.86,0,2025-05-01 15:27:42,673.87,0.7
9,running,82.25,0.9,53,2025-05-01 15:27:42,702.96,0.74
10,running,152.71,0.9,1224,2025-05-01 15:27:42,694.44,0.72
1,running,85.3,0.55,0,2025-05-01 15:27:52,750.25,0.7
2,running,60,0.9,1111,2025-05-01 15:27:52,731.56,0.72
3,idle,60.0,0.2,0,2025-05-01 15:27:52,746.95,0.7
4,running,60,0.42,726,2025-05-01 15:27:52,780.91,0.67
5,running,60,0.15,766,2025-05-01 15:27:52,691.45,0.73
6,running,80.22,0.18,0,2025-05-01 15:27:52,768.47,0.69
7,running,300,0.9,3524,2025-05-01 15:27:52,677.86,0.72
8,running,223.21,0.9,0,2025-05-01 15:27:52,673.88,0.71
9,error,60.0,0.2,0,2025-05-01 15:27:52,702.96,0.74
10,running,143.13,0.9,1875,2025-05-01 15:27:52,694.44,0.72
1,idle,60.0,0.2,0,2025-05-01 15:28:02,750.25,0.7
2,running,60,0.9,1944,2025-05-01 15:28:02,731.56,0.72
3,running,103.13,0.38,0,2025-05-01 15:28:02,746.96,0.71
4,running,60,0.68,1609,2025-05-01 15:28:02,780.91,0.67
5,idle,60.0,0.2,0,2025-05-01 15:28:02,691.45,0.73
6,running,168.29,0.57,0,2025-05-01 15:28:02,768.47,0.69
7,running,300,0.9,3786,2025-05-01 15:28:02,677.86,0.72
8,running,202.4,0.85,0,2025-05-01 15:28:02,673.88,0.71
9,running,60,0.24,617,2025-05-01 15:28:02,702.96,0.74
10,running,114.82,0.9,903,2025-05-01 15:28:02,694.44,0.72
1,idle,60.0,0.2,0,2025-05-01 15:28:12,750.25,0.7
2,running,60,0.86,1837,2025-05-01 15:28:12,731.57,0.73
3,idle,60.0,0.2,0,2025-05-01 15:28:12,746.96,0.71
4,running,149.37,0.9,877,2025-05-01 15:28:12,780.92,0.68
5,running,60,0.6,449,2025-05-01 15:28:12,691.45,0.73
6,running,245.16,0.75,727,2025-05-01 15:28:12,768.48,0.7
7,running,300,0.9,3534,2025-05-01 15:28:12,677.86,0.72
8,running,214.51,0.9,0,2025-05-01 15:28:12,673.88,0.71
9,running,60,0.31,1267,2025-05-01 15:28:12,702.96,0.74
10,running,175.3,0.9,1836,2025-05-01 15:28:12,694.44,0.72
1,running,60,0.7,0,2025-05-01 15:28:22,750.26,0.71
2,running,62.35,0.9,1330,2025-05-01 15:28:22,731.57,0.73
3,error,60.0,0.2,0,2025-05-01 15:28:22,746.96,0.71
4,running,206.11,0.9,1327,2025-05-01 15:28:22,780.92,0.68
5,running,114.17,0.82,1293,2025-05-01 15:28:22,691.46,0.74
6,idle,60.0,0.2,0,2025-05-01 15:28:22,768.48,0.7
7,idle,60.0,0.2,0,2025-05-01 15:28:22,677.86,0.72
8,running,189.77,0.9,0,2025-05-01 15:28:22,673.88,0.71
9,running,87.08,0.71,1976,2025-05-01 15:28:22,702.97,0.75
10,running,164.56,0.9,2770,2025-05-01 15:28:22,694.45,0.73
1,running,145.77,0.86,0,2025-05-01 15:28:32,750.26,0.71
2,running,137.72,0.9,393,2025-05-01 15:28:32,731.57,0.73
3,running,151.66,0.4,13,2025-05-01 15:28:32,746.96,0.71
4,running,223.38,0.9,1184,2025-05-01 15:28:32,780.92,0.68
5,running,75.87,0.9,1473,2025-05-01 15:28:32,691.46,0.74
6,idle,60.0,0.2,0,2025-05-01 15:28:32,768.48,0.7
7,idle,60.0,0.2,0,2025-05-01 15:28:32,677.86,0.72
8,running,275.64,0.9,677,2025-05-01 15:28:32,673.89,0.72
9,idle,60.0,0.2,0,2025-05-01 15:28:32,702.97,0.75
10,running,228.15,0.9,2639,2025-05-01 15:28:32,694.45,0.73
1,running,207.45,0.81,149,2025-05-01 15:28:42,750.26,0.71
2,running,101.88,0.9,1175,2025-05-01 15:28:42,731.58,0.74
3,running,192.27,0.5,127,2025-05-01 15:28:42,746.96,0.71
4,running,300,0.9,317,2025-05-01 15:28:42,780.93,0.69
5,running,124.09,0.9,670,2025-05-01 15:28:42,691.46,0.74
6,running,60,0.21,0,2025-05-01 15:28:42,768.48,0.7
7,running,157.26,0.19,702,2025-05-01 15:28:42,677.87,0.73
8,running,300,0.9,939,2025-05-01 15:28:42,673.89,0.72
9,running,155.56,0.67,0,2025-05-01 15:28:42,702.97,0.75
10,running,260.04,0.9,1937,2025-05-01 15:28:42,694.45,0.73
1,running,240.53,0.9,96,2025-05-01 15:28:52,750.26,0.71
2,running,82.11,0.9,660,2025-05-01 15:28:52,731.58,0.74
3,running,198.6,0.45,605,2025-05-01 15:28:52,746.96,0.71
4,running,300,0.9,743,2025-05-01 15:28:52,780.93,0.69
5,running,77.98,0.9,0,2025-05-01 15:28:52,691.46,0.74
6,running,110.32,0.2,458,2025-05-01 15:28:52,768.48,0.7
7,running,238.43,0.62,1068,2025-05-01 15:28:52,677.87,0.73
8,running,300,0.9,7,2025-05-01 15:28:52,673.89,0.72
9,idle,60.0,0.2,0,2025-05-01 15:28:52,702.97,0.75
10,running,256.86,0.9,1213,2025-05-01 15:28:52,694.46,0.74
1,running,193.04,0.9,96,2025-05-01 15:29:02,750.27,0.72
2,running,60,0.9,765,2025-05-01 15:29:02,731.58,0.74
3,running,253.39,0.65,0,2025-05-01 15:29:02,746.97,0.72
4,idle,60.0,0.2,0,2025-05-01 15:29:02,780.93,0.69
5,running,60,0.9,264,2025-05-01 15:29:02,691.47,0.75
6,running,81.91,0.48,629,2025-05-01 15:29:02,768.49,0.71
7,running,229.76,0.82,1259,2025-05-01 15:29:02,677.87,0.73
8,idle,60.0,0.2,0,2025-05-01 15:29:02,673.89,0.72
9,running,60,0.69,705,2025-05-01 15:29:02,702.97,0.75
10,running,275.0,0.9,1866,2025-05-01 15:29:02,694.46,0.74
1,running,261.54,0.9,0,2025-05-01 15:29:12,750.27,0.72
2,running,119.21,0.9,1358,2025-05-01 15:29:12,731.58,0.74
3,running,223.18,0.9,0,2025-05-01 15:29:12,746.97,0.72
4,running,60,0.37,373,2025-05-01 15:29:12,780.93,0.69
5,running,132.55,0.9,0,2025-05-01 15:29:12,691.47,0.75
6,running,135.16,0.84,1272,2025-05-01 15:29:12,768.49,0.71
7,running,286.84,0.9,1445,2025-05-01 15:29:12,677.88,0.74
8,running,158.02,0.31,380,2025-05-01 15:29:12,673.89,0.72
9,running,60,0.9,1062,2025-05-01 15:29:12,702.98,0.76
10,running,246.47,0.9,2421,2025-05-01 15:29:12,694.46,0.74
1,running,256.39,0.9,92,2025-05-01 15:29:22,750.27,0.72
2,running,89.21,0.9,1003,2025-05-01 15:29:22,731.59,0.75
3,running,273.69,0.9,0,2025-05-01 15:29:22,746.97,0.72
4,running,115.08,0.4,0,2025-05-01 15:29:22,780.93,0.69
5,running,213.24,0.9,0,2025-05-01 15:29:22,691.47,0.75
6,running,121.23,0.9,534,2025-05-01 15:29:22,768.49,0.71
7,running,300,0.9,1592,2025-05-01 15:29:22,677.88,0.74
8,running,122.54,0.28,0,2025-05-01 15:29:22,673.9,0.73
9,idle,60.0,0.2,0,2025-05-01 15:29:22,702.98,0.76
10,running,275.43,0.9,1982,2025-05-01 15:29:22,694.46,0.74
1,running,226.17,0.9,0,2025-05-01 15:29:32,750.27,0.72
2,idle,60.0,0.2,0,2025-05-01 15:29:32,731.59,0.75
3,idle,60.0,0.2,0,2025-05-01 15:29:32,746.97,0.72
4,running,204.96,0.5,0,2025-05-01 15:29:32,780.94,0.7
5,running,169.51,0.9,0,2025-05-01 15:29:32,691.48,0.76
6,running,190.92,0.9,0,2025-05-01 15:29:32,768.49,0.71
7,running,271.45,0.9,2341,2025-05-01 15:29:32,677.88,0.74
8,running,81.08,0.44,0,2025-05-01 15:29:32,673.9,0.73
9,idle,60.0,0.2,0,2025-05-01 15:29:32,702.98,0.76
10,running,271.94,0.9,1516,2025-05-01 15:29:32,694.47,0.75
1,running,269.88,0.9,545,2025-05-01 15:29:42,750.28,0.73
2,running,93.26,0.31,386,2025-05-01 15:29:42,731.59,0.75
3,running,60,0.28,0,2025-05-01 15:29:42,746.97,0.72
4,running,199.72,0.71,0,2025-05-01 15:29:42,780.94,0.7
5,running,192.31,0.9,0,2025-05-01 15:29:42,691.48,0.76
6,running,227.28,0.9,911,2025-05-01 15:29:42,768.5,0.72
7,running,234.85,0.9,2450,2025-05-01 15:29:42,677.88,0.74
8,running,136.05,0.9,157,2025-05-01 15:29:42,673.9,0.73
9,running,60,0.64,0,2025-05-01 15:29:42,702.98,0.76
10,running,256.49,0.9,1992,2025-05-01 15:29:42,694.47,0.75
1,running,267.85,0.9,721,2025-05-01 15:29:52,750.28,0.73
2,running,148.21,0.31,690,2025-05-01 15:29:52,731.59,0.75
3,running,111.15,0.24,0,2025-05-01 15:29:52,746.98,0.73
4,running,154.8,0.9,0,2025-05-01 15:29:52,780.94,0.7
5,running,253.82,0.9,592,2025-05-01 15:29:52,691.48,0.76
6,running,300,0.9,1054,2025-05-01 15:29:52,768.5,0.72
7,running,231.67,0.9,3380,2025-05-01 15:29:52,677.89,0.75
8,error,60.0,0.2,0,2025-05-01 15:29:52,673.9,0.73
9,running,119.3,0.72,137,2025-05-01 15:29:52,702.98,0.76
10,running,253.82,0.9,1624,2025-05-01 15:29:52,694.47,0.75
1,running,219.8,0.9,1147,2025-05-01 15:30:02,750.28,0.73
2,running,236.06,0.29,0,2025-05-01 15:30:02,731.6,0.76
3,running,189.08,0.61,0,2025-05-01 15:30:02,746.98,0.73
4,idle,60.0,0.2,0,2025-05-01 15:30:02,780.94,0.7
5,running,300,0.9,1187,2025-05-01 15:30:02,691.48,0.76
6,running,272.19,0.86,1039,2025-05-01 15:30:02,768.5,0.72
7,running,209.31,0.9,3919,2025-05-01 15:30:02,677.89,0.75
8,running,104.27,0.45,597,2025-05-01 15:30:02,673.91,0.74
9,running,163.29,0.74,0,2025-05-01 15:30:02,702.98,0.76
10,running,300,0.9,1063,2025-05-01 15:30:02,694.48,0.76
1,running,234.14,0.9,848,2025-05-01 15:30:12,750.29,0.74
2,running,208.4,0.52,608,2025-05-01 15:30:12,731.6,0.76
3,running,226.21,0.71,520,2025-05-01 15:30:12,746.98,0.73
4,idle,60.0,0.2,0,2025-05-01 15:30:12,780.94,0.7
5,running,290.65,0.9,794,2025-05-01 15:30:12,691.49,0.77
6,running,247.4,0.9,1163,2025-05-01 15:30:12,768.5,0.72
7,idle,60.0,0.2,0,2025-05-01 15:30:12,677.89,0.75
8,running,193.44,0.65,1114,2025-05-01 15:30:12,673.91,0.74
9,idle,60.0,0.2,0,2025-05-01 15:30:12,702.98,0.76
10,running,300,0.9,1829,2025-05-01 15:30:12,694.48,0.76
1,running,300,0.9,1525,2025-05-01 15:30:22,750.29,0.74
2,running,279.73,0.53,658,2025-05-01 15:30:22,731.6,0.76
3,running,201.9,0.74,293,2025-05-01 15:30:22,746.99,0.74
4,running,72.69,0.41,0,2025-05-01 15:30:22,780.95,0.71
5,running,292.46,0.9,0,2025-05-01 15:30:22,691.49,0.77
6,running,300,0.9,416,2025-05-01 15:30:22,768.51,0.73
7,running,60,0.17,466,2025-05-01 15:30:22,677.89,0.75
8,running,182.84,0.87,1688,2025-05-01 15:30:22,673.91,0.74
9,running,60,0.23,0,2025-05-01 15:30:22,702.99,0.77
10,running,252.91,0.88,2003,2025-05-01 15:30:22,694.48,0.76
1,idle,60.0,0.2,0,2025-05-01 15:30:32,750.29,0.74
2,running,256.06,0.55,1375,2025-05-01 15:30:32,731.6,0.76
3,running,186.1,0.88,1041,2025-05-01 15:30:32,746.99,0.74
4,running,89.32,0.62,720,2025-05-01 15:30:32,780.95,0.71
5,idle,60.0,0.2,0,2025-05-01 15:30:32,691.49,0.77
6,running,279.87,0.9,985,2025-05-01 15:30:32,768.51,0.73
7,error,60.0,0.2,0,2025-05-01 15:30:32,677.89,0.75
8,idle,60.0,0.2,0,2025-05-01 15:30:32,673.91,0.74
9,idle,60.0,0.2,0,2025-05-01 15:30:32,702.99,0.77
10,running,230.8,0.9,1073,2025-05-01 15:30:32,694.48,0.76
1,running,135.65,0.22,116,2025-05-01 15:30:42,750.29,0.74
2,idle,60.0,0.2,0,2025-05-01 15:30:42,731.6,0.76
3,idle,60.0,0.2,0,2025-05-01 15:30:42,746.99,0.74
4,running,164.8,0.9,224,2025-05-01 15:30:42,780.95,0.71
5,running,60,0.56,0,2025-05-01 15:30:42,691.49,0.77
6,running,232.92,0.9,1026,2025-05-01 15:30:42,768.51,0.73
7,running,146.36,0.16,0,2025-05-01 15:30:42,677.9,0.76
8,running,92.3,0.44,167,2025-05-01 15:30:42,673.91,0.74
9,idle,60.0,0.2,0,2025-05-01 15:30:42,702.99,0.77
10,running,180.98,0.9,764,2025-05-01 15:30:42,694.49,0.77
1,running,91.81,0.36,642,2025-05-01 15:30:52,750.29,0.74
2,running,119.44,0.19,0,2025-05-01 15:30:52,731.61,0.77
3,running,75.23,0.33,0,2025-05-01 15:30:52,746.99,0.74
4,idle,60.0,0.2,0,2025-05-01 15:30:52,780.95,0.71
5,running,99.9,0.9,0,2025-05-01 15:30:52,691.49,0.77
6,running,300,0.9,941,2025-05-01 15:30:52,768.52,0.74
7,running,215.31,0.42,438,2025-05-01 15:30:52,677.9,0.76
8,running,177.95,0.61,50,2025-05-01 15:30:52,673.92,0.75
9,running,80.19,0.34,103,2025-05-01 15:30:52,702.99,0.77
10,running,219.47,0.9,1535,2025-05-01 15:30:52,694.49,0.77
1,running,164.36,0.34,0,2025-05-01 15:31:02,750.3,0.75
2,running,90.41,0.26,625,2025-05-01 15:31:02,731.61,0.77
3,running,159.4,0.68,0,2025-05-01 15:31:02,746.99,0.74
4,running,134.28,0.46,980,2025-05-01 15:31:02,780.95,0.71
5,running,142.27,0.88,0,2025-05-01 15:31:02,691.5,0.78
6,running,285.6,0.9,128,2025-05-01 15:31:02,768.52,0.74
7,running,263.42,0.51,1415,2025-05-01 15:31:02,677.9,0.76
8,running,250.3,0.9,16,2025-05-01 15:31:02,673.92,0.75
9,running,141.8,0.57,407,2025-05-01 15:31:02,702.99,0.77
10,running,300,0.9,1038,2025-05-01 15:31:02,694.49,0.77
1,idle,60.0,0.2,0,2025-05-01 15:31:12,750.3,0.75
2,running,153.98,0.42,1003,2025-05-01 15:31:12,731.61,0.77
3,running,178.73,0.9,253,2025-05-01 15:31:12,747.0,0.75
4,running,86.23,0.46,250,2025-05-01 15:31:12,780.96,0.72
5,running,130.02,0.89,0,2025-05-01 15:31:12,691.5,0.78
6,error,60.0,0.2,0,2025-05-01 15:31:12,768.52,0.74
7,running,300,0.9,1744,2025-05-01 15:31:12,677.9,0.76
8,running,277.83,0.9,936,2025-05-01 15:31:12,673.92,0.75
9,idle,60.0,0.2,0,2025-05-01 15:31:12,702.99,0.77
10,error,60.0,0.2,0,2025-05-01 15:31:12,694.49,0.77
1,running,60,0.5,0,2025-05-01 15:31:23,750.3,0.75
2,running,182.34,0.4,553,2025-05-01 15:31:23,731.61,0.77
3,running,192.34,0.9,0,2025-05-01 15:31:23,747.0,0.75
4,running,60.56,0.59,255,2025-05-01 15:31:23,780.96,0.72
5,running,152.01,0.9,0,2025-05-01 15:31:23,691.5,0.78
6,running,60,0.2,469,2025-05-01 15:31:23,768.52,0.74
7,running,300,0.9,1620,2025-05-01 15:31:23,677.91,0.77
8,running,286.77,0.9,841,2025-05-01 15:31:23,673.93,0.76
9,idle,60.0,0.2,0,2025-05-01 15:31:23,702.99,0.77
10,running,119.02,0.55,0,2025-05-01 15:31:23,694.49,0.77
1,running,60,0.9,952,2025-05-01 15:31:33,750.3,0.75
2,running,136.04,0.61,61,2025-05-01 15:31:33,731.62,0.78
3,running,251.41,0.9,0,2025-05-01 15:31:33,747.0,0.75
4,running,123.68,0.62,392,2025-05-01 15:31:33,780.96,0.72
5,running,103.91,0.9,0,2025-05-01 15:31:33,691.51,0.79
6,idle,60.0,0.2,0,2025-05-01 15:31:33,768.52,0.74
7,running,272.87,0.9,1697,2025-05-01 15:31:33,677.91,0.77
8,running,248.48,0.9,604,2025-05-01 15:31:33,673.93,0.76
9,idle,60.0,0.2,0,2025-05-01 15:31:33,702.99,0.77
10,error,60.0,0.2,0,2025-05-01 15:31:33,694.49,0.77
1,running,60,0.9,1257,2025-05-01 15:31:43,750.31,0.76
2,idle,60.0,0.2,0,2025-05-01 15:31:43,731.62,0.78
3,idle,60.0,0.2,0,2025-05-01 15:31:43,747.0,0.75
4,running,138.08,0.86,0,2025-05-01 15:31:43,780.96,0.72
5,running,164.36,0.9,0,2025-05-01 15:31:43,691.51,0.79
6,running,77.91,0.54,0,2025-05-01 15:31:43,768.52,0.74
7,running,300,0.9,2314,2025-05-01 15:31:43,677.91,0.77
8,running,220.06,0.9,0,2025-05-01 15:31:43,673.93,0.76
9,running,102.78,0.39,404,2025-05-01 15:31:43,702.99,0.77
10,running,60,0.24,0,2025-05-01 15:31:43,694.5,0.78
1,running,91.61,0.9,514,2025-05-01 15:31:53,750.31,0.76
2,running,60,0.39,0,2025-05-01 15:31:53,731.62,0.78
3,error,60.0,0.2,0,2025-05-01 15:31:53,747.0,0.75
4,running,165.24,0.9,0,2025-05-01 15:31:53,780.97,0.73
5,idle,60.0,0.2,0,2025-05-01 15:31:53,691.51,0.79
6,running,163.39,0.65,850,2025-05-01 15:31:53,768.53,0.75
7,running,300,0.9,2390,2025-05-01 15:31:53,677.91,0.77
8,running,194.04,0.9,682,2025-05-01 15:31:53,673.93,0.76
9,running,144.02,0.56,230,2025-05-01 15:31:53,703.0,0.78
10,running,100.26,0.54,627,2025-05-01 15:31:53,694.5,0.78
1,running,106.94,0.9,1291,2025-05-01 15:32:03,750.31,0.76
2,running,107.45,0.88,628,2025-05-01 15:32:03,731.62,0.78
3,idle,60.0,0.2,0,2025-05-01 15:32:03,747.0,0.75
4,idle,60.0,0.2,0,2025-05-01 15:32:03,780.97,0.73
5,running,155.39,0.21,3,2025-05-01 15:32:03,691.51,0.79
6,running,204.58,0.9,1397,2025-05-01 15:32:03,768.53,0.75
7,running,300,0.9,2974,2025-05-01 15:32:03,677.92,0.78
8,idle,60.0,0.2,0,2025-05-01 15:32:03,673.93,0.76
9,running,216.97,0.9,0,2025-05-01 15:32:03,703.0,0.78
10,running,169.79,0.54,0,2025-05-01 15:32:03,694.5,0.78
1,running,106.81,0.87,2167,2025-05-01 15:32:13,750.31,0.76
2,running,189.87,0.9,1445,2025-05-01 15:32:13,731.63,0.79
3,running,60,0.61,191,2025-05-01 15:32:13,747.01,0.76
4,idle,60.0,0.2,0,2025-05-01 15:32:13,780.97,0.73
5,running,239.91,0.44,0,2025-05-01 15:32:13,691.51,0.79
6,running,265.12,0.9,1960,2025-05-01 15:32:13,768.53,0.75
7,running,300,0.9,3270,2025-05-01 15:32:13,677.92,0.78
8,running,60,0.54,0,2025-05-01 15:32:13,673.94,0.77
9,running,224.95,0.9,901,2025-05-01 15:32:13,703.0,0.78
10,idle,60.0,0.2,0,2025-05-01 15:32:13,694.5,0.78
1,running,97.46,0.9,2012,2025-05-01 15:32:23,750.32,0.77
2,idle,60.0,0.2,0,2025-05-01 15:32:23,731.63,0.79
3,running,75.95,0.65,935,2025-05-01 15:32:23,747.01,0.76
4,running,60,0.33,0,2025-05-01 15:32:23,780.97,0.73
5,running,256.59,0.41,801,2025-05-01 15:32:23,691.52,0.8
6,running,284.8,0.9,2435,2025-05-01 15:32:23,768.54,0.76
7,running,251.11,0.9,3535,2025-05-01 15:32:23,677.92,0.78
8,idle,60.0,0.2,0,2025-05-01 15:32:23,673.94,0.77
9,running,242.75,0.9,323,2025-05-01 15:32:23,703.01,0.79
10,running,60,0.16,0,2025-05-01 15:32:23,694.51,0.79
1,running,159.61,0.9,1084,2025-05-01 15:32:33,750.32,0.77
2,running,60,0.41,280,2025-05-01 15:32:33,731.63,0.79
3,running,63.49,0.87,703,2025-05-01 15:32:33,747.01,0.76
4,running,60,0.58,0,2025-05-01 15:32:33,780.97,0.73
5,running,255.16,0.63,303,2025-05-01 15:32:33,691.52,0.8
6,running,271.62,0.9,2377,2025-05-01 15:32:33,768.54,0.76
7,running,262.88,0.9,4018,2025-05-01 15:32:33,677.93,0.79
8,running,60,0.5,0,2025-05-01 15:32:33,673.94,0.77
9,idle,60.0,0.2,0,2025-05-01 15:32:33,703.01,0.79
10,running,70.16,0.18,109,2025-05-01 15:32:33,694.51,0.79
1,running,195.54,0.9,1395,2025-05-01 15:32:43,750.32,0.77
2,running,143.39,0.83,1188,2025-05-01 15:32:43,731.63,0.79
3,running,151.25,0.88,356,2025-05-01 15:32:43,747.01,0.76
4,running,62.86,0.9,519,2025-05-01 15:32:43,780.98,0.74
5,running,300,0.68,384,2025-05-01 15:32:43,691.52,0.8
6,running,242.91,0.9,2277,2025-05-01 15:32:43,768.54,0.76
7,running,300,0.9,4178,2025-05-01 15:32:43,677.93,0.79
8,running,60,0.51,74,2025-05-01 15:32:43,673.94,0.77
9,running,138.77,0.35,0,2025-05-01 15:32:43,703.01,0.79
10,running,136.51,0.32,790,2025-05-01 15:32:43,694.51,0.79
1,running,251.68,0.9,2241,2025-05-01 15:32:53,750.32,0.77
2,running,160.53,0.9,532,2025-05-01 15:32:53,731.63,0.79
3,running,172.18,0.9,210,2025-05-01 15:32:53,747.02,0.77
4,idle,60.0,0.2,0,2025-05-01 15:32:53,780.98,0.74
5,running,280.11,0.9,348,2025-05-01 15:32:53,691.53,0.81
6,running,219.67,0.9,1320,2025-05-01 15:32:53,768.54,0.76
7,running,260.33,0.9,4583,2025-05-01 15:32:53,677.93,0.79
8,running,109.25,0.72,376,2025-05-01 15:32:53,673.94,0.77
9,running,235.12,0.33,732,2025-05-01 15:32:53,703.01,0.79
10,idle,60.0,0.2,0,2025-05-01 15:32:53,694.51,0.79
1,running,237.24,0.9,2527,2025-05-01 15:33:03,750.33,0.78
2,running,238.62,0.9,0,2025-05-01 15:33:03,731.64,0.8
3,error,60.0,0.2,0,2025-05-01 15:33:03,747.02,0.77
4,running,60,0.56,285,2025-05-01 15:33:03,780.98,0.74
5,running,283.15,0.9,243,2025-05-01 15:33:03,691.53,0.81
6,running,273.4,0.9,1585,2025-05-01 15:33:03,768.55,0.77
7,idle,60.0,0.2,0,2025-05-01 15:33:03,677.93,0.79
8,running,97.91,0.88,1162,2025-05-01 15:33:03,673.95,0.78
9,running,300,0.41,0,2025-05-01 15:33:03,703.01,0.79
10,running,68.9,0.18,0,2025-05-01 15:33:03,694.51,0.79
1,running,233.78,0.9,2934,2025-05-01 15:33:13,750.33,0.78
2,running,300,0.88,705,2025-05-01 15:33:13,731.64,0.8
3,running,148.38,0.4,77,2025-05-01 15:33:13,747.02,0.77
4,running,138.69,0.55,253,2025-05-01 15:33:13,780.98,0.74
5,running,300,0.9,58,2025-05-01 15:33:13,691.53,0.81
6,running,292.68,0.9,1957,2025-05-01 15:33:13,768.55,0.77
7,running,60,0.3,720,2025-05-01 15:33:13,677.93,0.79
8,running,158.99,0.88,1531,2025-05-01 15:33:13,673.95,0.78
9,running,300,0.81,794,2025-05-01 15:33:13,703.02,0.8
10,running,60,0.21,416,2025-05-01 15:33:13,694.52,0.8
1,running,300,0.9,3143,2025-05-01 15:33:23,750.33,0.78
2,running,300,0.9,383,2025-05-01 15:33:23,731.64,0.8
3,running,211.47,0.61,0,2025-05-01 15:33:23,747.02,0.77
4,running,203.62,0.9,0,2025-05-01 15:33:23,780.98,0.74
5,running,300,0.9,553,2025-05-01 15:33:23,691.53,0.81
6,running,300,0.9,2808,2025-05-01 15:33:23,768.55,0.77
7,running,60,0.33,500,2025-05-01 15:33:23,677.94,0.8
8,running,179.06,0.9,1190,2025-05-01 15:33:23,673.95,0.78
9,running,250.06,0.9,154,2025-05-01 15:33:23,703.02,0.8
10,running,106.69,0.69,0,2025-05-01 15:33:23,694.52,0.8
1,idle,60.0,0.2,0,2025-05-01 15:33:33,750.33,0.78
2,running,300,0.9,0,2025-05-01 15:33:33,731.65,0.81
3,error,60.0,0.2,0,2025-05-01 15:33:33,747.02,0.77
4,running,254.46,0.9,0,2025-05-01 15:33:33,780.99,0.75
5,running,300,0.9,0,2025-05-01 15:33:33,691.54,0.82
6,running,300,0.86,3597,2025-05-01 15:33:33,768.55,0.77
7,idle,60.0,0.2,0,2025-05-01 15:33:33,677.94,0.8
8,running,155.25,0.85,1508,2025-05-01 15:33:33,673.96,0.79
9,running,208.15,0.9,0,2025-05-01 15:33:33,703.02,0.8
10,running,189.68,0.72,0,2025-05-01 15:33:33,694.52,0.8
1,running,86.42,0.25,991,2025-05-01 15:33:43,750.34,0.79
2,running,300,0.9,0,2025-05-01 15:33:43,731.65,0.81
3,running,60,0.2,0,2025-05-01 15:33:43,747.02,0.77
4,running,300,0.9,0,2025-05-01 15:33:43,780.99,0.75
5,idle,60.0,0.2,0,2025-05-01 15:33:43,691.54,0.82
6,running,300,0.9,3557,2025-05-01 15:33:43,768.56,0.78
7,running,65.87,0.43,0,2025-05-01 15:33:43,677.94,0.8
8,running,199.14,0.9,997,2025-05-01 15:33:43,673.96,0.79
9,running,298.53,0.9,737,2025-05-01 15:33:43,703.03,0.81
10,running,241.34,0.89,0,2025-05-01 15:33:43,694.53,0.81
1,error,60.0,0.2,0,2025-05-01 15:33:53,750.34,0.79
2,running,300,0.9,51,2025-05-01 15:33:53,731.65,0.81
3,running,105.64,0.43,0,2025-05-01 15:33:53,747.03,0.78
4,running,300,0.9,881,2025-05-01 15:33:53,780.99,0.75
5,running,150.43,0.29,0,2025-05-01 15:33:53,691.54,0.82
6,running,300,0.9,3278,2025-05-01 15:33:53,768.56,0.78
7,running,108.07,0.67,0,2025-05-01 15:33:53,677.94,0.8
8,running,186.46,0.9,856,2025-05-01 15:33:53,673.96,0.79
9,running,300,0.9,760,2025-05-01 15:33:53,703.03,0.81
10,running,300,0.9,124,2025-05-01 15:33:53,694.53,0.81
1,error,60.0,0.2,0,2025-05-01 15:34:03,750.34,0.79
2,running,300,0.86,881,2025-05-01 15:34:03,731.65,0.81
3,running,106.61,0.51,964,2025-05-01 15:34:03,747.03,0.78
4,running,292.18,0.9,1835,2025-05-01 15:34:03,781.0,0.76
5,idle,60.0,0.2,0,2025-05-01 15:34:03,691.54,0.82
6,idle,60.0,0.2,0,2025-05-01 15:34:03,768.56,0.78
7,running,78.5,0.9,80,2025-05-01 15:34:03,677.95,0.81
8,running,205.27,0.9,0,2025-05-01 15:34:03,673.96,0.79
9,running,300,0.88,1013,2025-05-01 15:34:03,703.03,0.81
10,idle,60.0,0.2,0,2025-05-01 15:34:03,694.53,0.81
1,running,104.31,0.69,951,2025-05-01 15:34:13,750.34,0.79
2,running,300,0.9,726,2025-05-01 15:34:13,731.66,0.82
3,running,144.63,0.68,398,2025-05-01 15:34:13,747.03,0.78
4,idle,60.0,0.2,0,2025-05-01 15:34:13,781.0,0.76
5,error,60.0,0.2,0,2025-05-01 15:34:13,691.54,0.82
6,running,97.95,0.17,968,2025-05-01 15:34:13,768.56,0.78
7,error,60.0,0.2,0,2025-05-01 15:34:13,677.95,0.81
8,running,269.38,0.9,0,2025-05-01 15:34:13,673.97,0.8
9,idle,60.0,0.2,0,2025-05-01 15:34:13,703.03,0.81
10,running,87.61,0.25,0,2025-05-01 15:34:13,694.53,0.81
1,running,79.11,0.76,1880,2025-05-01 15:34:23,750.34,0.79
2,running,300,0.9,1061,2025-05-01 15:34:23,731.66,0.82
3,error,60.0,0.2,0,2025-05-01 15:34:23,747.03,0.78
4,idle,60.0,0.2,0,2025-05-01 15:34:23,781.0,0.76
5,running,126.1,0.43,0,2025-05-01 15:34:23,691.54,0.82
6,running,75.07,0.43,1492,2025-05-01 15:34:23,768.57,0.79
7,running,93.52,0.28,0,2025-05-01 15:34:23,677.95,0.81
8,running,300,0.9,111,2025-05-01 15:34:23,673.97,0.8
9,running,60,0.23,324,2025-05-01 15:34:23,703.03,0.81
10,running,100.4,0.6,0,2025-05-01 15:34:23,694.53,0.81
1,running,151.1,0.8,2065,2025-05-01 15:34:33,750.34,0.79
2,running,300,0.9,1582,2025-05-01 15:34:33,731.66,0.82
3,running,115.27,0.69,0,2025-05-01 15:34:33,747.04,0.79
4,idle,60.0,0.2,0,2025-05-01 15:34:33,781.0,0.76
5,error,60.0,0.2,0,2025-05-01 15:34:33,691.54,0.82
6,running,75.84,0.64,1719,2025-05-01 15:34:33,768.57,0.79
7,running,71.43,0.47,0,2025-05-01 15:34:33,677.95,0.81
8,running,300,0.9,0,2025-05-01 15:34:33,673.97,0.8
9,running,126.05,0.26,633,2025-05-01 15:34:33,703.04,0.82
10,running,119.12,0.86,698,2025-05-01 15:34:33,694.54,0.82
1,running,220.25,0.83,2092,2025-05-01 15:34:43,750.35,0.8
2,running,300,0.9,2449,2025-05-01 15:34:43,731.66,0.82
3,running,125.0,0.9,0,2025-05-01 15:34:43,747.04,0.79
4,running,99.0,0.43,0,2025-05-01 15:34:43,781.0,0.76
5,running,60,0.52,0,2025-05-01 15:34:43,691.54,0.82
6,running,60,0.9,2568,2025-05-01 15:34:43,768.57,0.79
7,running,60,0.79,0,2025-05-01 15:34:43,677.95,0.81
8,running,300,0.9,0,2025-05-01 15:34:43,673.98,0.81
9,running,208.04,0.45,979,2025-05-01 15:34:43,703.04,0.82
10,idle,60.0,0.2,0,2025-05-01 15:34:43,694.54,0.82
1,idle,60.0,0.2,0,2025-05-01 15:34:53,750.35,0.8
2,idle,60.0,0.2,0,2025-05-01 15:34:53,731.66,0.82
3,running,127.6,0.9,775,2025-05-01 15:34:53,747.04,0.79
4,idle,60.0,0.2,0,2025-05-01 15:34:53,781.0,0.76
5,running,92.54,0.85,0,2025-05-01 15:34:53,691.55,0.83
6,running,152.62,0.9,3492,2025-05-01 15:34:53,768.57,0.79
7,running,79.66,0.9,437,2025-05-01 15:34:53,677.96,0.82
8,idle,60.0,0.2,0,2025-05-01 15:34:53,673.98,0.81
9,idle,60.0,0.2,0,2025-05-01 15:34:53,703.04,0.82
10,running,77.42,0.54,588,2025-05-01 15:34:53,694.54,0.82
1,running,79.03,0.65,0,2025-05-01 15:35:03,750.35,0.8
2,running,152.97,0.52,0,2025-05-01 15:35:03,731.67,0.83
3,running,220.48,0.9,1405,2025-05-01 15:35:03,747.04,0.79
4,running,154.65,0.49,0,2025-05-01 15:35:03,781.0,0.76
5,running,176.17,0.9,474,2025-05-01 15:35:03,691.55,0.83
6,running,162.7,0.9,3007,2025-05-01 15:35:03,768.58,0.8
7,running,86.69,0.9,374,2025-05-01 15:35:03,677.96,0.82
8,running,139.22,0.52,280,2025-05-01 15:35:03,673.98,0.81
9,running,60,0.27,0,2025-05-01 15:35:03,703.04,0.82
10,idle,60.0,0.2,0,2025-05-01 15:35:03,694.54,0.82
1,running,140.48,0.9,497,2025-05-01 15:35:13,750.35,0.8
2,running,250.55,0.58,117,2025-05-01 15:35:13,731.67,0.83
3,running,293.08,0.9,653,2025-05-01 15:35:13,747.05,0.8
4,idle,60.0,0.2,0,2025-05-01 15:35:13,781.0,0.76
5,idle,60.0,0.2,0,2025-05-01 15:35:13,691.55,0.83
6,running,190.08,0.9,2049,2025-05-01 15:35:13,768.58,0.8
7,running,60,0.9,0,2025-05-01 15:35:13,677.96,0.82
8,running,110.03,0.9,0,2025-05-01 15:35:13,673.98,0.81
9,running,117.75,0.29,0,2025-05-01 15:35:13,703.04,0.82
10,running,117.87,0.55,467,2025-05-01 15:35:13,694.54,0.82
1,running,220.02,0.9,1294,2025-05-01 15:35:23,750.36,0.81
2,running,266.32,0.9,1083,2025-05-01 15:35:23,731.67,0.83
3,running,295.82,0.9,633,2025-05-01 15:35:23,747.05,0.8
4,running,60,0.29,202,2025-05-01 15:35:23,781.0,0.76
5,running,128.94,0.23,672,2025-05-01 15:35:23,691.55,0.83
6,running,236.13,0.9,2108,2025-05-01 15:35:23,768.58,0.8
7,running,109.33,0.9,0,2025-05-01 15:35:23,677.96,0.82
8,running,121.75,0.9,855,2025-05-01 15:35:23,673.98,0.81
9,running,197.39,0.75,107,2025-05-01 15:35:23,703.05,0.83
10,running,136.77,0.74,679,2025-05-01 15:35:23,694.54,0.82
1,running,253.32,0.9,734,2025-05-01 15:35:33,750.36,0.81
2,running,300,0.85,1428,2025-05-01 15:35:33,731.68,0.84
3,idle,60.0,0.2,0,2025-05-01 15:35:33,747.05,0.8
4,running,72.0,0.58,681,2025-05-01 15:35:33,781.01,0.77
5,running,183.08,0.72,0,2025-05-01 15:35:33,691.56,0.84
6,running,239.24,0.9,2758,2025-05-01 15:35:33,768.59,0.81
7,running,206.01,0.9,0,2025-05-01 15:35:33,677.97,0.83
8,error,60.0,0.2,0,2025-05-01 15:35:33,673.98,0.81
9,running,251.2,0.9,903,2025-05-01 15:35:33,703.05,0.83
10,running,157.89,0.9,1308,2025-05-01 15:35:33,694.55,0.83
1,error,60.0,0.2,0,2025-05-01 15:35:43,750.36,0.81
2,running,300,0.9,630,2025-05-01 15:35:43,731.68,0.84
3,running,72.07,0.3,0,2025-05-01 15:35:43,747.05,0.8
4,idle,60.0,0.2,0,2025-05-01 15:35:43,781.01,0.77
5,running,165.55,0.9,0,2025-05-01 15:35:43,691.56,0.84
6,running,300,0.9,3552,2025-05-01 15:35:43,768.59,0.81
7,running,188.14,0.9,0,2025-05-01 15:35:43,677.97,0.83
8,running,132.42,0.41,0,2025-05-01 15:35:43,673.99,0.82
9,running,209.18,0.9,934,2025-05-01 15:35:43,703.05,0.83
10,running,198.44,0.9,331,2025-05-01 15:35:43,694.55,0.83
1,running,60,0.7,0,2025-05-01 15:35:53,750.36,0.81
2,running,300,0.9,177,2025-05-01 15:35:53,731.68,0.84
3,running,86.31,0.44,0,2025-05-01 15:35:53,747.06,0.81
4,running,90.82,0.36,0,2025-05-01 15:35:53,781.01,0.77
5,running,194.47,0.9,0,2025-05-01 15:35:53,691.56,0.84
6,running,300,0.9,4006,2025-05-01 15:35:53,768.59,0.81
7,running,268.52,0.9,0,2025-05-01 15:35:53,677.97,0.83
8,running,140.26,0.38,667,2025-05-01 15:35:53,673.99,0.82
9,idle,60.0,0.2,0,2025-05-01 15:35:53,703.05,0.83
10,running,200.36,0.9,0,2025-05-01 15:35:53,694.55,0.83
1,running,71.14,0.9,0,2025-05-01 15:36:03,750.36,0.81
2,running,300,0.9,88,2025-05-01 15:36:03,731.68,0.84
3,idle,60.0,0.2,0,2025-05-01 15:36:03,747.06,0.81
4,running,80.42,0.46,498,2025-05-01 15:36:03,781.01,0.77
5,running,281.53,0.9,522,2025-05-01 15:36:03,691.56,0.84
6,running,300,0.9,3553,2025-05-01 15:36:03,768.59,0.81
7,running,300,0.9,0,2025-05-01 15:36:03,677.98,0.84
8,running,113.68,0.82,226,2025-05-01 15:36:03,673.99,0.82
9,running,105.52,0.62,0,2025-05-01 15:36:03,703.06,0.84
10,running,189.22,0.9,0,2025-05-01 15:36:03,694.56,0.84
1,running,110.84,0.9,120,2025-05-01 15:36:13,750.37,0.82
2,running,300,0.9,0,2025-05-01 15:36:13,731.69,0.85
3,idle,60.0,0.2,0,2025-05-01 15:36:13,747.06,0.81
4,running,60,0.57,1271,2025-05-01 15:36:13,781.01,0.77
5,error,60.0,0.2,0,2025-05-01 15:36:13,691.56,0.84
6,idle,60.0,0.2,0,2025-05-01 15:36:13,768.59,0.81
7,running,300,0.9,0,2025-05-01 15:36:13,677.98,0.84
8,running,174.24,0.9,857,2025-05-01 15:36:13,673.99,0.82
9,running,60,0.67,995,2025-05-01 15:36:13,703.06,0.84
10,running,191.01,0.9,355,2025-05-01 15:36:13,694.56,0.84
1,running,142.76,0.9,0,2025-05-01 15:36:23,750.37,0.82
2,running,271.31,0.9,0,2025-05-01 15:36:23,731.69,0.85
3,running,98.69,0.37,0,2025-05-01 15:36:23,747.06,0.81
4,idle,60.0,0.2,0,2025-05-01 15:36:23,781.01,0.77
5,running,139.0,0.69,658,2025-05-01 15:36:23,691.57,0.85
6,running,141.91,0.66,973,2025-05-01 15:36:23,768.6,0.82
7,running,300,0.9,199,2025-05-01 15:36:23,677.98,0.84
8,running,132.21,0.9,726,2025-05-01 15:36:23,674.0,0.83
9,running,116.95,0.9,1113,2025-05-01 15:36:23,703.06,0.84
10,running,181.56,0.9,423,2025-05-01 15:36:23,694.56,0.84
1,running,217.04,0.9,665,2025-05-01 15:36:33,750.37,0.82
2,idle,60.0,0.2,0,2025-05-01 15:36:33,731.69,0.85
3,running,101.51,0.66,0,2025-05-01 15:36:33,747.06,0.81
4,running,157.64,0.65,0,2025-05-01 15:36:33,781.02,0.78
5,running,159.51,0.9,667,2025-05-01 15:36:33,691.57,0.85
6,running,196.5,0.9,477,2025-05-01 15:36:33,768.6,0.82
7,running,300,0.9,0,2025-05-01 15:36:33,677.98,0.84
8,running,92.78,0.9,620,2025-05-01 15:36:33,674.0,0.83
9,running,178.0,0.9,1912,2025-05-01 15:36:33,703.06,0.84
10,running,171.36,0.9,0,2025-05-01 15:36:33,694.56,0.84
1,running,295.4,0.9,726,2025-05-01 15:44:58,750.37,0.82
2,running,60,0.45,997,2025-05-01 15:44:58,731.69,0.85
3,running,84.19,0.9,382,2025-05-01 15:44:58,747.06,0.81
4,idle,60.0,0.2,0,2025-05-01 15:44:58,781.02,0.78
5,running,213.74,0.9,442,2025-05-01 15:44:58,691.57,0.85
6,running,154.74,0.9,259,2025-05-01 15:44:58,768.6,0.82
7,running,300,0.9,0,2025-05-01 15:44:58,677.98,0.84
8,running,192.09,0.88,150,2025-05-01 15:44:58,674.0,0.83
9,running,194.16,0.9,2356,2025-05-01 15:44:58,703.06,0.84
10,idle,60.0,0.2,0,2025-05-01 15:44:58,694.56,0.84
1,running,292.88,0.9,116,2025-05-01 15:45:08,750.38,0.83
2,running,99.38,0.8,1089,2025-05-01 15:45:08,731.7,0.86
3,running,60,0.9,488,2025-05-01 15:45:08,747.07,0.82
4,running,60,0.22,600,2025-05-01 15:45:08,781.02,0.78
5,idle,60.0,0.2,0,2025-05-01 15:45:08,691.57,0.85
6,running,177.88,0.9,641,2025-05-01 15:45:08,768.61,0.83
7,running,265.08,0.9,796,2025-05-01 15:45:08,677.99,0.85
8,running,251.34,0.9,568,2025-05-01 15:45:08,674.01,0.84
9,running,222.8,0.9,2879,2025-05-01 15:45:08,703.07,0.85
10,error,60.0,0.2,0,2025-05-01 15:45:08,694.56,0.84
1,running,300,0.9,96,2025-05-01 15:45:18,750.38,0.83
2,running,116.07,0.9,1780,2025-05-01 15:45:18,731.7,0.86
3,running,60,0.9,0,2025-05-01 15:45:18,747.07,0.82
4,running,102.11,0.51,0,2025-05-01 15:45:18,781.03,0.79
5,running,83.27,0.53,890,2025-05-01 15:45:18,691.58,0.86
6,running,197.83,0.9,341,2025-05-01 15:45:18,768.61,0.83
7,running,300,0.9,1435,2025-05-01 15:45:18,677.99,0.85
8,running,214.37,0.9,662,2025-05-01 15:45:18,674.01,0.84
9,running,300,0.85,1918,2025-05-01 15:45:18,703.07,0.85
10,running,150.93,0.42,944,2025-05-01 15:45:18,694.56,0.84
1,running,300,0.87,369,2025-05-01 15:45:28,750.38,0.83
2,running,123.32,0.9,2511,2025-05-01 15:45:28,731.7,0.86
3,running,139.32,0.9,0,2025-05-01 15:45:28,747.07,0.82
4,idle,60.0,0.2,0,2025-05-01 15:45:28,781.03,0.79
5,running,92.49,0.52,693,2025-05-01 15:45:28,691.58,0.86
6,running,291.46,0.9,1218,2025-05-01 15:45:28,768.61,0.83
7,running,300,0.9,1600,2025-05-01 15:45:28,677.99,0.85
8,running,169.6,0.9,1159,2025-05-01 15:45:28,674.01,0.84
9,running,278.95,0.9,2228,2025-05-01 15:45:28,703.07,0.85
10,running,151.04,0.87,1286,2025-05-01 15:45:28,694.57,0.85
1,running,300,0.84,0,2025-05-01 15:45:38,750.38,0.83
2,running,102.15,0.86,2625,2025-05-01 15:45:38,731.7,0.86
3,running,198.74,0.9,0,2025-05-01 15:45:38,747.07,0.82
4,error,60.0,0.2,0,2025-05-01 15:45:38,781.03,0.79
5,running,60,0.52,803,2025-05-01 15:45:38,691.58,0.86
6,running,300,0.9,299,2025-05-01 15:45:38,768.61,0.83
7,running,300,0.9,1838,2025-05-01 15:45:38,677.99,0.85
8,running,171.29,0.9,1794,2025-05-01 15:45:38,674.01,0.84
9,running,300,0.9,3161,2025-05-01 15:45:38,703.07,0.85
10,running,227.49,0.9,1384,2025-05-01 15:45:38,694.57,0.85
1,running,300,0.85,0,2025-05-01 15:45:48,750.39,0.84
2,running,196.57,0.9,2710,2025-05-01 15:45:48,731.71,0.87
3,idle,60.0,0.2,0,2025-05-01 15:45:48,747.07,0.82
4,running,109.29,0.49,677,2025-05-01 15:45:48,781.03,0.79
5,idle,60.0,0.2,0,2025-05-01 15:45:48,691.58,0.86
6,running,300,0.9,999,2025-05-01 15:45:48,768.62,0.84
7,running,300,0.9,1265,2025-05-01 15:45:48,678.0,0.86
8,running,184.35,0.9,1497,2025-05-01 15:45:48,674.02,0.85
9,running,300,0.9,3256,2025-05-01 15:45:48,703.08,0.86
10,running,300,0.9,1281,2025-05-01 15:45:48,694.57,0.85
1,running,300,0.9,263,2025-05-01 15:45:58,750.39,0.84
2,running,185.75,0.9,3626,2025-05-01 15:45:58,731.71,0.87
3,error,60.0,0.2,0,2025-05-01 15:45:58,747.07,0.82
4,running,172.33,0.9,885,2025-05-01 15:45:58,781.03,0.79
5,running,60,0.31,745,2025-05-01 15:45:58,691.58,0.86
6,idle,60.0,0.2,0,2025-05-01 15:45:58,768.62,0.84
7,idle,60.0,0.2,0,2025-05-01 15:45:58,678.0,0.86
8,idle,60.0,0.2,0,2025-05-01 15:45:58,674.02,0.85
9,running,300,0.9,2402,2025-05-01 15:45:58,703.08,0.86
10,running,285.65,0.9,713,2025-05-01 15:45:58,694.57,0.85
1,idle,60.0,0.2,0,2025-05-01 15:46:08,750.39,0.84
2,running,208.0,0.9,3606,2025-05-01 15:46:08,731.71,0.87
3,running,146.52,0.45,0,2025-05-01 15:46:08,747.08,0.83
4,running,253.94,0.9,471,2025-05-01 15:46:08,781.03,0.79
5,running,122.02,0.69,293,2025-05-01 15:46:08,691.59,0.87
6,running,60,0.47,856,2025-05-01 15:46:08,768.62,0.84
7,running,60,0.26,926,2025-05-01 15:46:08,678.0,0.86
8,running,60,0.43,891,2025-05-01 15:46:08,674.02,0.85
9,running,286.04,0.9,3213,2025-05-01 15:46:08,703.08,0.86
10,running,259.29,0.9,1007,2025-05-01 15:46:08,694.58,0.86
1,running,60,0.38,495,2025-05-01 15:46:18,750.39,0.84
2,running,186.05,0.9,4070,2025-05-01 15:46:18,731.71,0.87
3,running,179.39,0.73,257,2025-05-01 15:46:18,747.08,0.83
4,running,293.81,0.9,0,2025-05-01 15:46:18,781.04,0.8
5,running,202.6,0.9,404,2025-05-01 15:46:18,691.59,0.87
6,running,142.77,0.83,1643,2025-05-01 15:46:18,768.62,0.84
7,running,60,0.72,1432,2025-05-01 15:46:18,678.0,0.86
8,running,118.79,0.9,186,2025-05-01 15:46:18,674.02,0.85
9,running,291.7,0.9,3771,2025-05-01 15:46:18,703.08,0.86
10,running,300,0.9,577,2025-05-01 15:46:18,694.58,0.86
1,running,73.26,0.81,25,2025-05-01 15:46:28,750.39,0.84
2,running,140.51,0.9,4145,2025-05-01 15:46:28,731.72,0.88
3,running,150.3,0.9,152,2025-05-01 15:46:28,747.08,0.83
4,running,300,0.88,920,2025-05-01 15:46:28,781.04,0.8
5,running,167.87,0.9,551,2025-05-01 15:46:28,691.59,0.87
6,error,60.0,0.2,0,2025-05-01 15:46:28,768.62,0.84
7,running,60,0.9,1077,2025-05-01 15:46:28,678.0,0.86
8,idle,60.0,0.2,0,2025-05-01 15:46:28,674.02,0.85
9,running,300,0.9,3099,2025-05-01 15:46:28,703.09,0.87
10,running,300,0.9,0,2025-05-01 15:46:28,694.58,0.86
1,running,155.2,0.9,0,2025-05-01 15:46:38,750.4,0.85
2,running,136.59,0.9,3695,2025-05-01 15:46:38,731.72,0.88
3,idle,60.0,0.2,0,2025-05-01 15:46:38,747.08,0.83
4,running,280.33,0.9,1217,2025-05-01 15:46:38,781.04,0.8
5,running,219.58,0.9,1411,2025-05-01 15:46:38,691.59,0.87
6,running,77.53,0.22,0,2025-05-01 15:46:38,768.62,0.84
7,running,60,0.9,982,2025-05-01 15:46:38,678.01,0.87
8,running,107.15,0.69,0,2025-05-01 15:46:38,674.02,0.85
9,running,273.87,0.86,2117,2025-05-01 15:46:38,703.09,0.87
10,running,300,0.9,0,2025-05-01 15:46:38,694.58,0.86
1,error,60.0,0.2,0,2025-05-01 15:46:48,750.4,0.85
2,running,171.59,0.9,3654,2025-05-01 15:46:48,731.72,0.88
3,running,136.71,0.43,684,2025-05-01 15:46:48,747.08,0.83
4,running,288.93,0.9,1712,2025-05-01 15:46:48,781.04,0.8
5,running,183.52,0.9,1438,2025-05-01 15:46:48,691.6,0.88
6,running,60,0.25,0,2025-05-01 15:46:48,768.63,0.85
7,running,90.25,0.9,141,2025-05-01 15:46:48,678.01,0.87
8,running,88.36,0.9,0,2025-05-01 15:46:48,674.03,0.86
9,running,251.13,0.9,2185,2025-05-01 15:46:48,703.09,0.87
10,running,300,0.9,795,2025-05-01 15:46:48,694.59,0.87
1,running,60,0.17,544,2025-05-01 15:46:58,750.4,0.85
2,running,143.08,0.9,3320,2025-05-01 15:46:58,731.73,0.89
3,idle,60.0,0.2,0,2025-05-01 15:46:58,747.08,0.83
4,running,300,0.9,2217,2025-05-01 15:46:58,781.05,0.81
5,running,258.49,0.9,1783,2025-05-01 15:46:58,691.6,0.88
6,idle,60.0,0.2,0,2025-05-01 15:46:58,768.63,0.85
7,running,87.63,0.9,0,2025-05-01 15:46:58,678.01,0.87
8,running,128.13,0.9,0,2025-05-01 15:46:58,674.03,0.86
9,running,300,0.9,1873,2025-05-01 15:46:58,703.1,0.88
10,running,259.2,0.9,793,2025-05-01 15:46:58,694.59,0.87
1,running,145.15,0.62,1228,2025-05-01 15:47:08,750.4,0.85
2,idle,60.0,0.2,0,2025-05-01 15:47:08,731.73,0.89
3,running,64.93,0.19,556,2025-05-01 15:47:08,747.09,0.84
4,running,300,0.9,1705,2025-05-01 15:47:08,781.05,0.81
5,running,288.35,0.9,1141,2025-05-01 15:47:08,691.6,0.88
6,running,129.35,0.58,0,2025-05-01 15:47:08,768.63,0.85
7,running,148.0,0.9,709,2025-05-01 15:47:08,678.02,0.88
8,idle,60.0,0.2,0,2025-05-01 15:47:08,674.03,0.86
9,running,300,0.9,2397,2025-05-01 15:47:08,703.1,0.88
10,idle,60.0,0.2,0,2025-05-01 15:47:08,694.59,0.87
1,running,176.6,0.85,398,2025-05-01 15:47:18,750.41,0.86
2,running,60,0.53,0,2025-05-01 15:47:18,731.73,0.89
3,running,152.99,0.65,0,2025-05-01 15:47:18,747.09,0.84
4,error,60.0,0.2,0,2025-05-01 15:47:18,781.05,0.81
5,running,296.83,0.9,146,2025-05-01 15:47:18,691.61,0.89
6,running,117.43,0.9,965,2025-05-01 15:47:18,768.63,0.85
7,running,197.84,0.9,799,2025-05-01 15:47:18,678.02,0.88
8,running,80.91,0.39,449,2025-05-01 15:47:18,674.03,0.86
9,running,300,0.9,2666,2025-05-01 15:47:18,703.1,0.88
10,idle,60.0,0.2,0,2025-05-01 15:47:18,694.59,0.87
1,idle,60.0,0.2,0,2025-05-01 15:47:28,750.41,0.86
2,running,120.67,0.54,0,2025-05-01 15:47:28,731.73,0.89
3,running,248.78,0.9,0,2025-05-01 15:47:28,747.09,0.84
4,running,60,0.44,0,2025-05-01 15:47:28,781.05,0.81
5,running,300,0.9,803,2025-05-01 15:47:28,691.61,0.89
6,idle,60.0,0.2,0,2025-05-01 15:47:28,768.63,0.85
7,running,200.09,0.9,1259,2025-05-01 15:47:28,678.02,0.88
8,running,119.41,0.59,720,2025-05-01 15:47:28,674.04,0.87
9,running,267.96,0.9,2490,2025-05-01 15:47:28,703.1,0.88
10,running,156.46,0.17,0,2025-05-01 15:47:28,694.59,0.87
1,running,142.22,0.62,0,2025-05-01 15:47:38,750.41,0.86
2,idle,60.0,0.2,0,2025-05-01 15:47:38,731.73,0.89
3,running,290.5,0.9,0,2025-05-01 15:47:38,747.1,0.85
4,running,74.52,0.42,0,2025-05-01 15:47:38,781.06,0.82
5,running,268.62,0.9,619,2025-05-01 15:47:38,691.61,0.89
6,running,60,0.45,485,2025-05-01 15:47:38,768.64,0.86
7,idle,60.0,0.2,0,2025-05-01 15:47:38,678.02,0.88
8,running,217.32,0.9,1461,2025-05-01 15:47:38,674.04,0.87
9,running,300,0.9,1968,2025-05-01 15:47:38,703.11,0.89
10,idle,60.0,0.2,0,2025-05-01 15:47:38,694.59,0.87
1,running,100.94,0.9,0,2025-05-01 15:47:48,750.41,0.86
2,running,70.48,0.21,0,2025-05-01 15:47:48,731.73,0.89
3,idle,60.0,0.2,0,2025-05-01 15:47:48,747.1,0.85
4,running,130.31,0.86,584,2025-05-01 15:47:48,781.06,0.82
5,running,287.52,0.9,674,2025-05-01 15:47:48,691.61,0.89
6,running,159.15,0.9,451,2025-05-01 15:47:48,768.64,0.86
7,idle,60.0,0.2,0,2025-05-01 15:47:48,678.02,0.88
8,running,201.41,0.9,744,2025-05-01 15:47:48,674.04,0.87
9,running,300,0.9,2255,2025-05-01 15:47:48,703.11,0.89
10,running,140.86,0.3,0,2025-05-01 15:47:48,694.6,0.88
1,running,82.16,0.9,0,2025-05-01 15:47:58,750.41,0.86
2,idle,60.0,0.2,0,2025-05-01 15:47:58,731.73,0.89
3,running,143.02,0.58,0,2025-05-01 15:47:58,747.1,0.85
4,error,60.0,0.2,0,2025-05-01 15:47:58,781.06,0.82
5,running,300,0.9,1375,2025-05-01 15:47:58,691.62,0.9
6,running,163.87,0.9,0,2025-05-01 15:47:58,768.64,0.86
7,running,108.1,0.51,434,2025-05-01 15:47:58,678.02,0.88
8,running,188.21,0.9,1660,2025-05-01 15:47:58,674.04,0.87
9,running,300,0.9,2957,2025-05-01 15:47:58,703.11,0.89
10,running,129.5,0.46,779,2025-05-01 15:47:58,694.6,0.88
1,idle,60.0,0.2,0,2025-05-01 15:48:08,750.41,0.86
2,running,87.75,0.21,928,2025-05-01 15:48:08,731.74,0.9
3,running,239.93,0.9,55,2025-05-01 15:48:08,747.1,0.85
4,running,60,0.28,0,2025-05-01 15:48:08,781.06,0.82
5,running,300,0.9,2265,2025-05-01 15:48:08,691.62,0.9
6,running,198.41,0.9,295,2025-05-01 15:48:08,768.64,0.86
7,running,167.4,0.5,601,2025-05-01 15:48:08,678.03,0.89
8,idle,60.0,0.2,0,2025-05-01 15:48:08,674.04,0.87
9,running,300,0.9,2897,2025-05-01 15:48:08,703.12,0.9
10,running,193.16,0.87,452,2025-05-01 15:48:08,694.6,0.88
1,running,116.97,0.4,462,2025-05-01 15:48:18,750.42,0.87
2,running,60.88,0.24,527,2025-05-01 15:48:18,731.74,0.9
3,running,208.13,0.9,421,2025-05-01 15:48:18,747.1,0.85
4,running,93.16,0.45,628,2025-05-01 15:48:18,781.06,0.82
5,running,300,0.9,3159,2025-05-01 15:48:18,691.62,0.9
6,running,165.75,0.9,0,2025-05-01 15:48:18,768.65,0.87
7,idle,60.0,0.2,0,2025-05-01 15:48:18,678.03,0.89
8,running,130.11,0.32,0,2025-05-01 15:48:18,674.05,0.88
9,running,300,0.9,3171,2025-05-01 15:48:18,703.12,0.9
10,running,208.49,0.9,198,2025-05-01 15:48:18,694.6,0.88
1,error,60.0,0.2,0,2025-05-01 15:48:28,750.42,0.87
2,running,112.91,0.68,0,2025-05-01 15:48:28,731.74,0.9
3,idle,60.0,0.2,0,2025-05-01 15:48:28,747.1,0.85
4,running,179.96,0.78,0,2025-05-01 15:48:28,781.07,0.83
5,idle,60.0,0.2,0,2025-05-01 15:48:28,691.62,0.9
6,running,176.23,0.9,103,2025-05-01 15:48:28,768.65,0.87
7,idle,60.0,0.2,0,2025-05-01 15:48:28,678.03,0.89
8,running,137.1,0.76,599,2025-05-01 15:48:28,674.05,0.88
9,running,272.5,0.9,3129,2025-05-01 15:48:28,703.12,0.9
10,running,278.8,0.9,649,2025-05-01 15:48:28,694.61,0.89
1,running,64.99,0.57,0,2025-05-01 15:48:38,750.42,0.87
2,idle,60.0,0.2,0,2025-05-01 15:48:38,731.74,0.9
3,running,89.19,0.16,0,2025-05-01 15:48:38,747.11,0.86
4,running,198.43,0.9,0,2025-05-01 15:48:38,781.07,0.83
5,running,60,0.61,173,2025-05-01 15:48:38,691.63,0.91
6,running,201.83,0.9,0,2025-05-01 15:48:38,768.65,0.87
7,running,114.29,0.48,140,2025-05-01 15:48:38,678.03,0.89
8,running,217.25,0.86,707,2025-05-01 15:48:38,674.05,0.88
9,running,268.68,0.9,2135,2025-05-01 15:48:38,703.12,0.9
10,running,234.7,0.9,277,2025-05-01 15:48:38,694.61,0.89
1,running,60,0.9,226,2025-05-01 15:48:48,750.42,0.87
2,running,127.55,0.46,0,2025-05-01 15:48:48,731.75,0.91
3,idle,60.0,0.2,0,2025-05-01 15:48:48,747.11,0.86
4,error,60.0,0.2,0,2025-05-01 15:48:48,781.07,0.83
5,running,83.54,0.9,213,2025-05-01 15:48:48,691.63,0.91
6,running,267.75,0.9,202,2025-05-01 15:48:48,768.66,0.88
7,running,171.61,0.9,0,2025-05-01 15:48:48,678.03,0.89
8,idle,60.0,0.2,0,2025-05-01 15:48:48,674.05,0.88
9,running,273.74,0.9,2738,2025-05-01 15:48:48,703.13,0.91
10,running,235.88,0.9,0,2025-05-01 15:48:48,694.61,0.89
1,idle,60.0,0.2,0,2025-05-01 15:48:58,750.42,0.87
2,running,180.14,0.9,547,2025-05-01 15:48:58,731.75,0.91
3,idle,60.0,0.2,0,2025-05-01 15:48:58,747.11,0.86
4,running,100.77,0.67,0,2025-05-01 15:48:58,781.07,0.83
5,running,61.63,0.87,0,2025-05-01 15:48:58,691.63,0.91
6,running,300,0.9,890,2025-05-01 15:48:58,768.66,0.88
7,idle,60.0,0.2,0,2025-05-01 15:48:58,678.03,0.89
8,idle,60.0,0.2,0,2025-05-01 15:48:58,674.05,0.88
9,running,300,0.9,2837,2025-05-01 15:48:58,703.13,0.91
10,running,300,0.9,735,2025-05-01 15:48:58,694.62,0.9
1,running,106.47,0.27,0,2025-05-01 15:49:08,750.43,0.88
2,idle,60.0,0.2,0,2025-05-01 15:49:08,731.75,0.91
3,running,60,0.3,0,2025-05-01 15:49:08,747.11,0.86
4,running,150.13,0.79,212,2025-05-01 15:49:08,781.08,0.84
5,running,103.0,0.9,0,2025-05-01 15:49:08,691.63,0.91
6,running,300,0.9,984,2025-05-01 15:49:08,768.66,0.88
7,running,128.28,0.17,0,2025-05-01 15:49:08,678.04,0.9
8,running,124.49,0.23,0,2025-05-01 15:49:08,674.06,0.89
9,running,300,0.9,1984,2025-05-01 15:49:08,703.13,0.91
10,running,275.66,0.88,278,2025-05-01 15:49:08,694.62,0.9
1,running,193.07,0.6,436,2025-05-01 15:49:18,750.43,0.88
2,idle,60.0,0.2,0,2025-05-01 15:49:18,731.75,0.91
3,running,60,0.52,432,2025-05-01 15:49:18,747.11,0.86
4,running,130.02,0.9,317,2025-05-01 15:49:18,781.08,0.84
5,running,85.91,0.9,247,2025-05-01 15:49:18,691.64,0.92
6,idle,60.0,0.2,0,2025-05-01 15:49:18,768.66,0.88
7,running,78.29,0.57,54,2025-05-01 15:49:18,678.04,0.9
8,idle,60.0,0.2,0,2025-05-01 15:49:18,674.06,0.89
9,running,300,0.9,2692,2025-05-01 15:49:18,703.13,0.91
10,running,225.75,0.9,30,2025-05-01 15:49:18,694.62,0.9
1,running,180.72,0.88,908,2025-05-01 15:49:28,750.43,0.88
2,running,60,0.36,0,2025-05-01 15:49:28,731.75,0.91
3,running,153.4,0.85,586,2025-05-01 15:49:28,747.12,0.87
4,running,189.67,0.9,1018,2025-05-01 15:49:28,781.08,0.84
5,running,94.05,0.9,771,2025-05-01 15:49:28,691.64,0.92
6,running,116.81,0.35,0,2025-05-01 15:49:28,768.66,0.88
7,running,60,0.69,671,2025-05-01 15:49:28,678.04,0.9
8,error,60.0,0.2,0,2025-05-01 15:49:28,674.06,0.89
9,running,258.13,0.9,3496,2025-05-01 15:49:28,703.14,0.92
10,running,291.63,0.9,0,2025-05-01 15:49:28,694.62,0.9
1,running,243.27,0.9,852,2025-05-01 15:49:38,750.43,0.88
2,running,69.85,0.55,0,2025-05-01 15:49:38,731.75,0.91
3,running,219.62,0.9,625,2025-05-01 15:49:38,747.12,0.87
4,running,226.96,0.9,1987,2025-05-01 15:49:38,781.08,0.84
5,running,161.65,0.9,1456,2025-05-01 15:49:38,691.64,0.92
6,running,202.03,0.77,0,2025-05-01 15:49:38,768.67,0.89
7,running,71.78,0.89,1324,2025-05-01 15:49:38,678.04,0.9
8,running,157.82,0.44,0,2025-05-01 15:49:38,674.06,0.89
9,running,272.41,0.9,4172,2025-05-01 15:49:38,703.14,0.92
10,running,300,0.9,917,2025-05-01 15:49:38,694.63,0.91
1,running,300,0.9,0,2025-05-01 15:49:48,750.44,0.89
2,idle,60.0,0.2,0,2025-05-01 15:49:48,731.75,0.91
3,idle,60.0,0.2,0,2025-05-01 15:49:48,747.12,0.87
4,running,192.07,0.9,2602,2025-05-01 15:49:48,781.09,0.85
5,running,179.06,0.9,1940,2025-05-01 15:49:48,691.64,0.92
6,idle,60.0,0.2,0,2025-05-01 15:49:48,768.67,0.89
7,running,60,0.9,845,2025-05-01 15:49:48,678.05,0.91
8,running,253.69,0.87,881,2025-05-01 15:49:48,674.06,0.89
9,idle,60.0,0.2,0,2025-05-01 15:49:48,703.14,0.92
10,idle,60.0,0.2,0,2025-05-01 15:49:48,694.63,0.91
1,running,300,0.9,0,2025-05-01 15:49:58,750.44,0.89
2,running,60,0.43,0,2025-05-01 15:49:58,731.76,0.92
3,running,115.57,0.2,149,2025-05-01 15:49:58,747.12,0.87
4,idle,60.0,0.2,0,2025-05-01 15:49:58,781.09,0.85
5,running,243.16,0.9,1314,2025-05-01 15:49:58,691.65,0.93
6,error,60.0,0.2,0,2025-05-01 15:49:58,768.67,0.89
7,idle,60.0,0.2,0,2025-05-01 15:49:58,678.05,0.91
8,running,287.28,0.9,88,2025-05-01 15:49:58,674.06,0.89
9,running,60,0.58,307,2025-05-01 15:49:58,703.14,0.92
10,running,111.66,0.54,364,2025-05-01 15:49:58,694.63,0.91
1,running,300,0.9,229,2025-05-01 15:50:08,750.44,0.89
2,idle,60.0,0.2,0,2025-05-01 15:50:08,731.76,0.92
3,idle,60.0,0.2,0,2025-05-01 15:50:08,747.12,0.87
4,running,60,0.69,0,2025-05-01 15:50:08,781.09,0.85
5,running,266.62,0.9,2271,2025-05-01 15:50:08,691.65,0.93
6,running,94.25,0.25,132,2025-05-01 15:50:08,768.67,0.89
7,running,60,0.32,0,2025-05-01 15:50:08,678.05,0.91
8,running,250.1,0.9,0,2025-05-01 15:50:08,674.07,0.9
9,running,60,0.84,535,2025-05-01 15:50:08,703.15,0.93
10,running,197.98,0.5,849,2025-05-01 15:50:08,694.63,0.91
1,running,300,0.9,215,2025-05-01 15:50:18,750.44,0.89
2,running,104.59,0.57,0,2025-05-01 15:50:18,731.76,0.92
3,running,140.4,0.67,0,2025-05-01 15:50:18,747.12,0.87
4,running,60,0.9,0,2025-05-01 15:50:18,781.09,0.85
5,running,261.29,0.9,2986,2025-05-01 15:50:18,691.65,0.93
6,running,153.16,0.29,222,2025-05-01 15:50:18,768.67,0.89
7,running,104.29,0.34,0,2025-05-01 15:50:18,678.05,0.91
8,running,300,0.9,0,2025-05-01 15:50:18,674.07,0.9
9,running,75.79,0.9,840,2025-05-01 15:50:18,703.15,0.93
10,running,168.17,0.51,1783,2025-05-01 15:50:18,694.63,0.91
1,running,300,0.9,364,2025-05-01 15:50:28,750.45,0.9
2,running,88.35,0.7,564,2025-05-01 15:50:28,731.76,0.92
3,running,240.05,0.81,248,2025-05-01 15:50:28,747.13,0.88
4,running,105.9,0.9,565,2025-05-01 15:50:28,781.09,0.85
5,running,300,0.9,2064,2025-05-01 15:50:28,691.66,0.94
6,running,175.68,0.44,834,2025-05-01 15:50:28,768.67,0.89
7,running,169.43,0.6,609,2025-05-01 15:50:28,678.05,0.91
8,running,300,0.9,834,2025-05-01 15:50:28,674.07,0.9
9,running,141.11,0.9,1345,2025-05-01 15:50:28,703.15,0.93
10,running,148.84,0.59,1266,2025-05-01 15:50:28,694.64,0.92
1,running,282.37,0.9,1111,2025-05-01 15:50:38,750.45,0.9
2,running,95.39,0.9,0,2025-05-01 15:50:38,731.76,0.92
3,running,214.9,0.86,1208,2025-05-01 15:50:38,747.13,0.88
4,running,140.96,0.9,880,2025-05-01 15:50:38,781.1,0.86
5,running,253.6,0.9,1819,2025-05-01 15:50:38,691.66,0.94
6,running,228.52,0.75,7,2025-05-01 15:50:38,768.68,0.9
7,running,210.12,0.8,0,2025-05-01 15:50:38,678.06,0.92
8,running,262.04,0.9,1480,2025-05-01 15:50:38,674.07,0.9
9,running,195.33,0.9,346,2025-05-01 15:50:38,703.15,0.93
10,running,218.23,0.84,1248,2025-05-01 15:50:38,694.64,0.92
1,running,300,0.9,1555,2025-05-01 15:50:48,750.45,0.9
2,idle,60.0,0.2,0,2025-05-01 15:50:48,731.76,0.92
3,running,183.08,0.9,1921,2025-05-01 15:50:48,747.13,0.88
4,running,127.8,0.9,164,2025-05-01 15:50:48,781.1,0.86
5,running,259.43,0.89,2689,2025-05-01 15:50:48,691.66,0.94
6,idle,60.0,0.2,0,2025-05-01 15:50:48,768.68,0.9
7,running,296.33,0.9,549,2025-05-01 15:50:48,678.06,0.92
8,running,300,0.9,898,2025-05-01 15:50:48,674.08,0.91
9,running,189.89,0.9,1151,2025-05-01 15:50:48,703.16,0.94
10,running,202.46,0.9,974,2025-05-01 15:50:48,694.64,0.92
1,idle,60.0,0.2,0,2025-05-01 15:50:58,750.45,0.9
2,running,60,0.48,680,2025-05-01 15:50:58,731.77,0.93
3,running,207.33,0.9,1649,2025-05-01 15:50:58,747.13,0.88
4,running,166.06,0.9,652,2025-05-01 15:50:58,781.1,0.86
5,running,267.26,0.9,2465,2025-05-01 15:50:58,691.66,0.94
6,running,60,0.19,0,2025-05-01 15:50:58,768.68,0.9
7,error,60.0,0.2,0,2025-05-01 15:50:58,678.06,0.92
8,running,300,0.9,1723,2025-05-01 15:50:58,674.08,0.91
9,idle,60.0,0.2,0,2025-05-01 15:50:58,703.16,0.94
10,idle,60.0,0.2,0,2025-05-01 15:50:58,694.64,0.92
1,idle,60.0,0.2,0,2025-05-01 15:51:08,750.45,0.9
2,idle,60.0,0.2,0,2025-05-01 15:51:08,731.77,0.93
3,running,280.48,0.9,2336,2025-05-01 15:51:08,747.14,0.89
4,running,256.87,0.89,0,2025-05-01 15:51:08,781.11,0.87
5,running,297.36,0.9,1919,2025-05-01 15:51:08,691.67,0.95
6,running,60,0.53,0,2025-05-01 15:51:08,768.68,0.9
7,running,60,0.25,0,2025-05-01 15:51:08,678.06,0.92
8,idle,60.0,0.2,0,2025-05-01 15:51:08,674.08,0.91
9,idle,60.0,0.2,0,2025-05-01 15:51:08,703.16,0.94
10,running,108.28,0.17,0,2025-05-01 15:51:08,694.65,0.93
1,running,63.6,0.36,0,2025-05-01 15:51:18,750.46,0.91
2,running,60,0.55,0,2025-05-01 15:51:18,731.77,0.93
3,idle,60.0,0.2,0,2025-05-01 15:51:18,747.14,0.89
4,running,300,0.9,818,2025-05-01 15:51:18,781.11,0.87
5,idle,60.0,0.2,0,2025-05-01 15:51:18,691.67,0.95
6,running,123.7,0.59,0,2025-05-01 15:51:18,768.69,0.91
7,running,104.33,0.46,821,2025-05-01 15:51:18,678.07,0.93
8,running,71.3,0.29,446,2025-05-01 15:51:18,674.08,0.91
9,idle,60.0,0.2,0,2025-05-01 15:51:18,703.16,0.94
10,idle,60.0,0.2,0,2025-05-01 15:51:18,694.65,0.93
1,running,101.51,0.45,0,2025-05-01 15:51:28,750.46,0.91
2,error,60.0,0.2,0,2025-05-01 15:51:28,731.77,0.93
3,running,133.83,0.22,412,2025-05-01 15:51:28,747.14,0.89
4,running,294.74,0.9,582,2025-05-01 15:51:28,781.11,0.87
5,running,77.35,0.28,0,2025-05-01 15:51:28,691.67,0.95
6,running,158.17,0.9,0,2025-05-01 15:51:28,768.69,0.91
7,running,100.26,0.56,1699,2025-05-01 15:51:28,678.07,0.93
8,running,115.42,0.77,854,2025-05-01 15:51:28,674.09,0.92
9,running,147.73,0.25,343,2025-05-01 15:51:28,703.16,0.94
10,error,60.0,0.2,0,2025-05-01 15:51:28,694.65,0.93
1,running,94.01,0.54,303,2025-05-01 15:51:38,750.46,0.91
2,running,60,0.25,120,2025-05-01 15:51:38,731.77,0.93
3,running,113.25,0.17,1237,2025-05-01 15:51:38,747.14,0.89
4,idle,60.0,0.2,0,2025-05-01 15:51:38,781.11,0.87
5,running,136.2,0.75,891,2025-05-01 15:51:38,691.67,0.95
6,running,150.87,0.9,969,2025-05-01 15:51:38,768.69,0.91
7,running,79.33,0.83,2460,2025-05-01 15:51:38,678.07,0.93
8,running,122.92,0.9,737,2025-05-01 15:51:38,674.09,0.92
9,error,60.0,0.2,0,2025-05-01 15:51:38,703.16,0.94
10,idle,60.0,0.2,0,2025-05-01 15:51:38,694.65,0.93
1,running,69.16,0.51,0,2025-05-01 15:51:48,750.46,0.91
2,running,101.41,0.6,847,2025-05-01 15:51:48,731.78,0.94
3,running,135.78,0.24,2166,2025-05-01 15:51:48,747.15,0.9
4,idle,60.0,0.2,0,2025-05-01 15:51:48,781.11,0.87
5,running,91.41,0.9,1731,2025-05-01 15:51:48,691.68,0.96
6,running,101.87,0.9,1155,2025-05-01 15:51:48,768.69,0.91
7,idle,60.0,0.2,0,2025-05-01 15:51:48,678.07,0.93
8,running,215.12,0.9,162,2025-05-01 15:51:48,674.09,0.92
9,running,60,0.37,0,2025-05-01 15:51:48,703.16,0.94
10,running,60,0.39,713,2025-05-01 15:51:48,694.65,0.93
1,running,157.82,0.85,115,2025-05-01 15:51:58,750.47,0.92
2,running,123.01,0.83,1708,2025-05-01 15:51:58,731.78,0.94
3,running,131.45,0.4,2891,2025-05-01 15:51:58,747.15,0.9
4,running,112.27,0.3,0,2025-05-01 15:51:58,781.11,0.87
5,running,118.07,0.9,1541,2025-05-01 15:51:58,691.68,0.96
6,running,88.31,0.9,1014,2025-05-01 15:51:58,768.7,0.92
7,idle,60.0,0.2,0,2025-05-01 15:51:58,678.07,0.93
8,running,258.49,0.9,861,2025-05-01 15:51:58,674.09,0.92
9,running,124.59,0.86,0,2025-05-01 15:51:58,703.17,0.95
10,idle,60.0,0.2,0,2025-05-01 15:51:58,694.65,0.93
1,idle,60.0,0.2,0,2025-05-01 15:52:08,750.47,0.92
2,running,137.97,0.9,2412,2025-05-01 15:52:08,731.78,0.94
3,running,139.06,0.87,2821,2025-05-01 15:52:08,747.15,0.9
4,running,167.85,0.74,207,2025-05-01 15:52:08,781.12,0.88
5,running,80.84,0.9,1256,2025-05-01 15:52:08,691.68,0.96
6,running,172.07,0.9,1860,2025-05-01 15:52:08,768.7,0.92
7,running,121.55,0.45,0,2025-05-01 15:52:08,678.07,0.93
8,running,300,0.9,0,2025-05-01 15:52:08,674.1,0.93
9,running,200.34,0.9,0,2025-05-01 15:52:08,703.17,0.95
10,running,140.4,0.55,891,2025-05-01 15:52:08,694.65,0.93
1,idle,60.0,0.2,0,2025-05-01 15:52:18,750.47,0.92
2,running,203.59,0.9,3144,2025-05-01 15:52:18,731.78,0.94
3,idle,60.0,0.2,0,2025-05-01 15:52:18,747.15,0.9
4,running,226.02,0.79,462,2025-05-01 15:52:18,781.12,0.88
5,running,60,0.9,1523,2025-05-01 15:52:18,691.68,0.96
6,running,135.4,0.9,1727,2025-05-01 15:52:18,768.7,0.92
7,running,143.07,0.81,348,2025-05-01 15:52:18,678.08,0.94
8,running,300,0.9,0,2025-05-01 15:52:18,674.1,0.93
9,running,264.44,0.9,0,2025-05-01 15:52:18,703.17,0.95
10,idle,60.0,0.2,0,2025-05-01 15:52:18,694.65,0.93
1,running,60,0.26,418,2025-05-01 15:52:28,750.47,0.92
2,error,60.0,0.2,0,2025-05-01 15:52:28,731.78,0.94
3,running,130.15,0.35,823,2025-05-01 15:52:28,747.15,0.9
4,idle,60.0,0.2,0,2025-05-01 15:52:28,781.12,0.88
5,running,157.39,0.9,973,2025-05-01 15:52:28,691.69,0.97
6,running,120.49,0.9,2133,2025-05-01 15:52:28,768.71,0.93
7,running,168.9,0.9,947,2025-05-01 15:52:28,678.08,0.94
8,running,300,0.9,0,2025-05-01 15:52:28,674.1,0.93
9,running,264.51,0.9,988,2025-05-01 15:52:28,703.17,0.95
10,idle,60.0,0.2,0,2025-05-01 15:52:28,694.65,0.93
1,running,116.68,0.26,1299,2025-05-01 15:52:38,750.47,0.92
2,running,122.35,0.45,874,2025-05-01 15:52:38,731.79,0.95
3,idle,60.0,0.2,0,2025-05-01 15:52:38,747.15,0.9
4,running,99.34,0.24,0,2025-05-01 15:52:38,781.12,0.88
5,running,244.65,0.9,883,2025-05-01 15:52:38,691.69,0.97
6,running,201.71,0.9,1779,2025-05-01 15:52:38,768.71,0.93
7,idle,60.0,0.2,0,2025-05-01 15:52:38,678.08,0.94
8,running,272.65,0.9,849,2025-05-01 15:52:38,674.11,0.94
9,running,300,0.9,10,2025-05-01 15:52:38,703.18,0.96
10,idle,60.0,0.2,0,2025-05-01 15:52:38,694.65,0.93
1,idle,60.0,0.2,0,2025-05-01 15:52:48,750.47,0.92
2,running,96.85,0.4,248,2025-05-01 15:52:48,731.79,0.95
3,running,60,0.18,0,2025-05-01 15:52:48,747.16,0.91
4,running,66.79,0.27,976,2025-05-01 15:52:48,781.13,0.89
5,idle,60.0,0.2,0,2025-05-01 15:52:48,691.69,0.97
6,idle,60.0,0.2,0,2025-05-01 15:52:48,768.71,0.93
7,running,60,0.36,0,2025-05-01 15:52:48,678.08,0.94
8,running,300,0.9,1272,2025-05-01 15:52:48,674.11,0.94
9,running,300,0.9,648,2025-05-01 15:52:48,703.18,0.96
10,running,82.0,0.25,0,2025-05-01 15:52:48,694.65,0.93
1,idle,60.0,0.2,0,2025-05-01 15:52:58,750.47,0.92
2,running,196.42,0.58,0,2025-05-01 15:52:58,731.79,0.95
3,running,77.88,0.35,0,2025-05-01 15:52:58,747.16,0.91
4,running,99.48,0.43,1470,2025-05-01 15:52:58,781.13,0.89
5,running,60,0.65,0,2025-05-01 15:52:58,691.69,0.97
6,running,60,0.17,0,2025-05-01 15:52:58,768.71,0.93
7,running,125.67,0.4,424,2025-05-01 15:52:58,678.09,0.95
8,error,60.0,0.2,0,2025-05-01 15:52:58,674.11,0.94
9,running,287.41,0.9,306,2025-05-01 15:52:58,703.18,0.96
10,running,109.9,0.48,345,2025-05-01 15:52:58,694.66,0.94
1,running,64.79,0.57,0,2025-05-01 15:53:08,750.48,0.93
2,running,257.26,0.54,194,2025-05-01 15:53:08,731.8,0.96
3,running,169.86,0.72,0,2025-05-01 15:53:08,747.16,0.91
4,running,155.36,0.7,2169,2025-05-01 15:53:08,781.13,0.89
5,error,60.0,0.2,0,2025-05-01 15:53:08,691.69,0.97
6,running,72.3,0.48,705,2025-05-01 15:53:08,768.71,0.93
7,running,212.09,0.41,636,2025-05-01 15:53:08,678.09,0.95
8,running,125.65,0.64,0,2025-05-01 15:53:08,674.11,0.94
9,idle,60.0,0.2,0,2025-05-01 15:53:08,703.18,0.96
10,idle,60.0,0.2,0,2025-05-01 15:53:08,694.66,0.94
1,running,106.81,0.9,0,2025-05-01 15:53:18,750.48,0.93
2,idle,60.0,0.2,0,2025-05-01 15:53:18,731.8,0.96
3,running,210.19,0.88,647,2025-05-01 15:53:18,747.17,0.92
4,running,251.0,0.84,2753,2025-05-01 15:53:18,781.13,0.89
5,running,60,0.48,0,2025-05-01 15:53:18,691.69,0.97
6,running,144.6,0.62,216,2025-05-01 15:53:18,768.72,0.94
7,idle,60.0,0.2,0,2025-05-01 15:53:18,678.09,0.95
8,running,167.92,0.74,0,2025-05-01 15:53:18,674.11,0.94
9,running,60,0.29,0,2025-05-01 15:53:18,703.18,0.96
10,running,109.73,0.46,226,2025-05-01 15:53:18,694.66,0.94
1,running,193.85,0.9,0,2025-05-01 15:53:28,750.48,0.93
2,idle,60.0,0.2,0,2025-05-01 15:53:28,731.8,0.96
3,idle,60.0,0.2,0,2025-05-01 15:53:28,747.17,0.92
4,running,292.44,0.9,3702,2025-05-01 15:53:28,781.14,0.9
5,running,104.08,0.86,710,2025-05-01 15:53:28,691.7,0.98
6,running,127.44,0.9,0,2025-05-01 15:53:28,768.72,0.94
7,running,70.06,0.24,101,2025-05-01 15:53:28,678.09,0.95
8,running,195.47,0.9,997,2025-05-01 15:53:28,674.12,0.95
9,running,60,0.27,57,2025-05-01 15:53:28,703.19,0.97
10,running,155.4,0.9,0,2025-05-01 15:53:28,694.66,0.94
1,running,144.11,0.9,0,2025-05-01 15:53:38,750.48,0.93
2,running,143.07,0.45,719,2025-05-01 15:53:38,731.8,0.96
3,running,127.71,0.68,666,2025-05-01 15:53:38,747.17,0.92
4,running,300,0.9,3595,2025-05-01 15:53:38,781.14,0.9
5,running,118.74,0.9,631,2025-05-01 15:53:38,691.7,0.98
6,running,203.59,0.9,0,2025-05-01 15:53:38,768.72,0.94
7,running,60,0.69,0,2025-05-01 15:53:38,678.09,0.95
8,running,234.99,0.9,629,2025-05-01 15:53:38,674.12,0.95
9,running,100.63,0.54,0,2025-05-01 15:53:38,703.19,0.97
10,running,165.52,0.9,0,2025-05-01 15:53:38,694.67,0.95
1,running,150.03,0.9,879,2025-05-01 15:53:48,750.49,0.94
2,running,174.49,0.52,1076,2025-05-01 15:53:48,731.8,0.96
3,running,132.41,0.71,243,2025-05-01 15:53:48,747.17,0.92
4,running,300,0.9,2751,2025-05-01 15:53:48,781.14,0.9
5,running,209.36,0.9,195,2025-05-01 15:53:48,691.7,0.98
6,running,209.32,0.9,0,2025-05-01 15:53:48,768.72,0.94
7,running,133.6,0.68,0,2025-05-01 15:53:48,678.1,0.96
8,running,212.42,0.9,1136,2025-05-01 15:53:48,674.12,0.95
9,running,117.77,0.87,0,2025-05-01 15:53:48,703.19,0.97
10,running,197.2,0.9,180,2025-05-01 15:53:48,694.67,0.95
1,idle,60.0,0.2,0,2025-05-01 15:53:58,750.49,0.94
2,running,136.32,0.86,1475,2025-05-01 15:53:58,731.8,0.96
3,running,195.11,0.66,0,2025-05-01 15:53:58,747.17,0.92
4,running,300,0.9,3002,2025-05-01 15:53:58,781.14,0.9
5,running,217.71,0.9,644,2025-05-01 15:53:58,691.71,0.99
6,running,165.22,0.9,0,2025-05-01 15:53:58,768.73,0.95
7,idle,60.0,0.2,0,2025-05-01 15:53:58,678.1,0.96
8,idle,60.0,0.2,0,2025-05-01 15:53:58,674.12,0.95
9,running,202.31,0.9,636,2025-05-01 15:53:58,703.2,0.98
10,running,220.32,0.9,261,2025-05-01 15:53:58,694.67,0.95
1,idle,60.0,0.2,0,2025-05-01 15:54:08,750.49,0.94
2,running,235.4,0.86,582,2025-05-01 15:54:08,731.81,0.97
3,running,245.59,0.9,0,2025-05-01 15:54:08,747.18,0.93
4,idle,60.0,0.2,0,2025-05-01 15:54:08,781.14,0.9
5,running,300,0.9,0,2025-05-01 15:54:08,691.71,0.99
6,error,60.0,0.2,0,2025-05-01 15:54:08,768.73,0.95
7,running,154.95,0.16,709,2025-05-01 15:54:08,678.1,0.96
8,idle,60.0,0.2,0,2025-05-01 15:54:08,674.12,0.95
9,running,198.09,0.9,359,2025-05-01 15:54:08,703.2,0.98
10,running,300,0.9,945,2025-05-01 15:54:08,694.67,0.95
1,running,72.23,0.16,0,2025-05-01 15:54:18,750.49,0.94
2,running,198.36,0.89,1439,2025-05-01 15:54:18,731.81,0.97
3,running,300,0.9,154,2025-05-01 15:54:18,747.18,0.93
4,running,60,0.48,296,2025-05-01 15:54:18,781.15,0.91
5,running,260.96,0.9,550,2025-05-01 15:54:18,691.71,0.99
6,running,105.84,0.31,0,2025-05-01 15:54:18,768.73,0.95
7,running,198.51,0.2,228,2025-05-01 15:54:18,678.1,0.96
8,idle,60.0,0.2,0,2025-05-01 15:54:18,674.12,0.95
9,idle,60.0,0.2,0,2025-05-01 15:54:18,703.2,0.98
10,running,300,0.9,1239,2025-05-01 15:54:18,694.68,0.96
1,running,121.5,0.65,0,2025-05-01 15:54:28,750.49,0.94
2,running,205.86,0.9,2049,2025-05-01 15:54:28,731.81,0.97
3,idle,60.0,0.2,0,2025-05-01 15:54:28,747.18,0.93
4,idle,60.0,0.2,0,2025-05-01 15:54:28,781.15,0.91
5,running,213.74,0.9,395,2025-05-01 15:54:28,691.71,0.99
6,idle,60.0,0.2,0,2025-05-01 15:54:28,768.73,0.95
7,idle,60.0,0.2,0,2025-05-01 15:54:28,678.1,0.96
8,running,60,0.57,0,2025-05-01 15:54:28,674.12,0.95
9,running,156.42,0.69,557,2025-05-01 15:54:28,703.2,0.98
10,running,300,0.9,1236,2025-05-01 15:54:28,694.68,0.96
1,running,113.39,0.65,0,2025-05-01 15:54:38,750.49,0.94
2,running,279.36,0.9,1262,2025-05-01 15:54:38,731.81,0.97
3,running,60,0.35,77,2025-05-01 15:54:38,747.18,0.93
4,running,100.94,0.45,0,2025-05-01 15:54:38,781.15,0.91
5,running,183.1,0.9,0,2025-05-01 15:54:38,691.72,1.0
6,running,60,0.42,0,2025-05-01 15:54:38,768.73,0.95
7,running,60,0.27,405,2025-05-01 15:54:38,678.1,0.96
8,running,87.1,0.9,0,2025-05-01 15:54:38,674.13,0.96
9,running,151.35,0.9,1399,2025-05-01 15:54:38,703.2,0.98
10,running,256.39,0.9,1765,2025-05-01 15:54:38,694.68,0.96
1,running,151.4,0.81,0,2025-05-01 15:54:48,750.5,0.95
2,running,272.0,0.9,683,2025-05-01 15:54:48,731.82,0.98
3,running,83.63,0.67,731,2025-05-01 15:54:48,747.18,0.93
4,running,193.0,0.43,0,2025-05-01 15:54:48,781.15,0.91
5,running,247.67,0.9,0,2025-05-01 15:54:48,691.72,1.0
6,idle,60.0,0.2,0,2025-05-01 15:54:48,768.73,0.95
7,running,61.73,0.47,0,2025-05-01 15:54:48,678.11,0.97
8,running,171.49,0.89,679,2025-05-01 15:54:48,674.13,0.96
9,running,189.55,0.9,1835,2025-05-01 15:54:48,703.21,0.99
10,running,277.07,0.9,1038,2025-05-01 15:54:48,694.68,0.96
1,running,210.11,0.9,0,2025-05-01 15:54:58,750.5,0.95
2,running,300,0.9,677,2025-05-01 15:54:58,731.82,0.98
3,running,121.71,0.9,0,2025-05-01 15:54:58,747.19,0.94
4,running,144.28,0.58,0,2025-05-01 15:54:58,781.16,0.92
5,running,206.99,0.9,958,2025-05-01 15:54:58,691.72,1.0
6,idle,60.0,0.2,0,2025-05-01 15:54:58,768.73,0.95
7,running,131.92,0.6,806,2025-05-01 15:54:58,678.11,0.97
8,running,164.65,0.9,1448,2025-05-01 15:54:58,674.13,0.96
9,running,237.77,0.9,1576,2025-05-01 15:54:58,703.21,0.99
10,running,300,0.9,776,2025-05-01 15:54:58,694.69,0.97
1,running,182.1,0.9,5,2025-05-01 15:55:08,750.5,0.95
2,idle,60.0,0.2,0,2025-05-01 15:55:08,731.82,0.98
3,running,201.89,0.85,35,2025-05-01 15:55:08,747.19,0.94
4,running,211.46,0.59,289,2025-05-01 15:55:08,781.16,0.92
5,running,237.65,0.9,1067,2025-05-01 15:55:08,691.73,1.01
6,running,154.73,0.38,810,2025-05-01 15:55:08,768.74,0.96
7,running,202.0,0.66,291,2025-05-01 15:55:08,678.11,0.97
8,running,130.16,0.9,985,2025-05-01 15:55:08,674.14,0.97
9,idle,60.0,0.2,0,2025-05-01 15:55:08,703.21,0.99
10,running,277.12,0.9,983,2025-05-01 15:55:08,694.69,0.97
1,running,139.06,0.9,455,2025-05-01 15:55:18,750.51,0.96
2,idle,60.0,0.2,0,2025-05-01 15:55:18,731.82,0.98
3,running,256.41,0.9,412,2025-05-01 15:55:18,747.19,0.94
4,running,240.12,0.58,329,2025-05-01 15:55:18,781.16,0.92
5,running,271.78,0.9,168,2025-05-01 15:55:18,691.73,1.01
6,running,199.29,0.59,788,2025-05-01 15:55:18,768.74,0.96
7,running,251.29,0.85,0,2025-05-01 15:55:18,678.12,0.98
8,running,188.0,0.9,251,2025-05-01 15:55:18,674.14,0.97
9,running,60,0.53,62,2025-05-01 15:55:18,703.21,0.99
10,running,300,0.9,1056,2025-05-01 15:55:18,694.69,0.97
1,running,205.93,0.9,253,2025-05-01 15:55:28,750.51,0.96
2,idle,60.0,0.2,0,2025-05-01 15:55:28,731.82,0.98
3,running,300,0.9,267,2025-05-01 15:55:28,747.2,0.95
4,idle,60.0,0.2,0,2025-05-01 15:55:28,781.16,0.92
5,running,271.1,0.9,0,2025-05-01 15:55:28,691.73,1.01
6,idle,60.0,0.2,0,2025-05-01 15:55:28,768.74,0.96
7,running,281.71,0.9,0,2025-05-01 15:55:28,678.12,0.98
8,running,261.53,0.9,249,2025-05-01 15:55:28,674.14,0.97
9,running,60,0.57,707,2025-05-01 15:55:28,703.22,1.0
10,running,300,0.86,110,2025-05-01 15:55:28,694.7,0.98
1,running,206.53,0.9,0,2025-05-01 15:55:38,750.51,0.96
2,running,106.37,0.26,0,2025-05-01 15:55:38,731.82,0.98
3,idle,60.0,0.2,0,2025-05-01 15:55:38,747.2,0.95
4,running,60,0.43,0,2025-05-01 15:55:38,781.16,0.92
5,idle,60.0,0.2,0,2025-05-01 15:55:38,691.73,1.01
6,running,78.9,0.51,297,2025-05-01 15:55:38,768.74,0.96
7,running,300,0.9,0,2025-05-01 15:55:38,678.12,0.98
8,running,262.88,0.9,1106,2025-05-01 15:55:38,674.14,0.97
9,running,60,0.61,0,2025-05-01 15:55:38,703.22,1.0
10,running,300,0.9,0,2025-05-01 15:55:38,694.7,0.98
1,running,188.17,0.9,0,2025-05-01 15:55:48,750.51,0.96
2,idle,60.0,0.2,0,2025-05-01 15:55:48,731.82,0.98
3,idle,60.0,0.2,0,2025-05-01 15:55:48,747.2,0.95
4,running,106.16,0.64,0,2025-05-01 15:55:48,781.17,0.93
5,idle,60.0,0.2,0,2025-05-01 15:55:48,691.73,1.01
6,running,142.79,0.82,901,2025-05-01 15:55:48,768.74,0.96
7,running,300,0.9,60,2025-05-01 15:55:48,678.12,0.98
8,running,299.54,0.9,807,2025-05-01 15:55:48,674.15,0.98
9,running,113.64,0.9,0,2025-05-01 15:55:48,703.22,1.0
10,running,300,0.9,0,2025-05-01 15:55:48,694.7,0.98
1,error,60.0,0.2,0,2025-05-01 15:55:58,750.51,0.96
2,idle,60.0,0.2,0,2025-05-01 15:55:58,731.82,0.98
3,running,153.65,0.33,0,2025-05-01 15:55:58,747.2,0.95
4,running,202.44,0.65,748,2025-05-01 15:55:58,781.17,0.93
5,running,60,0.29,0,2025-05-01 15:55:58,691.73,1.01
6,running,106.09,0.9,590,2025-05-01 15:55:58,768.75,0.97
7,idle,60.0,0.2,0,2025-05-01 15:55:58,678.12,0.98
8,running,300,0.9,1074,2025-05-01 15:55:58,674.15,0.98
9,idle,60.0,0.2,0,2025-05-01 15:55:58,703.22,1.0
10,running,300,0.9,0,2025-05-01 15:55:58,694.7,0.98
1,running,60,0.23,478,2025-05-01 15:56:08,750.52,0.97
2,running,134.58,0.44,0,2025-05-01 15:56:08,731.83,0.99
3,running,120.47,0.28,0,2025-05-01 15:56:08,747.2,0.95
4,running,264.06,0.71,807,2025-05-01 15:56:08,781.17,0.93
5,running,118.21,0.37,623,2025-05-01 15:56:08,691.74,1.02
6,running,184.67,0.9,0,2025-05-01 15:56:08,768.75,0.97
7,idle,60.0,0.2,0,2025-05-01 15:56:08,678.12,0.98
8,running,300,0.9,1147,2025-05-01 15:56:08,674.15,0.98
9,running,86.15,0.49,956,2025-05-01 15:56:08,703.22,1.0
10,running,300,0.9,0,2025-05-01 15:56:08,694.71,0.99
1,running,146.04,0.62,169,2025-05-01 15:56:18,750.52,0.97
2,running,104.88,0.74,900,2025-05-01 15:56:18,731.83,0.99
3,idle,60.0,0.2,0,2025-05-01 15:56:18,747.2,0.95
4,running,289.68,0.86,919,2025-05-01 15:56:18,781.18,0.94
5,running,150.94,0.39,656,2025-05-01 15:56:18,691.74,1.02
6,running,202.78,0.9,567,2025-05-01 15:56:18,768.75,0.97
7,running,65.73,0.29,0,2025-05-01 15:56:18,678.13,0.99
8,running,300,0.9,1032,2025-05-01 15:56:18,674.16,0.99
9,running,181.02,0.8,443,2025-05-01 15:56:18,703.23,1.01
10,idle,60.0,0.2,0,2025-05-01 15:56:18,694.71,0.99
1,running,149.82,0.67,0,2025-05-01 15:56:28,750.52,0.97
2,error,60.0,0.2,0,2025-05-01 15:56:28,731.83,0.99
3,running,89.01,0.56,0,2025-05-01 15:56:28,747.2,0.95
4,running,266.89,0.9,1739,2025-05-01 15:56:28,781.18,0.94
5,error,60.0,0.2,0,2025-05-01 15:56:28,691.74,1.02
6,running,217.93,0.9,1245,2025-05-01 15:56:28,768.76,0.98
7,running,91.46,0.56,786,2025-05-01 15:56:28,678.13,0.99
8,running,267.24,0.9,1612,2025-05-01 15:56:28,674.16,0.99
9,running,200.78,0.9,216,2025-05-01 15:56:28,703.23,1.01
10,running,66.63,0.67,0,2025-05-01 15:56:28,694.71,0.99
1,idle,60.0,0.2,0,2025-05-01 15:56:38,750.52,0.97
2,running,138.99,0.21,0,2025-05-01 15:56:38,731.83,0.99
3,running,93.47,0.64,955,2025-05-01 15:56:38,747.21,0.96
4,running,300,0.9,1796,2025-05-01 15:56:38,781.18,0.94
5,running,129.05,0.3,0,2025-05-01 15:56:38,691.74,1.02
6,running,213.42,0.9,1530,2025-05-01 15:56:38,768.76,0.98
7,running,76.61,0.6,1514,2025-05-01 15:56:38,678.13,0.99
8,running,300,0.9,2552,2025-05-01 15:56:38,674.16,0.99
9,idle,60.0,0.2,0,2025-05-01 15:56:38,703.23,1.01
10,running,98.85,0.9,0,2025-05-01 15:56:38,694.71,0.99
1,running,72.9,0.34,0,2025-05-01 15:56:48,750.53,0.98
2,running,102.32,0.67,841,2025-05-01 15:56:48,731.83,0.99
3,running,66.18,0.7,945,2025-05-01 15:56:48,747.21,0.96
4,idle,60.0,0.2,0,2025-05-01 15:56:48,781.18,0.94
5,running,97.12,0.55,916,2025-05-01 15:56:48,691.74,1.02
6,running,294.66,0.9,1118,2025-05-01 15:56:48,768.76,0.98
7,running,102.01,0.9,1605,2025-05-01 15:56:48,678.14,1.0
8,running,262.4,0.9,2372,2025-05-01 15:56:48,674.16,0.99
9,idle,60.0,0.2,0,2025-05-01 15:56:48,703.23,1.01
10,running,161.17,0.87,0,2025-05-01 15:56:48,694.72,1.0
1,running,80.09,0.6,567,2025-05-01 15:56:58,750.53,0.98
2,running,74.18,0.76,603,2025-05-01 15:56:58,731.84,1.0
3,running,98.05,0.86,727,2025-05-01 15:56:58,747.21,0.96
4,running,136.83,0.41,0,2025-05-01 15:56:58,781.18,0.94
5,running,175.7,0.9,1637,2025-05-01 15:56:58,691.75,1.03
6,running,296.24,0.9,584,2025-05-01 15:56:58,768.76,0.98
7,running,143.64,0.9,1191,2025-05-01 15:56:58,678.14,1.0
8,idle,60.0,0.2,0,2025-05-01 15:56:58,674.16,0.99
9,running,76.58,0.6,0,2025-05-01 15:56:58,703.23,1.01
10,running,247.39,0.9,0,2025-05-01 15:56:58,694.72,1.0
1,running,60,0.9,607,2025-05-01 15:57:08,750.53,0.98
2,running,93.68,0.9,1180,2025-05-01 15:57:08,731.84,1.0
3,running,87.84,0.9,1454,2025-05-01 15:57:08,747.22,0.97
4,running,222.1,0.4,535,2025-05-01 15:57:08,781.19,0.95
5,running,205.77,0.9,2064,2025-05-01 15:57:08,691.75,1.03
6,idle,60.0,0.2,0,2025-05-01 15:57:08,768.76,0.98
7,running,163.42,0.9,2164,2025-05-01 15:57:08,678.14,1.0
8,running,107.34,0.16,0,2025-05-01 15:57:08,674.17,1.0
9,running,60,0.79,0,2025-05-01 15:57:08,703.23,1.01
10,running,256.05,0.9,0,2025-05-01 15:57:08,694.72,1.0
1,running,60,0.9,0,2025-05-01 15:57:18,750.53,0.98
2,running,60.92,0.9,1736,2025-05-01 15:57:18,731.84,1.0
3,running,179.1,0.9,1524,2025-05-01 15:57:18,747.22,0.97
4,idle,60.0,0.2,0,2025-05-01 15:57:18,781.19,0.95
5,running,183.76,0.9,1831,2025-05-01 15:57:18,691.75,1.03
6,running,99.5,0.28,613,2025-05-01 15:57:18,768.77,0.99
7,running,220.52,0.9,2206,2025-05-01 15:57:18,678.14,1.0
8,running,138.63,0.56,977,2025-05-01 15:57:18,674.17,1.0
9,running,60,0.9,912,2025-05-01 15:57:18,703.24,1.02
10,running,252.87,0.9,230,2025-05-01 15:57:18,694.72,1.0
1,running,60,0.9,10,2025-05-01 15:57:28,750.54,0.99
2,running,123.49,0.9,1563,2025-05-01 15:57:28,731.85,1.01
3,running,215.13,0.9,2043,2025-05-01 15:57:28,747.22,0.97
4,running,69.92,0.24,125,2025-05-01 15:57:28,781.19,0.95
5,running,238.85,0.9,2660,2025-05-01 15:57:28,691.76,1.04
6,running,185.14,0.37,1020,2025-05-01 15:57:28,768.77,0.99
7,running,266.44,0.88,1681,2025-05-01 15:57:28,678.15,1.01
8,running,197.65,0.59,980,2025-05-01 15:57:28,674.17,1.0
9,running,60,0.9,957,2025-05-01 15:57:28,703.24,1.02
10,running,267.64,0.9,914,2025-05-01 15:57:28,694.73,1.01
1,running,60,0.87,396,2025-05-01 15:57:38,750.54,0.99
2,running,110.04,0.9,2028,2025-05-01 15:57:38,731.85,1.01
3,running,218.58,0.9,1891,2025-05-01 15:57:38,747.22,0.97
4,idle,60.0,0.2,0,2025-05-01 15:57:38,781.19,0.95
5,running,261.24,0.9,2663,2025-05-01 15:57:38,691.76,1.04
6,running,158.2,0.42,950,2025-05-01 15:57:38,768.77,0.99
7,running,237.45,0.9,1137,2025-05-01 15:57:38,678.15,1.01
8,running,261.84,0.58,1595,2025-05-01 15:57:38,674.17,1.0
9,running,130.5,0.9,36,2025-05-01 15:57:38,703.24,1.02
10,running,254.41,0.9,806,2025-05-01 15:57:38,694.73,1.01
1,running,77.55,0.9,591,2025-05-01 15:57:48,750.54,0.99
2,running,204.44,0.9,2564,2025-05-01 15:57:48,731.85,1.01
3,error,60.0,0.2,0,2025-05-01 15:57:48,747.22,0.97
4,running,130.76,0.45,271,2025-05-01 15:57:48,781.19,0.95
5,running,246.51,0.9,2464,2025-05-01 15:57:48,691.76,1.04
6,running,134.05,0.4,1732,2025-05-01 15:57:48,768.77,0.99
7,running,283.42,0.89,556,2025-05-01 15:57:48,678.15,1.01
8,running,231.27,0.87,2550,2025-05-01 15:57:48,674.18,1.01
9,running,150.64,0.9,757,2025-05-01 15:57:48,703.25,1.03
10,running,259.78,0.9,1408,2025-05-01 15:57:48,694.73,1.01
1,running,125.73,0.9,0,2025-05-01 15:57:58,750.54,0.99
2,running,265.47,0.9,1630,2025-05-01 15:57:58,731.85,1.01
3,idle,60.0,0.2,0,2025-05-01 15:57:58,747.22,0.97
4,running,91.89,0.76,168,2025-05-01 15:57:58,781.19,0.95
5,running,214.91,0.9,3259,2025-05-01 15:57:58,691.76,1.04
6,running,119.51,0.48,2621,2025-05-01 15:57:58,768.78,1.0
7,idle,60.0,0.2,0,2025-05-01 15:57:58,678.15,1.01
8,running,300,0.9,2019,2025-05-01 15:57:58,674.18,1.01
9,running,123.62,0.9,930,2025-05-01 15:57:58,703.25,1.03
10,idle,60.0,0.2,0,2025-05-01 15:57:58,694.73,1.01
1,running,150.84,0.9,505,2025-05-01 15:58:08,750.55,1.0
2,running,231.51,0.9,2146,2025-05-01 15:58:08,731.86,1.02
3,running,127.0,0.36,0,2025-05-01 15:58:08,747.23,0.98
4,idle,60.0,0.2,0,2025-05-01 15:58:08,781.19,0.95
5,idle,60.0,0.2,0,2025-05-01 15:58:08,691.76,1.04
6,idle,60.0,0.2,0,2025-05-01 15:58:08,768.78,1.0
7,running,159.49,0.45,498,2025-05-01 15:58:08,678.15,1.01
8,running,300,0.9,3003,2025-05-01 15:58:08,674.18,1.01
9,running,213.3,0.9,1914,2025-05-01 15:58:08,703.25,1.03
10,idle,60.0,0.2,0,2025-05-01 15:58:08,694.73,1.01
1,running,126.74,0.9,789,2025-05-01 15:58:18,750.55,1.0
2,running,300,0.9,2776,2025-05-01 15:58:18,731.86,1.02
3,running,138.63,0.59,930,2025-05-01 15:58:18,747.23,0.98
4,running,130.98,0.65,955,2025-05-01 15:58:18,781.2,0.96
5,running,60,0.31,0,2025-05-01 15:58:18,691.77,1.05
6,running,60,0.38,807,2025-05-01 15:58:18,768.78,1.0
7,running,193.06,0.63,339,2025-05-01 15:58:18,678.16,1.02
8,running,300,0.9,3079,2025-05-01 15:58:18,674.19,1.02
9,running,296.28,0.87,2265,2025-05-01 15:58:18,703.25,1.03
10,running,133.49,0.68,211,2025-05-01 15:58:18,694.73,1.01
1,running,143.45,0.9,1070,2025-05-01 15:58:28,750.55,1.0
2,idle,60.0,0.2,0,2025-05-01 15:58:28,731.86,1.02
3,running,101.23,0.73,1284,2025-05-01 15:58:28,747.23,0.98
4,running,127.47,0.64,484,2025-05-01 15:58:28,781.2,0.96
5,running,105.23,0.64,0,2025-05-01 15:58:28,691.77,1.05
6,running,154.29,0.33,1633,2025-05-01 15:58:28,768.78,1.0
7,running,196.04,0.68,479,2025-05-01 15:58:28,678.16,1.02
8,error,60.0,0.2,0,2025-05-01 15:58:28,674.19,1.02
9,running,264.38,0.9,1947,2025-05-01 15:58:28,703.26,1.04
10,running,130.08,0.83,292,2025-05-01 15:58:28,694.74,1.02
1,idle,60.0,0.2,0,2025-05-01 15:58:38,750.55,1.0
2,running,95.12,0.32,321,2025-05-01 15:58:38,731.86,1.02
3,running,92.03,0.9,382,2025-05-01 15:58:38,747.23,0.98
4,running,109.62,0.64,1374,2025-05-01 15:58:38,781.2,0.96
5,running,153.62,0.9,311,2025-05-01 15:58:38,691.77,1.05
6,running,132.01,0.34,2099,2025-05-01 15:58:38,768.79,1.01
7,running,161.33,0.9,77,2025-05-01 15:58:38,678.16,1.02
8,running,130.93,0.7,0,2025-05-01 15:58:38,674.19,1.02
9,running,219.28,0.88,2574,2025-05-01 15:58:38,703.26,1.04
10,idle,60.0,0.2,0,2025-05-01 15:58:38,694.74,1.02
1,running,98.43,0.61,738,2025-05-01 15:58:48,750.56,1.01
2,running,81.64,0.3,1231,2025-05-01 15:58:48,731.86,1.02
3,running,118.44,0.9,1157,2025-05-01 15:58:48,747.24,0.99
4,running,134.76,0.9,1793,2025-05-01 15:58:48,781.21,0.97
5,running,189.22,0.88,671,2025-05-01 15:58:48,691.78,1.06
6,running,153.76,0.53,2051,2025-05-01 15:58:48,768.79,1.01
7,running,171.84,0.9,0,2025-05-01 15:58:48,678.17,1.03
8,running,126.29,0.9,893,2025-05-01 15:58:48,674.19,1.02
9,error,60.0,0.2,0,2025-05-01 15:58:48,703.26,1.04
10,error,60.0,0.2,0,2025-05-01 15:58:48,694.74,1.02
1,running,129.29,0.9,666,2025-05-01 15:58:58,750.56,1.01
2,running,155.1,0.69,910,2025-05-01 15:58:58,731.87,1.03
3,running,136.81,0.9,627,2025-05-01 15:58:58,747.24,0.99
4,running,124.55,0.9,1614,2025-05-01 15:58:58,781.21,0.97
5,running,185.8,0.9,1515,2025-05-01 15:58:58,691.78,1.06
6,running,211.94,0.87,1904,2025-05-01 15:58:58,768.79,1.01
7,idle,60.0,0.2,0,2025-05-01 15:58:58,678.17,1.03
8,running,78.3,0.9,0,2025-05-01 15:58:58,674.19,1.02
9,running,114.03,0.16,765,2025-05-01 15:58:58,703.26,1.04
10,running,73.59,0.33,0,2025-05-01 15:58:58,694.74,1.02
1,running,178.15,0.9,643,2025-05-01 15:59:08,750.56,1.01
2,running,197.16,0.9,158,2025-05-01 15:59:08,731.87,1.03
3,running,225.97,0.9,0,2025-05-01 15:59:08,747.24,0.99
4,running,209.59,0.9,1698,2025-05-01 15:59:08,781.21,0.97
5,running,241.74,0.9,1076,2025-05-01 15:59:08,691.78,1.06
6,running,235.88,0.9,2592,2025-05-01 15:59:08,768.79,1.01
7,running,60,0.15,0,2025-05-01 15:59:08,678.17,1.03
8,running,60,0.9,388,2025-05-01 15:59:08,674.2,1.03
9,running,199.0,0.19,357,2025-05-01 15:59:08,703.27,1.05
10,running,97.37,0.36,211,2025-05-01 15:59:08,694.74,1.02
1,running,139.25,0.88,1538,2025-05-01 15:59:18,750.56,1.01
2,running,261.31,0.9,0,2025-05-01 15:59:18,731.87,1.03
3,running,200.54,0.9,386,2025-05-01 15:59:18,747.25,1.0
4,running,205.0,0.9,1865,2025-05-01 15:59:18,781.21,0.97
5,running,300,0.89,977,2025-05-01 15:59:18,691.78,1.06
6,idle,60.0,0.2,0,2025-05-01 15:59:18,768.79,1.01
7,idle,60.0,0.2,0,2025-05-01 15:59:18,678.17,1.03
8,running,143.42,0.9,545,2025-05-01 15:59:18,674.2,1.03
9,running,189.87,0.51,775,2025-05-01 15:59:18,703.27,1.05
10,idle,60.0,0.2,0,2025-05-01 15:59:18,694.74,1.02
1,running,106.37,0.9,1293,2025-05-01 15:59:28,750.57,1.02
2,running,275.49,0.9,0,2025-05-01 15:59:28,731.88,1.04
3,running,201.16,0.9,0,2025-05-01 15:59:28,747.25,1.0
4,running,183.99,0.9,2609,2025-05-01 15:59:28,781.22,0.98
5,running,297.75,0.9,943,2025-05-01 15:59:28,691.79,1.07
6,running,139.46,0.51,795,2025-05-01 15:59:28,768.8,1.02
7,running,131.37,0.35,412,2025-05-01 15:59:28,678.17,1.03
8,running,237.98,0.9,208,2025-05-01 15:59:28,674.2,1.03
9,running,149.57,0.87,1618,2025-05-01 15:59:28,703.27,1.05
10,running,60,0.44,0,2025-05-01 15:59:28,694.75,1.03
1,running,156.29,0.9,1872,2025-05-01 15:59:38,750.57,1.02
2,idle,60.0,0.2,0,2025-05-01 15:59:38,731.88,1.04
3,running,247.86,0.9,704,2025-05-01 15:59:38,747.25,1.0
4,running,188.08,0.89,2472,2025-05-01 15:59:38,781.22,0.98
5,running,300,0.86,702,2025-05-01 15:59:38,691.79,1.07
6,running,134.93,0.76,1731,2025-05-01 15:59:38,768.8,1.02
7,running,165.74,0.54,0,2025-05-01 15:59:38,678.17,1.03
8,running,226.49,0.9,0,2025-05-01 15:59:38,674.21,1.04
9,running,122.62,0.9,1863,2025-05-01 15:59:38,703.27,1.05
10,running,60,0.9,0,2025-05-01 15:59:38,694.75,1.03
1,running,137.01,0.9,1155,2025-05-01 15:59:48,750.57,1.02
2,running,60,0.69,0,2025-05-01 15:59:48,731.88,1.04
3,idle,60.0,0.2,0,2025-05-01 15:59:48,747.25,1.0
4,running,264.68,0.9,2611,2025-05-01 15:59:48,781.22,0.98
5,running,300,0.9,148,2025-05-01 15:59:48,691.79,1.07
6,running,189.04,0.9,2243,2025-05-01 15:59:48,768.8,1.02
7,running,179.89,0.68,89,2025-05-01 15:59:48,678.18,1.04
8,running,300,0.9,0,2025-05-01 15:59:48,674.21,1.04
9,running,207.61,0.9,1127,2025-05-01 15:59:48,703.28,1.06
10,running,60,0.9,428,2025-05-01 15:59:48,694.75,1.03
1,running,90.49,0.89,234,2025-05-01 15:59:58,750.58,1.03
2,running,84.1,0.68,601,2025-05-01 15:59:58,731.88,1.04
3,running,141.03,0.68,0,2025-05-01 15:59:58,747.25,1.0
4,running,257.41,0.9,3497,2025-05-01 15:59:58,781.23,0.99
5,running,300,0.9,161,2025-05-01 15:59:58,691.79,1.07
6,running,186.47,0.9,1372,2025-05-01 15:59:58,768.81,1.03
7,running,165.93,0.9,1026,2025-05-01 15:59:58,678.18,1.04
8,running,300,0.9,484,2025-05-01 15:59:58,674.21,1.04
9,running,297.21,0.9,821,2025-05-01 15:59:58,703.28,1.06
10,idle,60.0,0.2,0,2025-05-01 15:59:58,694.75,1.03
1,error,60.0,0.2,0,2025-05-01 16:00:08,750.58,1.03
2,running,141.24,0.9,654,2025-05-01 16:00:08,731.88,1.04
3,running,233.63,0.79,968,2025-05-01 16:00:08,747.26,1.01
4,running,208.83,0.9,2957,2025-05-01 16:00:08,781.23,0.99
5,running,300,0.9,923,2025-05-01 16:00:08,691.8,1.08
6,running,230.62,0.9,1673,2025-05-01 16:00:08,768.81,1.03
7,running,265.07,0.9,1325,2025-05-01 16:00:08,678.18,1.04
8,running,300,0.9,533,2025-05-01 16:00:08,674.21,1.04
9,idle,60.0,0.2,0,2025-05-01 16:00:08,703.28,1.06
10,running,140.83,0.5,816,2025-05-01 16:00:08,694.75,1.03
1,running,115.22,0.3,965,2025-05-01 16:00:18,750.58,1.03
2,running,101.11,0.89,0,2025-05-01 16:00:18,731.89,1.05
3,running,201.8,0.9,83,2025-05-01 16:00:18,747.26,1.01
4,idle,60.0,0.2,0,2025-05-01 16:00:18,781.23,0.99
5,error,60.0,0.2,0,2025-05-01 16:00:18,691.8,1.08
6,running,236.84,0.9,947,2025-05-01 16:00:18,768.81,1.03
7,running,300,0.9,2303,2025-05-01 16:00:18,678.19,1.05
8,idle,60.0,0.2,0,2025-05-01 16:00:18,674.21,1.04
9,running,153.2,0.32,0,2025-05-01 16:00:18,703.28,1.06
10,idle,60.0,0.2,0,2025-05-01 16:00:18,694.75,1.03
1,idle,60.0,0.2,0,2025-05-01 16:00:28,750.58,1.03
2,running,126.04,0.9,966,2025-05-01 16:00:28,731.89,1.05
3,idle,60.0,0.2,0,2025-05-01 16:00:28,747.26,1.01
4,idle,60.0,0.2,0,2025-05-01 16:00:28,781.23,0.99
5,running,60,0.6,0,2025-05-01 16:00:28,691.8,1.08
6,running,213.75,0.86,1934,2025-05-01 16:00:28,768.81,1.03
7,idle,60.0,0.2,0,2025-05-01 16:00:28,678.19,1.05
8,running,139.02,0.28,0,2025-05-01 16:00:28,674.22,1.05
9,running,246.63,0.69,0,2025-05-01 16:00:28,703.28,1.06
10,running,68.18,0.66,588,2025-05-01 16:00:28,694.76,1.04
1,running,60,0.18,0,2025-05-01 16:00:38,750.58,1.03
2,running,140.11,0.9,82,2025-05-01 16:00:38,731.89,1.05
3,running,148.94,0.2,0,2025-05-01 16:00:38,747.26,1.01
4,running,60,0.63,0,2025-05-01 16:00:38,781.23,0.99
5,running,60,0.71,651,2025-05-01 16:00:38,691.8,1.08
6,running,250.44,0.9,2227,2025-05-01 16:00:38,768.82,1.04
7,running,60,0.56,0,2025-05-01 16:00:38,678.19,1.05
8,running,186.17,0.77,0,2025-05-01 16:00:38,674.22,1.05
9,running,252.43,0.65,685,2025-05-01 16:00:38,703.29,1.07
10,running,139.8,0.9,306,2025-05-01 16:00:38,694.76,1.04
1,running,60,0.39,77,2025-05-01 16:00:48,750.58,1.03
2,running,208.14,0.9,141,2025-05-01 16:00:48,731.9,1.06
3,running,148.93,0.25,0,2025-05-01 16:00:48,747.27,1.02
4,running,124.51,0.9,103,2025-05-01 16:00:48,781.23,0.99
5,running,60,0.9,976,2025-05-01 16:00:48,691.81,1.09
6,running,300,0.9,1843,2025-05-01 16:00:48,768.82,1.04
7,running,101.68,0.78,0,2025-05-01 16:00:48,678.19,1.05
8,running,164.08,0.9,847,2025-05-01 16:00:48,674.22,1.05
9,running,278.96,0.7,0,2025-05-01 16:00:48,703.29,1.07
10,running,124.23,0.9,378,2025-05-01 16:00:48,694.76,1.04
1,running,110.4,0.87,421,2025-05-01 16:00:58,750.59,1.04
2,running,167.45,0.9,458,2025-05-01 16:00:58,731.9,1.06
3,running,227.3,0.47,77,2025-05-01 16:00:58,747.27,1.02
4,running,122.26,0.9,634,2025-05-01 16:00:58,781.24,1.0
5,running,93.73,0.9,713,2025-05-01 16:00:58,691.81,1.09
6,running,261.05,0.9,1857,2025-05-01 16:00:58,768.82,1.04
7,error,60.0,0.2,0,2025-05-01 16:00:58,678.19,1.05
8,running,160.83,0.9,768,2025-05-01 16:00:58,674.22,1.05
9,running,257.97,0.69,326,2025-05-01 16:00:58,703.29,1.07
10,idle,60.0,0.2,0,2025-05-01 16:00:58,694.76,1.04
1,running,177.58,0.9,281,2025-05-01 16:01:08,750.59,1.04
2,idle,60.0,0.2,0,2025-05-01 16:01:08,731.9,1.06
3,running,271.86,0.5,677,2025-05-01 16:01:08,747.27,1.02
4,running,152.97,0.9,1595,2025-05-01 16:01:08,781.24,1.0
5,running,83.01,0.9,847,2025-05-01 16:01:08,691.81,1.09
6,running,212.08,0.9,1802,2025-05-01 16:01:08,768.82,1.04
7,running,109.48,0.61,375,2025-05-01 16:01:08,678.19,1.05
8,error,60.0,0.2,0,2025-05-01 16:01:08,674.22,1.05
9,running,300,0.9,0,2025-05-01 16:01:08,703.3,1.08
10,idle,60.0,0.2,0,2025-05-01 16:01:08,694.76,1.04
1,idle,60.0,0.2,0,2025-05-01 16:01:18,750.59,1.04
2,running,133.02,0.46,0,2025-05-01 16:01:18,731.9,1.06
3,idle,60.0,0.2,0,2025-05-01 16:01:18,747.27,1.02
4,running,217.94,0.9,2119,2025-05-01 16:01:18,781.24,1.0
5,running,103.79,0.9,1175,2025-05-01 16:01:18,691.81,1.09
6,running,289.63,0.85,1530,2025-05-01 16:01:18,768.83,1.05
7,running,83.62,0.9,0,2025-05-01 16:01:18,678.2,1.06
8,running,70.29,0.69,648,2025-05-01 16:01:18,674.23,1.06
9,running,264.76,0.9,0,2025-05-01 16:01:18,703.3,1.08
10,error,60.0,0.2,0,2025-05-01 16:01:18,694.76,1.04
1,running,77.12,0.55,64,2025-05-01 16:01:28,750.59,1.04
2,running,221.63,0.63,549,2025-05-01 16:01:28,731.9,1.06
3,running,60,0.23,0,2025-05-01 16:01:28,747.27,1.02
4,running,297.67,0.9,2740,2025-05-01 16:01:28,781.24,1.0
5,running,117.58,0.9,1347,2025-05-01 16:01:28,691.82,1.1
6,running,300,0.9,617,2025-05-01 16:01:28,768.83,1.05
7,running,60,0.9,0,2025-05-01 16:01:28,678.2,1.06
8,running,112.2,0.9,346,2025-05-01 16:01:28,674.23,1.06
9,running,300,0.88,0,2025-05-01 16:01:28,703.3,1.08
10,idle,60.0,0.2,0,2025-05-01 16:01:28,694.76,1.04
1,running,138.72,0.71,0,2025-05-01 16:01:38,750.59,1.04
2,running,198.27,0.73,1086,2025-05-01 16:01:38,731.91,1.07
3,running,132.07,0.49,215,2025-05-01 16:01:38,747.28,1.03
4,idle,60.0,0.2,0,2025-05-01 16:01:38,781.24,1.0
5,running,165.82,0.9,939,2025-05-01 16:01:38,691.82,1.1
6,running,300,0.9,1236,2025-05-01 16:01:38,768.83,1.05
7,idle,60.0,0.2,0,2025-05-01 16:01:38,678.2,1.06
8,running,131.34,0.9,590,2025-05-01 16:01:38,674.23,1.06
9,running,272.16,0.9,385,2025-05-01 16:01:38,703.3,1.08
10,running,67.39,0.64,0,2025-05-01 16:01:38,694.77,1.05
1,running,105.44,0.9,119,2025-05-01 16:01:48,750.6,1.05
2,running,287.01,0.9,347,2025-05-01 16:01:48,731.91,1.07
3,idle,60.0,0.2,0,2025-05-01 16:01:48,747.28,1.03
4,running,145.2,0.47,0,2025-05-01 16:01:48,781.25,1.01
5,running,155.49,0.86,533,2025-05-01 16:01:48,691.82,1.1
6,idle,60.0,0.2,0,2025-05-01 16:01:48,768.83,1.05
7,running,63.75,0.58,0,2025-05-01 16:01:48,678.2,1.06
8,running,148.58,0.9,1349,2025-05-01 16:01:48,674.24,1.07
9,running,283.54,0.9,0,2025-05-01 16:01:48,703.31,1.09
10,running,147.68,0.9,0,2025-05-01 16:01:48,694.77,1.05
1,running,107.72,0.9,352,2025-05-01 16:01:58,750.6,1.05
2,running,300,0.9,0,2025-05-01 16:01:58,731.91,1.07
3,running,151.58,0.69,650,2025-05-01 16:01:58,747.28,1.03
4,idle,60.0,0.2,0,2025-05-01 16:01:58,781.25,1.01
5,running,239.82,0.9,184,2025-05-01 16:01:58,691.83,1.11
6,error,60.0,0.2,0,2025-05-01 16:01:58,768.83,1.05
7,idle,60.0,0.2,0,2025-05-01 16:01:58,678.2,1.06
8,running,162.56,0.9,1726,2025-05-01 16:01:58,674.24,1.07
9,idle,60.0,0.2,0,2025-05-01 16:01:58,703.31,1.09
10,running,196.69,0.9,766,2025-05-01 16:01:58,694.77,1.05
1,idle,60.0,0.2,0,2025-05-01 16:02:08,750.6,1.05
2,running,298.08,0.9,149,2025-05-01 16:02:08,731.91,1.07
3,running,139.86,0.64,1129,2025-05-01 16:02:08,747.28,1.03
4,running,126.9,0.38,820,2025-05-01 16:02:08,781.25,1.01
5,running,300,0.87,700,2025-05-01 16:02:08,691.83,1.11
6,idle,60.0,0.2,0,2025-05-01 16:02:08,768.83,1.05
7,idle,60.0,0.2,0,2025-05-01 16:02:08,678.2,1.06
8,idle,60.0,0.2,0,2025-05-01 16:02:08,674.24,1.07
9,error,60.0,0.2,0,2025-05-01 16:02:08,703.31,1.09
10,running,170.33,0.9,1088,2025-05-01 16:02:08,694.77,1.05
1,running,102.02,0.4,0,2025-05-01 16:02:18,750.6,1.05
2,error,60.0,0.2,0,2025-05-01 16:02:18,731.91,1.07
3,running,199.36,0.9,1588,2025-05-01 16:02:18,747.28,1.03
4,running,79.24,0.81,719,2025-05-01 16:02:18,781.25,1.01
5,idle,60.0,0.2,0,2025-05-01 16:02:18,691.83,1.11
6,running,124.15,0.36,469,2025-05-01 16:02:18,768.84,1.06
7,running,87.94,0.62,0,2025-05-01 16:02:18,678.2,1.06
8,running,103.41,0.27,759,2025-05-01 16:02:18,674.24,1.07
9,running,60,0.46,0,2025-05-01 16:02:18,703.31,1.09
10,running,258.1,0.9,1385,2025-05-01 16:02:18,694.78,1.06
1,running,117.78,0.35,663,2025-05-01 16:02:28,750.61,1.06
2,running,118.08,0.63,461,2025-05-01 16:02:28,731.92,1.08
3,running,233.32,0.9,1040,2025-05-01 16:02:28,747.29,1.04
4,running,147.06,0.9,1540,2025-05-01 16:02:28,781.26,1.02
5,running,153.81,0.41,912,2025-05-01 16:02:28,691.83,1.11
6,running,98.33,0.32,586,2025-05-01 16:02:28,768.84,1.06
7,running,126.87,0.83,498,2025-05-01 16:02:28,678.21,1.07
8,running,186.81,0.43,1569,2025-05-01 16:02:28,674.24,1.07
9,error,60.0,0.2,0,2025-05-01 16:02:28,703.31,1.09
10,running,298.62,0.9,448,2025-05-01 16:02:28,694.78,1.06
1,running,191.59,0.67,1302,2025-05-01 16:02:38,750.61,1.06
2,running,86.82,0.9,0,2025-05-01 16:02:38,731.92,1.08
3,running,191.67,0.9,453,2025-05-01 16:02:38,747.29,1.04
4,running,243.83,0.9,1511,2025-05-01 16:02:38,781.26,1.02
5,running,163.85,0.62,926,2025-05-01 16:02:38,691.83,1.11
6,running,149.65,0.42,1549,2025-05-01 16:02:38,768.84,1.06
7,idle,60.0,0.2,0,2025-05-01 16:02:38,678.21,1.07
8,running,228.02,0.81,2087,2025-05-01 16:02:38,674.25,1.08
9,running,145.22,0.61,590,2025-05-01 16:02:38,703.31,1.09
10,running,300,0.9,0,2025-05-01 16:02:38,694.78,1.06
1,idle,60.0,0.2,0,2025-05-01 16:02:49,750.61,1.06
2,idle,60.0,0.2,0,2025-05-01 16:02:49,731.92,1.08
3,running,282.92,0.9,361,2025-05-01 16:02:49,747.29,1.04
4,running,196.68,0.9,1499,2025-05-01 16:02:49,781.26,1.02
5,running,227.37,0.79,610,2025-05-01 16:02:49,691.84,1.12
6,running,213.88,0.88,1294,2025-05-01 16:02:49,768.84,1.06
7,running,83.45,0.5,0,2025-05-01 16:02:49,678.21,1.07
8,idle,60.0,0.2,0,2025-05-01 16:02:49,674.25,1.08
9,running,234.02,0.61,312,2025-05-01 16:02:49,703.32,1.1
10,running,300,0.9,0,2025-05-01 16:02:49,694.78,1.06
1,running,71.55,0.58,0,2025-05-01 16:02:59,750.61,1.06
2,running,143.05,0.2,933,2025-05-01 16:02:59,731.92,1.08
3,running,300,0.9,856,2025-05-01 16:02:59,747.3,1.05
4,running,248.02,0.9,1312,2025-05-01 16:02:59,781.26,1.02
5,idle,60.0,0.2,0,2025-05-01 16:02:59,691.84,1.12
6,running,197.76,0.9,1000,2025-05-01 16:02:59,768.85,1.07
7,running,60,0.67,0,2025-05-01 16:02:59,678.21,1.07
8,running,158.36,0.45,0,2025-05-01 16:02:59,674.25,1.08
9,running,196.43,0.76,372,2025-05-01 16:02:59,703.32,1.1
10,running,300,0.9,0,2025-05-01 16:02:59,694.79,1.07
1,running,76.67,0.58,400,2025-05-01 16:03:09,750.61,1.06
2,running,172.74,0.34,1823,2025-05-01 16:03:09,731.93,1.09
3,error,60.0,0.2,0,2025-05-01 16:03:09,747.3,1.05
4,running,300,0.9,1959,2025-05-01 16:03:09,781.27,1.03
5,running,60,0.17,0,2025-05-01 16:03:09,691.84,1.12
6,running,220.97,0.9,1319,2025-05-01 16:03:09,768.85,1.07
7,running,74.75,0.65,0,2025-05-01 16:03:09,678.22,1.08
8,idle,60.0,0.2,0,2025-05-01 16:03:09,674.25,1.08
9,running,177.28,0.9,747,2025-05-01 16:03:09,703.32,1.1
10,running,252.23,0.9,335,2025-05-01 16:03:09,694.79,1.07
1,running,60,0.9,1344,2025-05-01 16:03:19,750.62,1.07
2,error,60.0,0.2,0,2025-05-01 16:03:19,731.93,1.09
3,running,60,0.4,97,2025-05-01 16:03:19,747.3,1.05
4,idle,60.0,0.2,0,2025-05-01 16:03:19,781.27,1.03
5,running,60,0.59,0,2025-05-01 16:03:19,691.84,1.12
6,idle,60.0,0.2,0,2025-05-01 16:03:19,768.85,1.07
7,running,171.71,0.9,751,2025-05-01 16:03:19,678.22,1.08
8,running,79.09,0.57,0,2025-05-01 16:03:19,674.25,1.08
9,running,246.54,0.9,379,2025-05-01 16:03:19,703.32,1.1
10,idle,60.0,0.2,0,2025-05-01 16:03:19,694.79,1.07
1,running,60,0.9,1323,2025-05-01 16:03:29,750.62,1.07
2,running,72.39,0.55,942,2025-05-01 16:03:29,731.93,1.09
3,running,141.19,0.83,714,2025-05-01 16:03:29,747.3,1.05
4,running,133.29,0.62,0,2025-05-01 16:03:29,781.27,1.03
5,idle,60.0,0.2,0,2025-05-01 16:03:29,691.84,1.12
6,running,79.05,0.56,0,2025-05-01 16:03:29,768.85,1.07
7,running,215.35,0.85,1480,2025-05-01 16:03:29,678.22,1.08
8,running,60,0.73,617,2025-05-01 16:03:29,674.26,1.09
9,running,300,0.89,0,2025-05-01 16:03:29,703.33,1.11
10,running,60,0.19,979,2025-05-01 16:03:29,694.79,1.07
1,idle,60.0,0.2,0,2025-05-01 16:03:39,750.62,1.07
2,running,105.05,0.53,1926,2025-05-01 16:03:39,731.93,1.09
3,error,60.0,0.2,0,2025-05-01 16:03:39,747.3,1.05
4,running,101.44,0.81,135,2025-05-01 16:03:39,781.27,1.03
5,running,60,0.63,0,2025-05-01 16:03:39,691.84,1.12
6,running,103.01,0.64,0,2025-05-01 16:03:39,768.86,1.08
7,running,216.44,0.9,773,2025-05-01 16:03:39,678.22,1.08
8,running,60,0.9,159,2025-05-01 16:03:39,674.26,1.09
9,running,300,0.9,273,2025-05-01 16:03:39,703.33,1.11
10,running,60,0.43,104,2025-05-01 16:03:39,694.8,1.08
1,running,86.26,0.54,977,2025-05-01 16:03:49,750.62,1.07
2,running,193.72,0.54,1962,2025-05-01 16:03:49,731.93,1.09
3,running,60,0.46,0,2025-05-01 16:03:49,747.3,1.05
4,error,60.0,0.2,0,2025-05-01 16:03:49,781.27,1.03
5,idle,60.0,0.2,0,2025-05-01 16:03:49,691.84,1.12
6,running,75.71,0.83,0,2025-05-01 16:03:49,768.86,1.08
7,running,182.7,0.9,1578,2025-05-01 16:03:49,678.23,1.09
8,running,122.77,0.85,0,2025-05-01 16:03:49,674.26,1.09
9,running,278.04,0.9,736,2025-05-01 16:03:49,703.33,1.11
10,running,142.53,0.9,621,2025-05-01 16:03:49,694.8,1.08
1,running,125.43,0.84,322,2025-05-01 16:03:59,750.63,1.08
2,running,171.33,0.9,1546,2025-05-01 16:03:59,731.94,1.1
3,running,125.29,0.67,354,2025-05-01 16:03:59,747.31,1.06
4,idle,60.0,0.2,0,2025-05-01 16:03:59,781.27,1.03
5,running,69.74,0.3,912,2025-05-01 16:03:59,691.85,1.13
6,running,163.47,0.9,0,2025-05-01 16:03:59,768.86,1.08
7,idle,60.0,0.2,0,2025-05-01 16:03:59,678.23,1.09
8,running,91.02,0.9,747,2025-05-01 16:03:59,674.26,1.09
9,running,300,0.9,1051,2025-05-01 16:03:59,703.33,1.11
10,idle,60.0,0.2,0,2025-05-01 16:03:59,694.8,1.08
1,idle,60.0,0.2,0,2025-05-01 16:04:09,750.63,1.08
2,running,235.76,0.9,1223,2025-05-01 16:04:09,731.94,1.1
3,running,151.81,0.9,644,2025-05-01 16:04:09,747.31,1.06
4,running,60,0.23,0,2025-05-01 16:04:09,781.28,1.04
5,running,90.66,0.67,908,2025-05-01 16:04:09,691.85,1.13
6,running,158.35,0.9,110,2025-05-01 16:04:09,768.86,1.08
7,running,60,0.37,560,2025-05-01 16:04:09,678.23,1.09
8,idle,60.0,0.2,0,2025-05-01 16:04:09,674.26,1.09
9,running,300,0.9,278,2025-05-01 16:04:09,703.34,1.12
10,running,118.68,0.24,0,2025-05-01 16:04:09,694.8,1.08
1,running,93.61,0.49,579,2025-05-01 16:04:19,750.63,1.08
2,running,224.39,0.9,980,2025-05-01 16:04:19,731.94,1.1
3,running,126.24,0.9,1561,2025-05-01 16:04:19,747.31,1.06
4,running,60,0.49,952,2025-05-01 16:04:19,781.28,1.04
5,running,122.01,0.7,789,2025-05-01 16:04:19,691.85,1.13
6,running,139.61,0.9,0,2025-05-01 16:04:19,768.87,1.09
7,running,143.05,0.36,337,2025-05-01 16:04:19,678.23,1.09
8,running,90.5,0.17,0,2025-05-01 16:04:19,674.27,1.1
9,running,300,0.9,0,2025-05-01 16:04:19,703.34,1.12
10,idle,60.0,0.2,0,2025-05-01 16:04:19,694.8,1.08
1,running,129.25,0.48,869,2025-05-01 16:04:29,750.63,1.08
2,idle,60.0,0.2,0,2025-05-01 16:04:29,731.94,1.1
3,idle,60.0,0.2,0,2025-05-01 16:04:29,747.31,1.06
4,idle,60.0,0.2,0,2025-05-01 16:04:29,781.28,1.04
5,running,187.07,0.9,1657,2025-05-01 16:04:29,691.86,1.14
6,running,151.08,0.9,0,2025-05-01 16:04:29,768.87,1.09
7,running,128.35,0.49,536,2025-05-01 16:04:29,678.24,1.1
8,running,135.23,0.36,0,2025-05-01 16:04:29,674.27,1.1
9,error,60.0,0.2,0,2025-05-01 16:04:29,703.34,1.12
10,running,154.63,0.55,0,2025-05-01 16:04:29,694.8,1.08
1,running,132.46,0.5,92,2025-05-01 16:04:39,750.63,1.08
2,error,60.0,0.2,0,2025-05-01 16:04:39,731.94,1.1
3,error,60.0,0.2,0,2025-05-01 16:04:39,747.31,1.06
4,running,125.09,0.51,553,2025-05-01 16:04:39,781.28,1.04
5,idle,60.0,0.2,0,2025-05-01 16:04:39,691.86,1.14
6,running,114.34,0.9,464,2025-05-01 16:04:39,768.87,1.09
7,running,98.01,0.9,910,2025-05-01 16:04:39,678.24,1.1
8,idle,60.0,0.2,0,2025-05-01 16:04:39,674.27,1.1
9,idle,60.0,0.2,0,2025-05-01 16:04:39,703.34,1.12
10,running,176.55,0.51,170,2025-05-01 16:04:39,694.81,1.09
1,running,222.06,0.76,0,2025-05-01 16:04:49,750.64,1.09
2,running,60,0.3,0,2025-05-01 16:04:49,731.95,1.11
3,idle,60.0,0.2,0,2025-05-01 16:04:49,747.31,1.06
4,error,60.0,0.2,0,2025-05-01 16:04:49,781.28,1.04
5,running,108.56,0.57,0,2025-05-01 16:04:49,691.86,1.14
6,running,210.92,0.9,575,2025-05-01 16:04:49,768.87,1.09
7,running,182.11,0.9,107,2025-05-01 16:04:49,678.24,1.1
8,running,154.13,0.32,0,2025-05-01 16:04:49,674.27,1.1
9,running,83.91,0.54,36,2025-05-01 16:04:49,703.34,1.12
10,running,273.79,0.9,303,2025-05-01 16:04:49,694.81,1.09
1,running,300,0.81,0,2025-05-01 16:04:59,750.64,1.09
2,running,145.01,0.31,567,2025-05-01 16:04:59,731.95,1.11
3,running,70.21,0.33,0,2025-05-01 16:04:59,747.32,1.07
4,running,120.96,0.67,0,2025-05-01 16:04:59,781.28,1.04
5,idle,60.0,0.2,0,2025-05-01 16:04:59,691.86,1.14
6,idle,60.0,0.2,0,2025-05-01 16:04:59,768.87,1.09
7,running,145.93,0.9,0,2025-05-01 16:04:59,678.24,1.1
8,idle,60.0,0.2,0,2025-05-01 16:04:59,674.27,1.1
9,running,60,0.9,0,2025-05-01 16:04:59,703.35,1.13
10,idle,60.0,0.2,0,2025-05-01 16:04:59,694.81,1.09
1,running,300,0.9,0,2025-05-01 16:05:09,750.64,1.09
2,running,176.32,0.78,1494,2025-05-01 16:05:09,731.95,1.11
3,running,71.04,0.83,0,2025-05-01 16:05:09,747.32,1.07
4,idle,60.0,0.2,0,2025-05-01 16:05:09,781.28,1.04
5,running,60,0.37,169,2025-05-01 16:05:09,691.86,1.14
6,running,60,0.23,424,2025-05-01 16:05:09,768.88,1.1
7,idle,60.0,0.2,0,2025-05-01 16:05:09,678.24,1.1
8,idle,60.0,0.2,0,2025-05-01 16:05:09,674.27,1.1
9,running,82.42,0.9,0,2025-05-01 16:05:09,703.35,1.13
10,running,156.95,0.63,915,2025-05-01 16:05:09,694.81,1.09
1,idle,60.0,0.2,0,2025-05-01 16:05:19,750.64,1.09
2,idle,60.0,0.2,0,2025-05-01 16:05:19,731.95,1.11
3,running,74.8,0.8,579,2025-05-01 16:05:19,747.32,1.07
4,running,124.47,0.63,21,2025-05-01 16:05:19,781.29,1.05
5,running,149.83,0.45,763,2025-05-01 16:05:19,691.86,1.14
6,running,63.72,0.4,1116,2025-05-01 16:05:19,768.88,1.1
7,running,98.33,0.19,517,2025-05-01 16:05:19,678.25,1.11
8,idle,60.0,0.2,0,2025-05-01 16:05:19,674.27,1.1
9,running,60,0.9,0,2025-05-01 16:05:19,703.35,1.13
10,idle,60.0,0.2,0,2025-05-01 16:05:19,694.81,1.09
1,running,137.94,0.51,0,2025-05-01 16:05:29,750.64,1.09
2,running,60,0.36,104,2025-05-01 16:05:29,731.95,1.11
3,running,131.35,0.9,164,2025-05-01 16:05:29,747.32,1.07
4,running,191.05,0.74,0,2025-05-01 16:05:29,781.29,1.05
5,running,157.58,0.88,0,2025-05-01 16:05:29,691.87,1.15
6,running,69.61,0.75,553,2025-05-01 16:05:29,768.88,1.1
7,running,188.06,0.19,776,2025-05-01 16:05:29,678.25,1.11
8,running,60,0.37,666,2025-05-01 16:05:29,674.27,1.1
9,running,77.65,0.9,983,2025-05-01 16:05:29,703.35,1.13
10,running,60,0.3,934,2025-05-01 16:05:29,694.82,1.1
1,running,193.96,0.58,473,2025-05-01 16:05:39,750.65,1.1
2,idle,60.0,0.2,0,2025-05-01 16:05:39,731.95,1.11
3,running,105.55,0.9,666,2025-05-01 16:05:39,747.33,1.08
4,running,288.62,0.78,0,2025-05-01 16:05:39,781.29,1.05
5,idle,60.0,0.2,0,2025-05-01 16:05:39,691.87,1.15
6,running,60,0.75,0,2025-05-01 16:05:39,768.89,1.11
7,running,246.69,0.59,1178,2025-05-01 16:05:39,678.25,1.11
8,running,72.89,0.48,1148,2025-05-01 16:05:39,674.28,1.11
9,idle,60.0,0.2,0,2025-05-01 16:05:39,703.35,1.13
10,idle,60.0,0.2,0,2025-05-01 16:05:39,694.82,1.1
1,running,268.47,0.7,1143,2025-05-01 16:05:49,750.65,1.1
2,running,60,0.31,0,2025-05-01 16:05:49,731.96,1.12
3,running,198.99,0.9,803,2025-05-01 16:05:49,747.33,1.08
4,running,257.18,0.87,0,2025-05-01 16:05:49,781.29,1.05
5,idle,60.0,0.2,0,2025-05-01 16:05:49,691.87,1.15
6,running,130.52,0.9,195,2025-05-01 16:05:49,768.89,1.11
7,running,235.79,0.67,200,2025-05-01 16:05:49,678.25,1.11
8,running,164.33,0.45,353,2025-05-01 16:05:49,674.28,1.11
9,running,95.6,0.43,343,2025-05-01 16:05:49,703.36,1.14
10,idle,60.0,0.2,0,2025-05-01 16:05:49,694.82,1.1
1,running,233.96,0.9,499,2025-05-01 16:05:59,750.65,1.1
2,running,60,0.27,0,2025-05-01 16:05:59,731.96,1.12
3,idle,60.0,0.2,0,2025-05-01 16:05:59,747.33,1.08
4,running,229.06,0.9,116,2025-05-01 16:05:59,781.3,1.06
5,running,113.73,0.18,0,2025-05-01 16:05:59,691.87,1.15
6,running,180.51,0.9,0,2025-05-01 16:05:59,768.89,1.11
7,idle,60.0,0.2,0,2025-05-01 16:05:59,678.25,1.11
8,running,130.35,0.69,0,2025-05-01 16:05:59,674.28,1.11
9,running,176.81,0.83,0,2025-05-01 16:05:59,703.36,1.14
10,running,85.58,0.7,929,2025-05-01 16:05:59,694.82,1.1
1,running,257.66,0.9,175,2025-05-01 16:06:09,750.66,1.11
2,running,60,0.29,753,2025-05-01 16:06:09,731.96,1.12
3,running,144.56,0.33,739,2025-05-01 16:06:09,747.33,1.08
4,idle,60.0,0.2,0,2025-05-01 16:06:09,781.3,1.06
5,running,171.51,0.26,147,2025-05-01 16:06:09,691.87,1.15
6,running,160.56,0.87,0,2025-05-01 16:06:09,768.89,1.11
7,running,107.64,0.31,0,2025-05-01 16:06:09,678.26,1.12
8,running,155.55,0.68,625,2025-05-01 16:06:09,674.29,1.12
9,idle,60.0,0.2,0,2025-05-01 16:06:09,703.36,1.14
10,running,91.45,0.9,266,2025-05-01 16:06:09,694.82,1.1
1,running,298.48,0.9,0,2025-05-01 16:06:19,750.66,1.11
2,running,87.93,0.31,0,2025-05-01 16:06:19,731.96,1.12
3,running,240.28,0.53,884,2025-05-01 16:06:19,747.33,1.08
4,running,134.06,0.56,0,2025-05-01 16:06:19,781.3,1.06
5,running,124.45,0.54,941,2025-05-01 16:06:19,691.88,1.16
6,running,225.43,0.9,980,2025-05-01 16:06:19,768.9,1.12
7,running,98.63,0.55,675,2025-05-01 16:06:19,678.26,1.12
8,running,239.25,0.75,1533,2025-05-01 16:06:19,674.29,1.12
9,idle,60.0,0.2,0,2025-05-01 16:06:19,703.36,1.14
10,running,113.18,0.9,1133,2025-05-01 16:06:19,694.82,1.1
1,idle,60.0,0.2,0,2025-05-01 16:06:29,750.66,1.11
2,running,60,0.44,833,2025-05-01 16:06:29,731.97,1.13
3,running,202.85,0.9,0,2025-05-01 16:06:29,747.34,1.09
4,running,113.66,0.61,736,2025-05-01 16:06:29,781.3,1.06
5,running,167.08,0.8,658,2025-05-01 16:06:29,691.88,1.16
6,running,200.59,0.9,817,2025-05-01 16:06:29,768.9,1.12
7,idle,60.0,0.2,0,2025-05-01 16:06:29,678.26,1.12
8,running,247.4,0.9,728,2025-05-01 16:06:29,674.29,1.12
9,running,145.16,0.26,0,2025-05-01 16:06:29,703.36,1.14
10,running,78.12,0.9,259,2025-05-01 16:06:29,694.83,1.11
1,running,60,0.46,0,2025-05-01 16:06:39,750.66,1.11
2,running,60,0.66,1387,2025-05-01 16:06:39,731.97,1.13
3,running,229.76,0.9,57,2025-05-01 16:06:39,747.34,1.09
4,running,146.53,0.68,1279,2025-05-01 16:06:39,781.31,1.07
5,idle,60.0,0.2,0,2025-05-01 16:06:39,691.88,1.16
6,running,157.73,0.9,1327,2025-05-01 16:06:39,768.9,1.12
7,running,94.15,0.29,612,2025-05-01 16:06:39,678.26,1.12
8,running,258.1,0.9,1178,2025-05-01 16:06:39,674.29,1.12
9,running,103.96,0.3,0,2025-05-01 16:06:39,703.37,1.15
10,running,83.23,0.9,0,2025-05-01 16:06:39,694.83,1.11
1,idle,60.0,0.2,0,2025-05-01 16:06:49,750.66,1.11
2,running,159.7,0.9,2206,2025-05-01 16:06:49,731.97,1.13
3,idle,60.0,0.2,0,2025-05-01 16:06:49,747.34,1.09
4,running,184.27,0.69,596,2025-05-01 16:06:49,781.31,1.07
5,running,100.42,0.19,0,2025-05-01 16:06:49,691.88,1.16
6,running,201.05,0.9,1545,2025-05-01 16:06:49,768.91,1.13
7,running,116.74,0.34,524,2025-05-01 16:06:49,678.27,1.13
8,running,224.23,0.9,265,2025-05-01 16:06:49,674.3,1.13
9,running,151.35,0.63,0,2025-05-01 16:06:49,703.37,1.15
10,running,60,0.9,65,2025-05-01 16:06:49,694.83,1.11
1,running,68.12,0.2,879,2025-05-01 16:07:20,750.66,1.11
2,running,200.42,0.9,1583,2025-05-01 16:07:20,731.97,1.13
3,idle,60.0,0.2,0,2025-05-01 16:07:20,747.34,1.09
4,running,247.34,0.9,1201,2025-05-01 16:07:20,781.31,1.07
5,idle,60.0,0.2,0,2025-05-01 16:07:20,691.88,1.16
6,idle,60.0,0.2,0,2025-05-01 16:07:20,768.91,1.13
7,running,129.31,0.82,298,2025-05-01 16:07:20,678.27,1.13
8,running,243.42,0.9,0,2025-05-01 16:07:20,674.3,1.13
9,running,152.17,0.89,226,2025-05-01 16:07:20,703.37,1.15
10,running,60,0.9,0,2025-05-01 16:07:20,694.83,1.11
1,running,167.76,0.6,0,2025-05-01 16:07:30,750.67,1.12
2,running,275.49,0.9,696,2025-05-01 16:07:30,731.98,1.14
3,running,85.18,0.34,683,2025-05-01 16:07:30,747.34,1.09
4,running,276.93,0.87,812,2025-05-01 16:07:30,781.32,1.08
5,running,60,0.68,439,2025-05-01 16:07:30,691.88,1.16
6,running,123.49,0.38,0,2025-05-01 16:07:30,768.91,1.13
7,running,89.25,0.9,0,2025-05-01 16:07:30,678.28,1.14
8,running,204.94,0.9,0,2025-05-01 16:07:30,674.31,1.14
9,running,182.31,0.9,0,2025-05-01 16:07:30,703.38,1.16
10,running,131.61,0.9,0,2025-05-01 16:07:30,694.84,1.12
1,running,175.85,0.9,0,2025-05-01 16:07:40,750.67,1.12
2,running,265.97,0.9,310,2025-05-01 16:07:40,731.98,1.14
3,running,172.61,0.65,0,2025-05-01 16:07:40,747.35,1.1
4,running,300,0.9,681,2025-05-01 16:07:40,781.32,1.08
5,running,60,0.9,399,2025-05-01 16:07:40,691.89,1.17
6,running,205.35,0.47,540,2025-05-01 16:07:40,768.92,1.14
7,running,179.63,0.9,150,2025-05-01 16:07:40,678.28,1.14
8,idle,60.0,0.2,0,2025-05-01 16:07:40,674.31,1.14
9,running,148.98,0.9,0,2025-05-01 16:07:40,703.38,1.16
10,running,116.22,0.9,0,2025-05-01 16:07:40,694.84,1.12
1,running,236.93,0.9,0,2025-05-01 16:07:50,750.67,1.12
2,running,264.64,0.9,570,2025-05-01 16:07:50,731.98,1.14
3,idle,60.0,0.2,0,2025-05-01 16:07:50,747.35,1.1
4,running,300,0.9,1513,2025-05-01 16:07:50,781.32,1.08
5,idle,60.0,0.2,0,2025-05-01 16:07:50,691.89,1.17
6,error,60.0,0.2,0,2025-05-01 16:07:50,768.92,1.14
7,running,265.6,0.9,1115,2025-05-01 16:07:50,678.28,1.14
8,running,157.59,0.18,528,2025-05-01 16:07:50,674.31,1.14
9,running,191.09,0.9,0,2025-05-01 16:07:50,703.38,1.16
10,running,138.41,0.9,0,2025-05-01 16:07:50,694.84,1.12
1,error,60.0,0.2,0,2025-05-01 16:08:00,750.67,1.12
2,running,300,0.9,943,2025-05-01 16:08:00,731.98,1.14
3,running,60,0.57,476,2025-05-01 16:08:00,747.35,1.1
4,running,294.69,0.9,2297,2025-05-01 16:08:00,781.32,1.08
5,running,60,0.26,0,2025-05-01 16:08:00,691.89,1.17
6,running,71.94,0.55,0,2025-05-01 16:08:00,768.92,1.14
7,running,300,0.9,758,2025-05-01 16:08:00,678.28,1.14
8,idle,60.0,0.2,0,2025-05-01 16:08:00,674.31,1.14
9,running,203.99,0.9,0,2025-05-01 16:08:00,703.38,1.16
10,running,212.71,0.9,0,2025-05-01 16:08:00,694.84,1.12
1,running,60,0.44,492,2025-05-01 16:08:10,750.67,1.12
2,idle,60.0,0.2,0,2025-05-01 16:08:10,731.98,1.14
3,running,60,0.7,509,2025-05-01 16:08:10,747.35,1.1
4,running,300,0.9,1523,2025-05-01 16:08:10,781.33,1.09
5,running,136.26,0.6,0,2025-05-01 16:08:10,691.89,1.17
6,running,63.36,0.86,0,2025-05-01 16:08:10,768.92,1.14
7,idle,60.0,0.2,0,2025-05-01 16:08:10,678.28,1.14
8,running,146.71,0.27,0,2025-05-01 16:08:10,674.31,1.14
9,running,239.48,0.9,0,2025-05-01 16:08:10,703.39,1.17
10,running,286.45,0.9,510,2025-05-01 16:08:10,694.85,1.13
1,running,110.33,0.67,667,2025-05-01 16:08:20,750.68,1.13
2,running,104.19,0.67,0,2025-05-01 16:08:20,731.99,1.15
3,running,60,0.75,0,2025-05-01 16:08:20,747.35,1.1
4,running,300,0.9,2227,2025-05-01 16:08:20,781.33,1.09
5,running,134.41,0.9,0,2025-05-01 16:08:20,691.89,1.17
6,idle,60.0,0.2,0,2025-05-01 16:08:20,768.92,1.14
7,running,122.43,0.43,654,2025-05-01 16:08:20,678.29,1.15
8,running,157.1,0.44,0,2025-05-01 16:08:20,674.31,1.14
9,running,218.81,0.9,0,2025-05-01 16:08:20,703.39,1.17
10,running,300,0.9,1323,2025-05-01 16:08:20,694.85,1.13
1,running,183.44,0.74,329,2025-05-01 16:08:30,750.68,1.13
2,running,177.2,0.9,99,2025-05-01 16:08:30,731.99,1.15
3,running,60,0.76,0,2025-05-01 16:08:30,747.36,1.11
4,running,300,0.86,2932,2025-05-01 16:08:30,781.33,1.09
5,running,166.98,0.9,298,2025-05-01 16:08:30,691.9,1.18
6,running,134.29,0.43,696,2025-05-01 16:08:30,768.92,1.14
7,running,90.33,0.42,1468,2025-05-01 16:08:30,678.29,1.15
8,idle,60.0,0.2,0,2025-05-01 16:08:30,674.31,1.14
9,running,253.49,0.89,0,2025-05-01 16:08:30,703.39,1.17
10,running,268.78,0.9,1900,2025-05-01 16:08:30,694.85,1.13
1,running,260.57,0.75,825,2025-05-01 16:08:40,750.68,1.13
2,running,138.61,0.9,0,2025-05-01 16:08:40,731.99,1.15
3,idle,60.0,0.2,0,2025-05-01 16:08:40,747.36,1.11
4,running,300,0.9,2749,2025-05-01 16:08:40,781.33,1.09
5,running,253.4,0.9,13,2025-05-01 16:08:40,691.9,1.18
6,running,94.98,0.79,0,2025-05-01 16:08:40,768.93,1.15
7,running,150.04,0.46,2072,2025-05-01 16:08:40,678.29,1.15
8,running,60,0.31,174,2025-05-01 16:08:40,674.32,1.15
9,running,237.57,0.9,0,2025-05-01 16:08:40,703.39,1.17
10,running,293.31,0.9,2060,2025-05-01 16:08:40,694.85,1.14
1,idle,60.0,0.2,0,2025-05-01 16:08:50,750.68,1.13
2,idle,60.0,0.2,0,2025-05-01 16:08:50,731.99,1.15
3,running,60,0.69,0,2025-05-01 16:08:50,747.36,1.11
4,running,300,0.9,3607,2025-05-01 16:08:50,781.34,1.1
5,idle,60.0,0.2,0,2025-05-01 16:08:50,691.9,1.18
6,running,68.42,0.9,161,2025-05-01 16:08:50,768.93,1.15
7,idle,60.0,0.2,0,2025-05-01 16:08:50,678.29,1.15
8,running,61.65,0.63,0,2025-05-01 16:08:50,674.32,1.15
9,idle,60.0,0.2,0,2025-05-01 16:08:50,703.39,1.17
10,running,300,0.9,1401,2025-05-01 16:08:50,694.86,1.14
1,running,60,0.24,0,2025-05-01 16:09:00,750.68,1.14
2,running,119.0,0.21,300,2025-05-01 16:09:00,731.99,1.15
3,running,60,0.9,426,2025-05-01 16:09:00,747.36,1.11
4,running,300,0.9,4468,2025-05-01 16:09:00,781.34,1.1
5,running,67.24,0.33,272,2025-05-01 16:09:00,691.9,1.18
6,running,154.65,0.9,637,2025-05-01 16:09:00,768.93,1.15
7,running,102.0,0.44,0,2025-05-01 16:09:00,678.29,1.15
8,running,123.27,0.9,897,2025-05-01 16:09:00,674.32,1.15
9,idle,60.0,0.2,0,2025-05-01 16:09:00,703.39,1.17
10,running,300,0.9,2022,2025-05-01 16:09:00,694.86,1.14
1,running,60,0.72,0,2025-05-01 16:09:10,750.69,1.14
2,running,132.81,0.34,0,2025-05-01 16:09:10,732.0,1.16
3,error,60.0,0.2,0,2025-05-01 16:09:10,747.36,1.11
4,running,266.44,0.9,4252,2025-05-01 16:09:10,781.34,1.1
5,running,60,0.68,338,2025-05-01 16:09:10,691.9,1.18
6,error,60.0,0.2,0,2025-05-01 16:09:10,768.93,1.15
7,running,188.77,0.64,0,2025-05-01 16:09:10,678.3,1.16
8,running,176.35,0.9,263,2025-05-01 16:09:10,674.32,1.15
9,error,60.0,0.2,0,2025-05-01 16:09:10,703.39,1.17
10,running,300,0.9,1809,2025-05-01 16:09:10,694.86,1.14
1,running,100.04,0.9,0,2025-05-01 16:09:20,750.69,1.14
2,idle,60.0,0.2,0,2025-05-01 16:09:20,732.0,1.16
3,running,67.8,0.55,0,2025-05-01 16:09:20,747.36,1.11
4,idle,60.0,0.2,0,2025-05-01 16:09:20,781.34,1.1
5,running,118.09,0.75,1020,2025-05-01 16:09:20,691.91,1.19
6,running,146.84,0.69,0,2025-05-01 16:09:20,768.93,1.15
7,running,270.63,0.9,0,2025-05-01 16:09:20,678.3,1.16
8,running,216.52,0.9,224,2025-05-01 16:09:20,674.33,1.16
9,idle,60.0,0.2,0,2025-05-01 16:09:20,703.39,1.17
10,running,300,0.9,1462,2025-05-01 16:09:20,694.87,1.15
1,running,187.14,0.9,0,2025-05-01 16:09:30,750.69,1.14
2,running,60,0.32,0,2025-05-01 16:09:30,732.0,1.16
3,running,109.84,0.61,222,2025-05-01 16:09:30,747.37,1.12
4,running,151.44,0.29,0,2025-05-01 16:09:30,781.35,1.11
5,running,170.39,0.78,817,2025-05-01 16:09:30,691.91,1.19
6,running,240.61,0.8,257,2025-05-01 16:09:30,768.94,1.16
7,running,300,0.9,0,2025-05-01 16:09:30,678.3,1.16
8,running,237.11,0.9,513,2025-05-01 16:09:30,674.33,1.16
9,running,60,0.34,0,2025-05-01 16:09:30,703.4,1.18
10,running,274.5,0.9,1377,2025-05-01 16:09:30,694.87,1.15
1,running,217.41,0.9,0,2025-05-01 16:09:40,750.7,1.15
2,running,144.81,0.79,572,2025-05-01 16:09:40,732.0,1.16
3,idle,60.0,0.2,0,2025-05-01 16:09:40,747.37,1.12
4,running,210.42,0.56,631,2025-05-01 16:09:40,781.35,1.11
5,running,266.53,0.9,636,2025-05-01 16:09:40,691.91,1.19
6,running,267.24,0.9,0,2025-05-01 16:09:40,768.94,1.16
7,error,60.0,0.2,0,2025-05-01 16:09:40,678.3,1.16
8,idle,60.0,0.2,0,2025-05-01 16:09:40,674.33,1.16
9,running,128.46,0.66,431,2025-05-01 16:09:40,703.4,1.18
10,running,300,0.9,383,2025-05-01 16:09:40,694.87,1.15
1,running,293.05,0.9,536,2025-05-01 16:09:50,750.7,1.15
2,running,121.45,0.9,1569,2025-05-01 16:09:50,732.01,1.17
3,running,93.06,0.41,789,2025-05-01 16:09:50,747.37,1.12
4,running,293.66,0.9,1383,2025-05-01 16:09:50,781.35,1.11
5,idle,60.0,0.2,0,2025-05-01 16:09:50,691.91,1.19
6,idle,60.0,0.2,0,2025-05-01 16:09:50,768.94,1.16
7,idle,60.0,0.2,0,2025-05-01 16:09:50,678.3,1.16
8,running,96.65,0.64,266,2025-05-01 16:09:50,674.33,1.16
9,running,89.65,0.9,829,2025-05-01 16:09:50,703.4,1.18
10,running,300,0.87,391,2025-05-01 16:09:50,694.87,1.15
1,error,60.0,0.2,0,2025-05-01 16:10:00,750.7,1.15
2,running,141.53,0.9,1228,2025-05-01 16:10:00,732.01,1.17
3,running,189.24,0.36,454,2025-05-01 16:10:00,747.37,1.12
4,running,300,0.9,1007,2025-05-01 16:10:00,781.35,1.11
5,running,100.56,0.19,0,2025-05-01 16:10:00,691.92,1.2
6,running,150.38,0.33,160,2025-05-01 16:10:00,768.94,1.16
7,running,67.6,0.49,378,2025-05-01 16:10:00,678.31,1.17
8,running,93.42,0.9,1207,2025-05-01 16:10:00,674.34,1.17
9,running,108.66,0.9,162,2025-05-01 16:10:00,703.41,1.19
10,running,300,0.9,269,2025-05-01 16:10:00,694.88,1.16
1,running,141.69,0.59,922,2025-05-01 16:10:10,750.7,1.15
2,running,135.54,0.9,361,2025-05-01 16:10:10,732.01,1.17
3,running,275.36,0.51,34,2025-05-01 16:10:10,747.38,1.13
4,running,289.21,0.89,1633,2025-05-01 16:10:10,781.36,1.12
5,idle,60.0,0.2,0,2025-05-01 16:10:10,691.92,1.2
6,idle,60.0,0.2,0,2025-05-01 16:10:10,768.94,1.16
7,running,60.8,0.59,0,2025-05-01 16:10:10,678.31,1.17
8,running,159.52,0.9,1709,2025-05-01 16:10:10,674.34,1.17
9,running,202.15,0.9,106,2025-05-01 16:10:10,703.41,1.19
10,running,278.03,0.88,0,2025-05-01 16:10:10,694.88,1.16
1,running,134.31,0.67,799,2025-05-01 16:10:20,750.7,1.15
2,idle,60.0,0.2,0,2025-05-01 16:10:20,732.01,1.17
3,running,300,0.77,0,2025-05-01 16:10:20,747.38,1.13
4,error,60.0,0.2,0,2025-05-01 16:10:20,781.36,1.12
5,running,71.94,0.59,0,2025-05-01 16:10:20,691.92,1.2
6,idle,60.0,0.2,0,2025-05-01 16:10:20,768.94,1.16
7,running,60,0.9,0,2025-05-01 16:10:20,678.31,1.17
8,idle,60.0,0.2,0,2025-05-01 16:10:20,674.34,1.17
9,running,154.12,0.89,0,2025-05-01 16:10:20,703.41,1.19
10,idle,60.0,0.2,0,2025-05-01 16:10:20,694.88,1.16
1,running,99.96,0.81,1716,2025-05-01 16:10:30,750.71,1.16
2,running,71.95,0.36,0,2025-05-01 16:10:30,732.01,1.17
3,error,60.0,0.2,0,2025-05-01 16:10:30,747.38,1.13
4,running,60,0.34,0,2025-05-01 16:10:30,781.36,1.12
5,running,133.32,0.56,146,2025-05-01 16:10:30,691.92,1.2
6,running,60,0.69,615,2025-05-01 16:10:30,768.95,1.17
7,running,126.5,0.9,333,2025-05-01 16:10:30,678.31,1.17
8,running,127.39,0.45,24,2025-05-01 16:10:30,674.34,1.17
9,running,192.59,0.9,448,2025-05-01 16:10:30,703.41,1.19
10,running,133.15,0.33,761,2025-05-01 16:10:30,694.88,1.16
1,running,135.52,0.9,965,2025-05-01 16:10:40,750.71,1.16
2,running,60,0.43,0,2025-05-01 16:10:40,732.02,1.18
3,running,60,0.65,0,2025-05-01 16:10:40,747.38,1.13
4,running,102.0,0.44,654,2025-05-01 16:10:40,781.36,1.12
5,running,137.32,0.9,121,2025-05-01 16:10:40,691.92,1.2
6,running,122.88,0.9,0,2025-05-01 16:10:40,768.95,1.17
7,running,87.98,0.9,0,2025-05-01 16:10:40,678.32,1.18
8,running,108.27,0.75,0,2025-05-01 16:10:40,674.34,1.17
9,running,144.43,0.9,543,2025-05-01 16:10:40,703.42,1.2
10,running,145.18,0.4,465,2025-05-01 16:10:40,694.89,1.17
1,idle,60.0,0.2,0,2025-05-01 16:10:50,750.71,1.16
2,running,78.67,0.57,0,2025-05-01 16:10:50,732.02,1.18
3,running,121.61,0.9,252,2025-05-01 16:10:50,747.38,1.13
4,running,171.72,0.89,839,2025-05-01 16:10:50,781.37,1.13
5,running,205.5,0.9,0,2025-05-01 16:10:50,691.93,1.21
6,running,81.34,0.88,0,2025-05-01 16:10:50,768.95,1.17
7,idle,60.0,0.2,0,2025-05-01 16:10:50,678.32,1.18
8,running,153.81,0.82,289,2025-05-01 16:10:50,674.35,1.18
9,running,184.15,0.87,0,2025-05-01 16:10:50,703.42,1.2
10,error,60.0,0.2,0,2025-05-01 16:10:50,694.89,1.17
1,running,87.57,0.64,730,2025-05-01 16:11:00,750.71,1.16
2,running,139.76,0.9,0,2025-05-01 16:11:00,732.02,1.18
3,running,199.52,0.9,849,2025-05-01 16:11:00,747.39,1.14
4,running,212.95,0.9,327,2025-05-01 16:11:00,781.37,1.13
5,running,197.24,0.9,0,2025-05-01 16:11:00,691.93,1.21
6,running,126.31,0.9,0,2025-05-01 16:11:00,768.95,1.17
7,running,96.95,0.54,0,2025-05-01 16:11:00,678.32,1.18
8,running,180.02,0.9,807,2025-05-01 16:11:00,674.35,1.18
9,running,210.81,0.87,0,2025-05-01 16:11:00,703.42,1.2
10,running,88.73,0.44,475,2025-05-01 16:11:00,694.89,1.17
1,running,171.14,0.61,1047,2025-05-01 16:11:10,750.72,1.17
2,running,201.73,0.9,0,2025-05-01 16:11:10,732.03,1.19
3,running,253.05,0.9,1325,2025-05-01 16:11:10,747.39,1.14
4,idle,60.0,0.2,0,2025-05-01 16:11:10,781.37,1.13
5,running,169.74,0.9,0,2025-05-01 16:11:10,691.93,1.21
6,running,144.82,0.9,0,2025-05-01 16:11:10,768.96,1.18
7,error,60.0,0.2,0,2025-05-01 16:11:10,678.32,1.18
8,running,137.68,0.9,477,2025-05-01 16:11:10,674.35,1.18
9,running,201.01,0.9,998,2025-05-01 16:11:10,703.43,1.21
10,running,157.81,0.55,0,2025-05-01 16:11:10,694.89,1.17
1,running,144.22,0.82,1703,2025-05-01 16:11:20,750.72,1.17
2,idle,60.0,0.2,0,2025-05-01 16:11:20,732.03,1.19
3,running,226.84,0.9,1075,2025-05-01 16:11:20,747.39,1.14
4,running,145.51,0.4,0,2025-05-01 16:11:20,781.37,1.13
5,running,177.76,0.9,464,2025-05-01 16:11:20,691.94,1.22
6,idle,60.0,0.2,0,2025-05-01 16:11:20,768.96,1.18
7,idle,60.0,0.2,0,2025-05-01 16:11:20,678.32,1.18
8,running,188.1,0.9,546,2025-05-01 16:11:20,674.36,1.19
9,running,199.62,0.9,245,2025-05-01 16:11:20,703.43,1.21
10,running,253.71,0.54,812,2025-05-01 16:11:20,694.89,1.17
1,running,216.1,0.9,1874,2025-05-01 16:11:30,750.72,1.17
2,running,60,0.36,0,2025-05-01 16:11:30,732.03,1.19
3,running,192.81,0.9,517,2025-05-01 16:11:30,747.4,1.15
4,running,108.45,0.66,965,2025-05-01 16:11:30,781.37,1.13
5,running,276.36,0.9,493,2025-05-01 16:11:30,691.94,1.22
6,running,60,0.68,0,2025-05-01 16:11:30,768.96,1.18
7,running,122.66,0.52,0,2025-05-01 16:11:30,678.32,1.18
8,running,234.99,0.9,737,2025-05-01 16:11:30,674.36,1.19
9,idle,60.0,0.2,0,2025-05-01 16:11:30,703.43,1.21
10,idle,60.0,0.2,0,2025-05-01 16:11:30,694.89,1.17
1,running,211.16,0.9,1246,2025-05-01 16:11:40,750.72,1.17
2,running,104.06,0.45,849,2025-05-01 16:11:40,732.03,1.19
3,running,248.71,0.9,754,2025-05-01 16:11:40,747.4,1.15
4,running,107.63,0.73,1918,2025-05-01 16:11:40,781.38,1.14
5,running,253.99,0.88,510,2025-05-01 16:11:40,691.94,1.22
6,running,60,0.9,731,2025-05-01 16:11:40,768.96,1.18
7,running,83.36,0.59,34,2025-05-01 16:11:40,678.33,1.19
8,running,228.05,0.9,1601,2025-05-01 16:11:40,674.36,1.19
9,running,60,0.32,921,2025-05-01 16:11:40,703.43,1.21
10,running,60,0.35,0,2025-05-01 16:11:40,694.9,1.18
1,running,192.04,0.9,1499,2025-05-01 16:11:50,750.73,1.18
2,running,199.76,0.51,1449,2025-05-01 16:11:50,732.03,1.19
3,idle,60.0,0.2,0,2025-05-01 16:11:50,747.4,1.15
4,running,67.14,0.9,2283,2025-05-01 16:11:50,781.38,1.14
5,running,261.87,0.9,0,2025-05-01 16:11:50,691.94,1.22
6,running,159.97,0.9,0,2025-05-01 16:11:50,768.97,1.19
7,running,60,0.9,0,2025-05-01 16:11:50,678.33,1.19
8,idle,60.0,0.2,0,2025-05-01 16:11:50,674.36,1.19
9,running,87.48,0.71,1718,2025-05-01 16:11:50,703.43,1.21
10,idle,60.0,0.2,0,2025-05-01 16:11:50,694.9,1.18
1,idle,60.0,0.2,0,2025-05-01 16:12:00,750.73,1.18
2,running,214.3,0.56,2254,2025-05-01 16:12:00,732.04,1.2
3,running,152.76,0.61,733,2025-05-01 16:12:00,747.4,1.15
4,running,60,0.9,3215,2025-05-01 16:12:00,781.38,1.14
5,running,300,0.9,0,2025-05-01 16:12:00,691.95,1.23
6,running,147.72,0.9,325,2025-05-01 16:12:00,768.97,1.19
7,running,80.86,0.9,871,2025-05-01 16:12:00,678.33,1.19
8,running,60,0.52,0,2025-05-01 16:12:00,674.36,1.19
9,running,144.84,0.9,2469,2025-05-01 16:12:00,703.44,1.22
10,running,150.58,0.15,0,2025-05-01 16:12:00,694.9,1.18
1,running,60,0.41,0,2025-05-01 16:12:10,750.73,1.18
2,running,300,0.72,2652,2025-05-01 16:12:10,732.04,1.2
3,idle,60.0,0.2,0,2025-05-01 16:12:10,747.4,1.15
4,running,143.11,0.9,3641,2025-05-01 16:12:10,781.38,1.14
5,idle,60.0,0.2,0,2025-05-01 16:12:10,691.95,1.23
6,running,230.65,0.9,203,2025-05-01 16:12:10,768.97,1.19
7,running,166.25,0.9,543,2025-05-01 16:12:10,678.33,1.19
8,idle,60.0,0.2,0,2025-05-01 16:12:10,674.36,1.19
9,idle,60.0,0.2,0,2025-05-01 16:12:10,703.44,1.22
10,running,147.81,0.55,0,2025-05-01 16:12:10,694.9,1.18
1,running,119.76,0.73,60,2025-05-01 16:12:20,750.73,1.18
2,error,60.0,0.2,0,2025-05-01 16:12:20,732.04,1.2
3,idle,60.0,0.2,0,2025-05-01 16:12:20,747.4,1.15
4,running,113.5,0.9,4401,2025-05-01 16:12:20,781.39,1.15
5,running,60,0.2,0,2025-05-01 16:12:20,691.95,1.23
6,running,227.61,0.9,580,2025-05-01 16:12:20,768.97,1.19
7,running,250.7,0.9,998,2025-05-01 16:12:20,678.34,1.2
8,running,118.79,0.3,0,2025-05-01 16:12:20,674.37,1.2
9,running,96.25,0.31,113,2025-05-01 16:12:20,703.44,1.22
10,running,224.96,0.67,0,2025-05-01 16:12:20,694.9,1.18
1,error,60.0,0.2,0,2025-05-01 16:12:30,750.73,1.18
2,idle,60.0,0.2,0,2025-05-01 16:12:30,732.04,1.2
3,running,71.83,0.57,250,2025-05-01 16:12:30,747.4,1.15
4,running,124.61,0.9,3961,2025-05-01 16:12:30,781.39,1.15
5,running,84.77,0.48,0,2025-05-01 16:12:30,691.95,1.23
6,running,227.5,0.9,0,2025-05-01 16:12:30,768.98,1.2
7,running,221.8,0.9,47,2025-05-01 16:12:30,678.34,1.2
8,idle,60.0,0.2,0,2025-05-01 16:12:30,674.37,1.2
9,running,60,0.67,0,2025-05-01 16:12:30,703.44,1.22
10,running,285.56,0.63,0,2025-05-01 16:12:30,694.91,1.19
1,running,152.66,0.45,988,2025-05-01 16:12:40,750.73,1.18
2,running,117.49,0.59,185,2025-05-01 16:12:40,732.04,1.2
3,running,163.15,0.88,1029,2025-05-01 16:12:40,747.41,1.16
4,running,159.4,0.9,3048,2025-05-01 16:12:40,781.39,1.15
5,idle,60.0,0.2,0,2025-05-01 16:12:40,691.95,1.23
6,running,300,0.9,183,2025-05-01 16:12:40,768.98,1.2
7,running,298.86,0.9,0,2025-05-01 16:12:40,678.34,1.2
8,running,78.19,0.41,0,2025-05-01 16:12:40,674.37,1.2
9,idle,60.0,0.2,0,2025-05-01 16:12:40,703.44,1.22
10,running,282.7,0.9,976,2025-05-01 16:12:40,694.91,1.19
1,running,133.77,0.47,712,2025-05-01 16:12:50,750.74,1.19
2,running,194.43,0.9,0,2025-05-01 16:12:50,732.04,1.2
3,running,261.22,0.9,356,2025-05-01 16:12:50,747.41,1.16
4,running,123.8,0.9,2993,2025-05-01 16:12:50,781.4,1.16
5,running,136.63,0.53,0,2025-05-01 16:12:50,691.95,1.23
6,running,300,0.88,584,2025-05-01 16:12:50,768.98,1.2
7,idle,60.0,0.2,0,2025-05-01 16:12:50,678.34,1.2
8,running,165.19,0.84,0,2025-05-01 16:12:50,674.37,1.2
9,idle,60.0,0.2,0,2025-05-01 16:12:50,703.44,1.22
10,running,268.87,0.9,1366,2025-05-01 16:12:50,694.91,1.19
1,running,122.57,0.63,953,2025-05-01 16:13:00,750.74,1.19
2,running,290.46,0.9,0,2025-05-01 16:13:00,732.05,1.21
3,running,288.07,0.9,1046,2025-05-01 16:13:00,747.41,1.16
4,running,74.61,0.9,2740,2025-05-01 16:13:00,781.4,1.16
5,running,146.35,0.59,637,2025-05-01 16:13:00,691.96,1.24
6,idle,60.0,0.2,0,2025-05-01 16:13:00,768.98,1.2
7,running,114.03,0.45,526,2025-05-01 16:13:00,678.34,1.2
8,idle,60.0,0.2,0,2025-05-01 16:13:00,674.37,1.2
9,running,95.25,0.42,0,2025-05-01 16:13:00,703.44,1.22
10,running,300,0.9,1344,2025-05-01 16:13:00,694.92,1.2
1,running,173.58,0.61,1020,2025-05-01 16:13:10,750.74,1.19
2,running,300,0.9,846,2025-05-01 16:13:10,732.05,1.21
3,running,297.41,0.9,1804,2025-05-01 16:13:10,747.41,1.16
4,running,80.81,0.89,2706,2025-05-01 16:13:10,781.4,1.16
5,error,60.0,0.2,0,2025-05-01 16:13:10,691.96,1.24
6,idle,60.0,0.2,0,2025-05-01 16:13:10,768.98,1.2
7,running,130.72,0.49,0,2025-05-01 16:13:10,678.35,1.21
8,running,60,0.6,624,2025-05-01 16:13:10,674.37,1.2
9,running,185.78,0.46,325,2025-05-01 16:13:10,703.45,1.23
10,idle,60.0,0.2,0,2025-05-01 16:13:10,694.92,1.2
1,running,201.88,0.86,1178,2025-05-01 16:13:20,750.75,1.2
2,idle,60.0,0.2,0,2025-05-01 16:13:20,732.05,1.21
3,running,262.97,0.9,2257,2025-05-01 16:13:20,747.42,1.17
4,running,175.51,0.9,2398,2025-05-01 16:13:20,781.4,1.16
5,running,120.83,0.64,453,2025-05-01 16:13:20,691.96,1.24
6,error,60.0,0.2,0,2025-05-01 16:13:20,768.98,1.2
7,running,225.44,0.66,0,2025-05-01 16:13:20,678.35,1.21
8,running,73.17,0.9,61,2025-05-01 16:13:20,674.38,1.21
9,running,211.98,0.9,1257,2025-05-01 16:13:20,703.45,1.23
10,running,90.0,0.24,0,2025-05-01 16:13:20,694.92,1.2
1,idle,60.0,0.2,0,2025-05-01 16:13:30,750.75,1.2
2,running,133.43,0.18,25,2025-05-01 16:13:30,732.05,1.21
3,running,271.95,0.9,1337,2025-05-01 16:13:30,747.42,1.17
4,running,272.12,0.9,2042,2025-05-01 16:13:30,781.41,1.17
5,running,166.5,0.74,157,2025-05-01 16:13:30,691.96,1.24
6,running,60,0.28,0,2025-05-01 16:13:30,768.98,1.2
7,idle,60.0,0.2,0,2025-05-01 16:13:30,678.35,1.21
8,running,97.0,0.9,0,2025-05-01 16:13:30,674.38,1.21
9,running,170.67,0.9,2243,2025-05-01 16:13:30,703.45,1.23
10,running,171.48,0.71,0,2025-05-01 16:13:30,694.92,1.2
1,running,106.07,0.41,959,2025-05-01 16:13:40,750.75,1.2
2,running,92.35,0.13,160,2025-05-01 16:13:40,732.06,1.22
3,running,300,0.9,839,2025-05-01 16:13:40,747.42,1.17
4,idle,60.0,0.2,0,2025-05-01 16:13:40,781.41,1.17
5,running,150.26,0.9,432,2025-05-01 16:13:40,691.97,1.25
6,running,117.64,0.32,709,2025-05-01 16:13:40,768.99,1.21
7,running,78.25,0.22,347,2025-05-01 16:13:40,678.35,1.21
8,running,187.42,0.9,265,2025-05-01 16:13:40,674.38,1.21
9,running,163.84,0.9,2235,2025-05-01 16:13:40,703.46,1.24
10,idle,60.0,0.2,0,2025-05-01 16:13:40,694.92,1.2
1,error,60.0,0.2,0,2025-05-01 16:13:50,750.75,1.2
2,running,77.69,0.33,1144,2025-05-01 16:13:50,732.06,1.22
3,running,300,0.9,1099,2025-05-01 16:13:50,747.43,1.18
4,running,60,0.66,25,2025-05-01 16:13:50,781.41,1.17
5,running,140.95,0.9,1007,2025-05-01 16:13:50,691.97,1.25
6,running,114.04,0.46,95,2025-05-01 16:13:50,768.99,1.21
7,running,135.86,0.23,610,2025-05-01 16:13:50,678.36,1.22
8,running,180.7,0.9,936,2025-05-01 16:13:50,674.39,1.22
9,running,176.55,0.9,2271,2025-05-01 16:13:50,703.46,1.24
10,idle,60.0,0.2,0,2025-05-01 16:13:50,694.92,1.2
1,running,152.7,0.23,0,2025-05-01 16:34:36,750.75,1.2
2,running,155.01,0.71,1539,2025-05-01 16:34:36,732.06,1.22
3,running,300,0.9,875,2025-05-01 16:34:36,747.43,1.18
4,running,150.21,0.9,0,2025-05-01 16:34:36,781.41,1.17
5,running,196.2,0.85,1115,2025-05-01 16:34:36,691.97,1.25
6,error,60.0,0.2,0,2025-05-01 16:34:36,768.99,1.21
7,running,200.62,0.57,1054,2025-05-01 16:34:36,678.36,1.22
8,running,251.92,0.9,634,2025-05-01 16:34:36,674.39,1.22
9,running,181.46,0.9,1456,2025-05-01 16:34:36,703.46,1.24
10,running,60,0.44,847,2025-05-01 16:34:36,694.92,1.2
1,running,237.19,0.3,0,2025-05-01 16:34:46,750.76,1.21
2,running,206.32,0.9,2484,2025-05-01 16:34:46,732.07,1.23
3,running,300,0.9,0,2025-05-01 16:34:46,747.44,1.19
4,running,192.13,0.9,0,2025-05-01 16:34:46,781.42,1.18
5,running,148.9,0.9,883,2025-05-01 16:34:46,691.98,1.26
6,idle,60.0,0.2,0,2025-05-01 16:34:46,768.99,1.21
7,running,270.68,0.58,1829,2025-05-01 16:34:46,678.37,1.23
8,running,209.04,0.9,425,2025-05-01 16:34:46,674.4,1.23
9,running,160.69,0.9,1317,2025-05-01 16:34:46,703.47,1.25
10,running,60,0.9,33,2025-05-01 16:34:46,694.93,1.21
1,running,235.26,0.58,0,2025-05-01 16:34:56,750.76,1.21
2,idle,60.0,0.2,0,2025-05-01 16:34:56,732.07,1.23
3,running,300,0.9,0,2025-05-01 16:34:56,747.44,1.19
4,running,249.49,0.9,0,2025-05-01 16:34:56,781.42,1.18
5,running,145.82,0.86,217,2025-05-01 16:34:56,691.98,1.26
6,idle,60.0,0.2,0,2025-05-01 16:34:56,768.99,1.21
7,running,283.34,0.9,2630,2025-05-01 16:34:56,678.37,1.23
8,running,193.03,0.9,605,2025-05-01 16:34:56,674.4,1.23
9,running,201.41,0.9,1654,2025-05-01 16:34:56,703.47,1.25
10,running,125.64,0.9,386,2025-05-01 16:34:56,694.93,1.21
1,idle,60.0,0.2,0,2025-05-01 16:35:06,750.76,1.21
2,running,104.85,0.61,0,2025-05-01 16:35:06,732.07,1.23
3,running,300,0.9,305,2025-05-01 16:35:06,747.44,1.19
4,running,300,0.9,0,2025-05-01 16:35:06,781.42,1.18
5,running,220.26,0.9,1148,2025-05-01 16:35:06,691.98,1.26
6,running,74.14,0.41,657,2025-05-01 16:35:06,768.99,1.21
7,running,285.87,0.9,2445,2025-05-01 16:35:06,678.37,1.23
8,running,148.18,0.9,1077,2025-05-01 16:35:06,674.4,1.23
9,running,238.87,0.9,1796,2025-05-01 16:35:06,703.47,1.25
10,idle,60.0,0.2,0,2025-05-01 16:35:06,694.93,1.21
1,running,60,0.66,0,2025-05-01 16:35:16,750.76,1.21
2,running,62.78,0.85,464,2025-05-01 16:35:16,732.07,1.23
3,idle,60.0,0.2,0,2025-05-01 16:35:16,747.44,1.19
4,running,300,0.9,0,2025-05-01 16:35:16,781.42,1.18
5,running,206.31,0.9,953,2025-05-01 16:35:16,691.98,1.26
6,running,60,0.49,14,2025-05-01 16:35:16,769.0,1.22
7,running,288.09,0.9,1492,2025-05-01 16:35:16,678.37,1.23
8,running,116.46,0.9,1329,2025-05-01 16:35:16,674.4,1.23
9,idle,60.0,0.2,0,2025-05-01 16:35:16,703.47,1.25
10,running,60,0.54,0,2025-05-01 16:35:16,694.93,1.21
1,idle,60.0,0.2,0,2025-05-01 16:35:26,750.76,1.21
2,error,60.0,0.2,0,2025-05-01 16:35:26,732.07,1.23
3,idle,60.0,0.2,0,2025-05-01 16:35:26,747.44,1.19
4,idle,60.0,0.2,0,2025-05-01 16:35:26,781.42,1.18
5,running,226.02,0.9,106,2025-05-01 16:35:26,691.99,1.27
6,running,144.93,0.71,831,2025-05-01 16:35:26,769.0,1.22
7,running,300,0.9,2028,2025-05-01 16:35:26,678.38,1.24
8,running,77.99,0.9,2091,2025-05-01 16:35:26,674.41,1.24
9,running,148.59,0.56,0,2025-05-01 16:35:26,703.47,1.25
10,running,117.7,0.9,615,2025-05-01 16:35:26,694.93,1.21
1,idle,60.0,0.2,0,2025-05-01 16:35:36,750.76,1.21
2,running,60,0.24,978,2025-05-01 16:35:36,732.07,1.23
3,running,76.87,0.4,0,2025-05-01 16:35:36,747.44,1.19
4,error,60.0,0.2,0,2025-05-01 16:35:36,781.42,1.18
5,running,204.98,0.9,962,2025-05-01 16:35:36,691.99,1.27
6,idle,60.0,0.2,0,2025-05-01 16:35:36,769.0,1.22
7,running,269.1,0.9,1511,2025-05-01 16:35:36,678.38,1.24
8,running,139.84,0.9,2593,2025-05-01 16:35:36,674.41,1.24
9,running,130.96,0.74,0,2025-05-01 16:35:36,703.48,1.26
10,running,91.13,0.9,0,2025-05-01 16:35:36,694.94,1.22
1,running,85.49,0.39,653,2025-05-01 16:35:46,750.76,1.21
2,idle,60.0,0.2,0,2025-05-01 16:35:46,732.07,1.23
3,running,99.32,0.77,0,2025-05-01 16:35:46,747.45,1.2
4,running,94.77,0.5,0,2025-05-01 16:35:46,781.43,1.19
5,running,286.13,0.9,892,2025-05-01 16:35:46,691.99,1.27
6,running,112.82,0.59,0,2025-05-01 16:35:46,769.0,1.22
7,running,285.03,0.9,1957,2025-05-01 16:35:46,678.38,1.24
8,running,235.43,0.9,2945,2025-05-01 16:35:46,674.41,1.24
9,running,194.59,0.76,0,2025-05-01 16:35:46,703.48,1.26
10,idle,60.0,0.2,0,2025-05-01 16:35:46,694.94,1.22
1,running,118.86,0.66,928,2025-05-01 16:35:56,750.77,1.22
2,running,140.34,0.47,0,2025-05-01 16:35:56,732.08,1.24
3,running,189.43,0.9,333,2025-05-01 16:35:56,747.45,1.2
4,running,65.09,0.53,481,2025-05-01 16:35:56,781.43,1.19
5,running,257.37,0.9,1878,2025-05-01 16:35:56,691.99,1.27
6,running,188.12,0.9,178,2025-05-01 16:35:56,769.0,1.22
7,running,274.2,0.9,1550,2025-05-01 16:35:56,678.38,1.24
8,running,281.63,0.9,3003,2025-05-01 16:35:56,674.41,1.24
9,running,226.28,0.9,794,2025-05-01 16:35:56,703.48,1.26
10,running,60,0.18,0,2025-05-01 16:35:56,694.94,1.22
1,running,118.8,0.71,1119,2025-05-01 16:36:06,750.77,1.22
2,running,92.96,0.57,319,2025-05-01 16:36:06,732.08,1.24
3,idle,60.0,0.2,0,2025-05-01 16:36:06,747.45,1.2
4,running,60,0.66,880,2025-05-01 16:36:06,781.43,1.19
5,idle,60.0,0.2,0,2025-05-01 16:36:06,691.99,1.27
6,idle,60.0,0.2,0,2025-05-01 16:36:06,769.0,1.22
7,idle,60.0,0.2,0,2025-05-01 16:36:06,678.38,1.24
8,running,300,0.87,3597,2025-05-01 16:36:06,674.42,1.25
9,running,258.91,0.9,52,2025-05-01 16:36:06,703.48,1.26
10,running,94.62,0.45,981,2025-05-01 16:36:06,694.94,1.22
1,running,77.1,0.9,1582,2025-05-01 16:36:16,750.77,1.22
2,running,127.76,0.75,0,2025-05-01 16:36:16,732.08,1.24
3,running,153.62,0.64,674,2025-05-01 16:36:16,747.45,1.2
4,running,63.55,0.9,1311,2025-05-01 16:36:16,781.43,1.19
5,running,108.64,0.22,0,2025-05-01 16:36:16,692.0,1.28
6,running,60,0.26,0,2025-05-01 16:36:16,769.01,1.23
7,running,60,0.67,21,2025-05-01 16:36:16,678.39,1.25
8,running,300,0.9,4390,2025-05-01 16:36:16,674.42,1.25
9,running,233.06,0.9,0,2025-05-01 16:36:16,703.49,1.27
10,idle,60.0,0.2,0,2025-05-01 16:36:16,694.94,1.22
1,running,167.85,0.9,800,2025-05-01 16:36:26,750.77,1.22
2,running,214.28,0.86,0,2025-05-01 16:36:26,732.08,1.24
3,running,191.76,0.64,437,2025-05-01 16:36:26,747.45,1.2
4,idle,60.0,0.2,0,2025-05-01 16:36:26,781.43,1.19
5,running,176.76,0.34,0,2025-05-01 16:36:26,692.0,1.28
6,running,60,0.33,0,2025-05-01 16:36:26,769.01,1.23
7,running,123.72,0.73,737,2025-05-01 16:36:26,678.39,1.25
8,idle,60.0,0.2,0,2025-05-01 16:36:26,674.42,1.25
9,running,300,0.9,0,2025-05-01 16:36:26,703.49,1.27
10,idle,60.0,0.2,0,2025-05-01 16:36:26,694.94,1.22
1,idle,60.0,0.2,0,2025-05-01 16:36:36,750.77,1.22
2,running,251.89,0.9,0,2025-05-01 16:36:36,732.09,1.25
3,running,146.82,0.9,0,2025-05-01 16:36:36,747.46,1.21
4,running,60,0.58,0,2025-05-01 16:36:36,781.44,1.2
5,error,60.0,0.2,0,2025-05-01 16:36:36,692.0,1.28
6,running,66.8,0.79,709,2025-05-01 16:36:36,769.01,1.23
7,running,201.03,0.9,1709,2025-05-01 16:36:36,678.39,1.25
8,running,123.87,0.32,700,2025-05-01 16:36:36,674.42,1.25
9,running,300,0.9,28,2025-05-01 16:36:36,703.49,1.27
10,running,67.78,0.67,0,2025-05-01 16:36:36,694.94,1.22
1,running,60,0.43,0,2025-05-01 16:36:46,750.78,1.23
2,running,300,0.9,0,2025-05-01 16:36:46,732.09,1.25
3,running,171.21,0.9,0,2025-05-01 16:36:46,747.46,1.21
4,running,139.43,0.8,0,2025-05-01 16:36:46,781.44,1.2
5,running,60,0.69,0,2025-05-01 16:36:46,692.0,1.28
6,running,60,0.81,305,2025-05-01 16:36:46,769.01,1.23
7,running,272.96,0.9,1841,2025-05-01 16:36:46,678.4,1.26
8,running,114.65,0.64,1507,2025-05-01 16:36:46,674.43,1.26
9,running,296.07,0.9,0,2025-05-01 16:36:46,703.5,1.28
10,running,87.62,0.83,30,2025-05-01 16:36:46,694.95,1.23
1,running,60,0.57,255,2025-05-01 16:36:56,750.78,1.23
2,running,254.69,0.9,0,2025-05-01 16:36:56,732.09,1.25
3,running,146.0,0.9,682,2025-05-01 16:36:56,747.46,1.21
4,running,164.92,0.84,976,2025-05-01 16:36:56,781.44,1.2
5,running,144.06,0.9,759,2025-05-01 16:36:56,692.01,1.29
6,running,133.41,0.9,630,2025-05-01 16:36:56,769.02,1.24
7,running,233.02,0.9,2322,2025-05-01 16:36:56,678.4,1.26
8,idle,60.0,0.2,0,2025-05-01 16:36:56,674.43,1.26
9,running,300,0.9,0,2025-05-01 16:36:56,703.5,1.28
10,running,156.6,0.9,331,2025-05-01 16:36:56,694.95,1.23
1,idle,60.0,0.2,0,2025-05-01 16:37:06,750.78,1.23
2,running,291.07,0.9,149,2025-05-01 16:37:06,732.1,1.26
3,running,176.46,0.9,186,2025-05-01 16:37:06,747.47,1.22
4,running,263.99,0.83,861,2025-05-01 16:37:06,781.45,1.21
5,idle,60.0,0.2,0,2025-05-01 16:37:06,692.01,1.29
6,running,220.41,0.9,0,2025-05-01 16:37:06,769.02,1.24
7,running,252.88,0.9,2116,2025-05-01 16:37:06,678.4,1.26
8,running,68.44,0.47,565,2025-05-01 16:37:06,674.43,1.26
9,running,300,0.9,663,2025-05-01 16:37:06,703.5,1.28
10,idle,60.0,0.2,0,2025-05-01 16:37:06,694.95,1.23
1,running,60,0.19,0,2025-05-01 16:37:16,750.78,1.23
2,running,298.83,0.9,550,2025-05-01 16:37:16,732.1,1.26
3,idle,60.0,0.2,0,2025-05-01 16:37:16,747.47,1.22
4,running,300,0.9,1302,2025-05-01 16:37:16,781.45,1.21
5,idle,60.0,0.2,0,2025-05-01 16:37:16,692.01,1.29
6,running,191.5,0.9,659,2025-05-01 16:37:16,769.02,1.24
7,running,260.68,0.9,1289,2025-05-01 16:37:16,678.4,1.26
8,running,99.03,0.83,997,2025-05-01 16:37:16,674.43,1.26
9,idle,60.0,0.2,0,2025-05-01 16:37:16,703.5,1.28
10,running,123.33,0.32,0,2025-05-01 16:37:16,694.95,1.23
1,running,112.62,0.23,707,2025-05-01 16:37:26,750.79,1.24
2,running,300,0.9,1134,2025-05-01 16:37:26,732.1,1.26
3,running,60,0.27,267,2025-05-01 16:37:26,747.47,1.22
4,running,300,0.9,1422,2025-05-01 16:37:26,781.45,1.21
5,running,60,0.62,212,2025-05-01 16:37:26,692.01,1.29
6,running,253.61,0.9,689,2025-05-01 16:37:26,769.03,1.25
7,running,300,0.9,1314,2025-05-01 16:37:26,678.41,1.27
8,running,180.21,0.9,1662,2025-05-01 16:37:26,674.43,1.26
9,error,60.0,0.2,0,2025-05-01 16:37:26,703.5,1.28
10,running,101.54,0.45,517,2025-05-01 16:37:26,694.96,1.24
1,running,92.26,0.54,946,2025-05-01 16:37:36,750.79,1.24
2,idle,60.0,0.2,0,2025-05-01 16:37:36,732.1,1.26
3,running,91.1,0.43,0,2025-05-01 16:37:36,747.47,1.22
4,running,256.67,0.88,1131,2025-05-01 16:37:36,781.45,1.21
5,running,60,0.9,0,2025-05-01 16:37:36,692.01,1.29
6,running,230.78,0.9,170,2025-05-01 16:37:36,769.03,1.25
7,running,300,0.9,1400,2025-05-01 16:37:36,678.41,1.27
8,running,236.02,0.9,1171,2025-05-01 16:37:36,674.44,1.27
9,running,88.06,0.6,973,2025-05-01 16:37:36,703.5,1.28
10,idle,60.0,0.2,0,2025-05-01 16:37:36,694.96,1.24
1,running,186.23,0.75,1634,2025-05-01 16:37:46,750.79,1.24
2,running,60,0.54,594,2025-05-01 16:37:46,732.1,1.26
3,running,60,0.41,730,2025-05-01 16:37:46,747.47,1.22
4,running,244.01,0.9,1752,2025-05-01 16:37:46,781.46,1.22
5,running,73.81,0.9,0,2025-05-01 16:37:46,692.01,1.29
6,running,196.14,0.9,911,2025-05-01 16:37:46,769.03,1.25
7,running,300,0.9,719,2025-05-01 16:37:46,678.41,1.27
8,running,212.05,0.9,325,2025-05-01 16:37:46,674.44,1.27
9,running,187.15,0.83,1055,2025-05-01 16:37:46,703.51,1.29
10,running,123.52,0.36,211,2025-05-01 16:37:46,694.96,1.24
1,error,60.0,0.2,0,2025-05-01 16:37:56,750.79,1.24
2,running,150.61,0.6,347,2025-05-01 16:37:56,732.11,1.27
3,idle,60.0,0.2,0,2025-05-01 16:37:56,747.47,1.22
4,idle,60.0,0.2,0,2025-05-01 16:37:56,781.46,1.22
5,running,130.74,0.86,121,2025-05-01 16:37:56,692.02,1.3
6,running,267.48,0.9,124,2025-05-01 16:37:56,769.03,1.25
7,error,60.0,0.2,0,2025-05-01 16:37:56,678.41,1.27
8,running,262.68,0.87,304,2025-05-01 16:37:56,674.44,1.27
9,running,282.45,0.9,1148,2025-05-01 16:37:56,703.51,1.29
10,running,86.76,0.41,252,2025-05-01 16:37:56,694.96,1.24
1,running,69.4,0.41,0,2025-05-01 16:38:06,750.79,1.24
2,running,193.32,0.9,93,2025-05-01 16:38:06,732.11,1.27
3,idle,60.0,0.2,0,2025-05-01 16:38:06,747.47,1.22
4,running,60,0.3,560,2025-05-01 16:38:06,781.46,1.22
5,idle,60.0,0.2,0,2025-05-01 16:38:06,692.02,1.3
6,running,300,0.9,763,2025-05-01 16:38:06,769.04,1.26
7,running,113.16,0.6,870,2025-05-01 16:38:06,678.42,1.28
8,idle,60.0,0.2,0,2025-05-01 16:38:06,674.44,1.27
9,running,281.16,0.86,634,2025-05-01 16:38:06,703.51,1.29
10,idle,60.0,0.2,0,2025-05-01 16:38:06,694.96,1.24
1,running,60,0.73,0,2025-05-01 16:38:16,750.8,1.25
2,running,285.4,0.89,0,2025-05-01 16:38:16,732.11,1.27
3,running,69.62,0.23,935,2025-05-01 16:38:16,747.48,1.23
4,idle,60.0,0.2,0,2025-05-01 16:38:16,781.46,1.22
5,running,99.03,0.18,0,2025-05-01 16:38:16,692.02,1.3
6,running,290.72,0.9,1344,2025-05-01 16:38:16,769.04,1.26
7,idle,60.0,0.2,0,2025-05-01 16:38:16,678.42,1.28
8,running,148.27,0.33,61,2025-05-01 16:38:16,674.45,1.28
9,idle,60.0,0.2,0,2025-05-01 16:38:16,703.51,1.29
10,running,65.56,0.63,0,2025-05-01 16:38:16,694.96,1.24
1,idle,60.0,0.2,0,2025-05-01 16:38:26,750.8,1.25
2,running,278.72,0.87,0,2025-05-01 16:38:26,732.12,1.28
3,running,66.87,0.64,1788,2025-05-01 16:38:26,747.48,1.23
4,running,120.95,0.21,307,2025-05-01 16:38:26,781.46,1.22
5,idle,60.0,0.2,0,2025-05-01 16:38:26,692.02,1.3
6,error,60.0,0.2,0,2025-05-01 16:38:26,769.04,1.26
7,idle,60.0,0.2,0,2025-05-01 16:38:26,678.42,1.28
8,running,116.66,0.4,595,2025-05-01 16:38:26,674.45,1.28
9,running,150.52,0.66,0,2025-05-01 16:38:26,703.52,1.3
10,running,81.65,0.66,0,2025-05-01 16:38:26,694.97,1.25
1,running,129.54,0.42,0,2025-05-01 16:38:36,750.8,1.25
2,idle,60.0,0.2,0,2025-05-01 16:38:36,732.12,1.28
3,running,99.42,0.75,2673,2025-05-01 16:38:36,747.48,1.23
4,running,185.78,0.18,37,2025-05-01 16:38:36,781.47,1.23
5,running,149.64,0.2,0,2025-05-01 16:38:36,692.02,1.3
6,idle,60.0,0.2,0,2025-05-01 16:38:36,769.04,1.26
7,running,150.96,0.43,0,2025-05-01 16:38:36,678.42,1.28
8,running,122.31,0.39,1046,2025-05-01 16:38:36,674.45,1.28
9,running,112.54,0.9,0,2025-05-01 16:38:36,703.52,1.3
10,running,67.67,0.9,428,2025-05-01 16:38:36,694.97,1.25
1,idle,60.0,0.2,0,2025-05-01 16:38:46,750.8,1.25
2,error,60.0,0.2,0,2025-05-01 16:38:46,732.12,1.28
3,running,149.64,0.9,3238,2025-05-01 16:38:46,747.49,1.24
4,running,242.11,0.61,327,2025-05-01 16:38:46,781.47,1.23
5,running,120.54,0.55,971,2025-05-01 16:38:46,692.03,1.31
6,running,111.04,0.43,402,2025-05-01 16:38:46,769.04,1.26
7,error,60.0,0.2,0,2025-05-01 16:38:46,678.42,1.28
8,running,83.49,0.79,197,2025-05-01 16:38:46,674.45,1.28
9,idle,60.0,0.2,0,2025-05-01 16:38:46,703.52,1.3
10,idle,60.0,0.2,0,2025-05-01 16:38:46,694.97,1.25
1,running,134.28,0.66,0,2025-05-01 16:38:56,750.8,1.25
2,running,103.47,0.33,0,2025-05-01 16:38:56,732.12,1.28
3,running,191.29,0.9,4183,2025-05-01 16:38:56,747.49,1.24
4,running,300,0.86,512,2025-05-01 16:38:56,781.47,1.23
5,running,125.62,0.9,831,2025-05-01 16:38:56,692.03,1.31
6,running,114.4,0.83,0,2025-05-01 16:38:56,769.05,1.27
7,running,68.13,0.54,0,2025-05-01 16:38:56,678.42,1.28
8,running,73.29,0.9,0,2025-05-01 16:38:56,674.46,1.29
9,running,73.2,0.64,536,2025-05-01 16:38:56,703.52,1.3
10,running,60,0.66,0,2025-05-01 16:38:56,694.97,1.25
1,idle,60.0,0.2,0,2025-05-01 16:39:06,750.8,1.25
2,running,90.08,0.58,0,2025-05-01 16:39:06,732.12,1.28
3,running,263.75,0.9,4163,2025-05-01 16:39:06,747.49,1.24
4,running,300,0.9,587,2025-05-01 16:39:06,781.47,1.23
5,running,94.94,0.9,525,2025-05-01 16:39:06,692.03,1.31
6,running,130.37,0.9,0,2025-05-01 16:39:06,769.05,1.27
7,running,72.94,0.77,403,2025-05-01 16:39:06,678.42,1.28
8,running,169.75,0.9,0,2025-05-01 16:39:06,674.46,1.29
9,error,60.0,0.2,0,2025-05-01 16:39:06,703.52,1.3
10,running,60,0.65,0,2025-05-01 16:39:06,694.98,1.26
1,running,100.76,0.59,0,2025-05-01 16:39:16,750.81,1.26
2,running,85.36,0.8,0,2025-05-01 16:39:16,732.12,1.28
3,running,277.53,0.9,4861,2025-05-01 16:39:16,747.49,1.24
4,running,300,0.86,0,2025-05-01 16:39:16,781.48,1.24
5,running,193.44,0.9,884,2025-05-01 16:39:16,692.03,1.31
6,running,111.38,0.9,0,2025-05-01 16:39:16,769.05,1.27
7,idle,60.0,0.2,0,2025-05-01 16:39:16,678.42,1.28
8,running,256.11,0.9,22,2025-05-01 16:39:16,674.46,1.29
9,idle,60.0,0.2,0,2025-05-01 16:39:16,703.52,1.3
10,running,111.95,0.89,0,2025-05-01 16:39:16,694.98,1.26
1,running,62.21,0.74,0,2025-05-01 16:39:26,750.81,1.26
2,idle,60.0,0.2,0,2025-05-01 16:39:26,732.12,1.28
3,running,300,0.9,4794,2025-05-01 16:39:26,747.5,1.25
4,running,258.0,0.86,0,2025-05-01 16:39:26,781.48,1.24
5,idle,60.0,0.2,0,2025-05-01 16:39:26,692.03,1.31
6,running,160.62,0.9,0,2025-05-01 16:39:26,769.05,1.27
7,running,60,0.41,692,2025-05-01 16:39:26,678.43,1.29
8,idle,60.0,0.2,0,2025-05-01 16:39:26,674.46,1.29
9,running,128.9,0.5,24,2025-05-01 16:39:26,703.52,1.3
10,running,175.83,0.9,0,2025-05-01 16:39:26,694.98,1.26
1,running,113.02,0.9,0,2025-05-01 16:39:36,750.81,1.26
2,running,95.16,0.57,0,2025-05-01 16:39:36,732.13,1.29
3,running,300,0.9,5159,2025-05-01 16:39:36,747.5,1.25
4,running,212.58,0.9,0,2025-05-01 16:39:36,781.48,1.24
5,running,102.63,0.3,165,2025-05-01 16:39:36,692.04,1.32
6,running,209.32,0.9,820,2025-05-01 16:39:36,769.06,1.28
7,idle,60.0,0.2,0,2025-05-01 16:39:36,678.43,1.29
8,running,111.91,0.67,0,2025-05-01 16:39:36,674.46,1.29
9,idle,60.0,0.2,0,2025-05-01 16:39:36,703.52,1.3
10,running,273.66,0.9,0,2025-05-01 16:39:36,694.98,1.26
1,running,70.59,0.9,830,2025-05-01 16:39:46,750.81,1.26
2,running,124.66,0.59,0,2025-05-01 16:39:46,732.13,1.29
3,running,300,0.9,5800,2025-05-01 16:39:46,747.5,1.25
4,running,223.87,0.9,864,2025-05-01 16:39:46,781.48,1.24
5,running,147.87,0.69,0,2025-05-01 16:39:46,692.04,1.32
6,running,201.4,0.9,1133,2025-05-01 16:39:46,769.06,1.28
7,running,105.1,0.57,351,2025-05-01 16:39:46,678.43,1.29
8,running,151.9,0.9,0,2025-05-01 16:39:46,674.47,1.3
9,running,151.39,0.35,921,2025-05-01 16:39:46,703.53,1.31
10,running,300,0.9,0,2025-05-01 16:39:46,694.99,1.27
1,running,74.52,0.9,242,2025-05-01 16:39:56,750.82,1.27
2,running,208.27,0.86,344,2025-05-01 16:39:56,732.13,1.29
3,running,275.0,0.9,5861,2025-05-01 16:39:56,747.5,1.25
4,running,228.68,0.9,1133,2025-05-01 16:39:56,781.49,1.25
5,idle,60.0,0.2,0,2025-05-01 16:39:56,692.04,1.32
6,running,159.29,0.9,1651,2025-05-01 16:39:56,769.06,1.28
7,idle,60.0,0.2,0,2025-05-01 16:39:56,678.43,1.29
8,idle,60.0,0.2,0,2025-05-01 16:39:56,674.47,1.3
9,running,132.62,0.68,460,2025-05-01 16:39:56,703.53,1.31
10,idle,60.0,0.2,0,2025-05-01 16:39:56,694.99,1.27
1,idle,60.0,0.2,0,2025-05-01 16:40:06,750.82,1.27
2,running,193.35,0.85,821,2025-05-01 16:40:06,732.13,1.29
3,running,300,0.9,4914,2025-05-01 16:40:06,747.51,1.26
4,running,300,0.9,1461,2025-05-01 16:40:06,781.49,1.25
5,running,60,0.39,387,2025-05-01 16:40:06,692.04,1.32
6,running,119.39,0.9,1950,2025-05-01 16:40:06,769.06,1.28
7,idle,60.0,0.2,0,2025-05-01 16:40:06,678.43,1.29
8,running,129.87,0.35,0,2025-05-01 16:40:06,674.47,1.3
9,running,232.09,0.68,802,2025-05-01 16:40:06,703.53,1.31
10,running,123.6,0.6,0,2025-05-01 16:40:06,694.99,1.27
1,running,62.44,0.55,516,2025-05-01 16:40:16,750.82,1.27
2,running,211.66,0.9,1426,2025-05-01 16:40:16,732.14,1.3
3,running,300,0.9,5777,2025-05-01 16:40:16,747.51,1.26
4,running,274.31,0.9,1022,2025-05-01 16:40:16,781.49,1.25
5,running,63.08,0.43,1333,2025-05-01 16:40:16,692.04,1.32
6,running,193.75,0.9,2474,2025-05-01 16:40:16,769.07,1.29
7,running,146.96,0.22,641,2025-05-01 16:40:16,678.43,1.29
8,running,208.9,0.42,364,2025-05-01 16:40:16,674.47,1.3
9,running,198.06,0.9,730,2025-05-01 16:40:16,703.53,1.31
10,running,173.96,0.57,984,2025-05-01 16:40:16,694.99,1.27
1,idle,60.0,0.2,0,2025-05-01 16:40:26,750.82,1.27
2,running,170.11,0.9,1250,2025-05-01 16:40:26,732.14,1.3
3,running,300,0.9,5575,2025-05-01 16:40:26,747.51,1.26
4,running,300,0.9,840,2025-05-01 16:40:26,781.5,1.26
5,running,142.62,0.78,2206,2025-05-01 16:40:26,692.05,1.33
6,running,276.9,0.9,2510,2025-05-01 16:40:26,769.07,1.29
7,idle,60.0,0.2,0,2025-05-01 16:40:26,678.43,1.29
8,running,242.32,0.4,981,2025-05-01 16:40:26,674.48,1.31
9,running,219.38,0.9,1491,2025-05-01 16:40:26,703.54,1.32
10,running,179.1,0.9,823,2025-05-01 16:40:26,694.99,1.27
1,running,64.0,0.63,0,2025-05-01 16:40:36,750.82,1.27
2,running,128.63,0.9,2220,2025-05-01 16:40:36,732.14,1.3
3,running,255.73,0.9,5937,2025-05-01 16:40:36,747.52,1.27
4,idle,60.0,0.2,0,2025-05-01 16:40:36,781.5,1.26
5,running,197.67,0.89,2910,2025-05-01 16:40:36,692.05,1.33
6,running,274.79,0.9,3244,2025-05-01 16:40:36,769.07,1.29
7,running,114.62,0.42,283,2025-05-01 16:40:36,678.43,1.29
8,running,194.0,0.37,0,2025-05-01 16:40:36,674.48,1.31
9,running,300,0.9,1723,2025-05-01 16:40:36,703.54,1.32
10,running,269.02,0.9,956,2025-05-01 16:40:36,695.0,1.28
1,running,135.49,0.73,0,2025-05-01 16:40:46,750.82,1.27
2,running,87.39,0.9,3210,2025-05-01 16:40:46,732.15,1.31
3,running,281.11,0.9,5060,2025-05-01 16:40:46,747.52,1.27
4,running,67.81,0.51,326,2025-05-01 16:40:46,781.5,1.26
5,running,162.25,0.9,2056,2025-05-01 16:40:46,692.05,1.33
6,running,245.01,0.9,4135,2025-05-01 16:40:46,769.08,1.3
7,running,97.95,0.71,524,2025-05-01 16:40:46,678.44,1.3
8,running,222.43,0.74,456,2025-05-01 16:40:46,674.48,1.31
9,running,300,0.9,942,2025-05-01 16:40:46,703.54,1.32
10,running,265.71,0.9,965,2025-05-01 16:40:46,695.0,1.28
1,idle,60.0,0.2,0,2025-05-01 16:40:56,750.82,1.27
2,running,60,0.9,3191,2025-05-01 16:40:56,732.15,1.31
3,running,300,0.9,4925,2025-05-01 16:40:56,747.52,1.27
4,running,140.04,0.9,1180,2025-05-01 16:40:56,781.5,1.26
5,running,119.5,0.89,1113,2025-05-01 16:40:56,692.06,1.34
6,running,281.21,0.9,4951,2025-05-01 16:40:56,769.08,1.3
7,running,114.2,0.9,1006,2025-05-01 16:40:56,678.44,1.3
8,running,218.08,0.74,952,2025-05-01 16:40:56,674.48,1.31
9,running,279.56,0.9,1626,2025-05-01 16:40:56,703.55,1.33
10,idle,60.0,0.2,0,2025-05-01 16:40:56,695.0,1.28
1,running,60,0.3,403,2025-05-01 16:41:06,750.83,1.28
2,running,144.43,0.9,2878,2025-05-01 16:41:06,732.15,1.31
3,running,284.47,0.9,4285,2025-05-01 16:41:06,747.52,1.27
4,running,156.61,0.9,1051,2025-05-01 16:41:06,781.5,1.26
5,running,94.94,0.9,1082,2025-05-01 16:41:06,692.06,1.34
6,running,241.79,0.9,5303,2025-05-01 16:41:06,769.08,1.3
7,running,64.95,0.9,563,2025-05-01 16:41:06,678.44,1.3
8,running,259.98,0.9,1742,2025-05-01 16:41:06,674.49,1.32
9,running,285.4,0.9,779,2025-05-01 16:41:06,703.55,1.33
10,running,60,0.23,0,2025-05-01 16:41:06,695.0,1.28
1,idle,60.0,0.2,0,2025-05-01 16:41:16,750.83,1.28
2,idle,60.0,0.2,0,2025-05-01 16:41:16,732.15,1.31
3,idle,60.0,0.2,0,2025-05-01 16:41:16,747.52,1.27
4,running,254.23,0.9,61,2025-05-01 16:41:16,781.51,1.27
5,idle,60.0,0.2,0,2025-05-01 16:41:16,692.06,1.34
6,running,236.47,0.9,5971,2025-05-01 16:41:16,769.08,1.3
7,running,102.23,0.9,646,2025-05-01 16:41:16,678.45,1.31
8,running,300,0.9,1507,2025-05-01 16:41:16,674.49,1.32
9,running,300,0.9,1151,2025-05-01 16:41:16,703.55,1.33
10,running,156.07,0.31,0,2025-05-01 16:41:16,695.01,1.29
1,running,60,0.64,734,2025-05-01 16:41:26,750.83,1.28
2,running,62.23,0.5,583,2025-05-01 16:41:26,732.15,1.31
3,running,94.15,0.33,613,2025-05-01 16:41:26,747.53,1.28
4,running,300,0.9,0,2025-05-01 16:41:26,781.51,1.27
5,running,115.4,0.25,0,2025-05-01 16:41:26,692.06,1.34
6,running,299.47,0.9,5405,2025-05-01 16:41:26,769.09,1.31
7,running,98.99,0.9,0,2025-05-01 16:41:26,678.45,1.31
8,running,253.45,0.9,612,2025-05-01 16:41:26,674.49,1.32
9,running,300,0.9,547,2025-05-01 16:41:26,703.55,1.33
10,running,253.01,0.52,0,2025-05-01 16:41:26,695.01,1.29
1,running,60,0.9,335,2025-05-01 16:41:36,750.83,1.28
2,running,60,0.9,342,2025-05-01 16:41:36,732.16,1.32
3,running,60,0.62,0,2025-05-01 16:41:36,747.53,1.28
4,idle,60.0,0.2,0,2025-05-01 16:41:36,781.51,1.27
5,running,156.16,0.64,909,2025-05-01 16:41:36,692.06,1.34
6,running,300,0.9,6081,2025-05-01 16:41:36,769.09,1.31
7,running,60.45,0.9,0,2025-05-01 16:41:36,678.45,1.31
8,idle,60.0,0.2,0,2025-05-01 16:41:36,674.49,1.32
9,running,300,0.9,1068,2025-05-01 16:41:36,703.56,1.34
10,running,211.31,0.9,155,2025-05-01 16:41:36,695.01,1.29
1,running,60,0.86,396,2025-05-01 16:41:46,750.84,1.29
2,running,115.23,0.9,837,2025-05-01 16:41:46,732.16,1.32
3,running,60,0.9,606,2025-05-01 16:41:46,747.53,1.28
4,running,141.67,0.69,0,2025-05-01 16:41:46,781.51,1.27
5,running,219.13,0.9,844,2025-05-01 16:41:46,692.07,1.35
6,running,300,0.9,5280,2025-05-01 16:41:46,769.09,1.31
7,running,122.88,0.9,0,2025-05-01 16:41:46,678.45,1.31
8,running,60,0.17,891,2025-05-01 16:41:46,674.5,1.33
9,idle,60.0,0.2,0,2025-05-01 16:41:46,703.56,1.34
10,running,278.31,0.9,62,2025-05-01 16:41:46,695.01,1.29
1,running,110.1,0.9,711,2025-05-01 16:41:56,750.84,1.29
2,running,111.84,0.9,1295,2025-05-01 16:41:56,732.16,1.32
3,running,86.46,0.86,0,2025-05-01 16:41:56,747.54,1.29
4,running,225.84,0.9,0,2025-05-01 16:41:56,781.52,1.28
5,running,288.26,0.9,681,2025-05-01 16:41:56,692.07,1.35
6,running,300,0.9,5451,2025-05-01 16:41:56,769.1,1.32
7,running,170.26,0.9,0,2025-05-01 16:41:56,678.46,1.32
8,idle,60.0,0.2,0,2025-05-01 16:41:56,674.5,1.33
9,running,90.82,0.26,240,2025-05-01 16:41:56,703.56,1.34
10,running,232.54,0.9,0,2025-05-01 16:41:56,695.02,1.3
1,running,146.53,0.9,1011,2025-05-01 16:42:06,750.84,1.29
2,running,211.2,0.9,711,2025-05-01 16:42:06,732.17,1.33
3,idle,60.0,0.2,0,2025-05-01 16:42:06,747.54,1.29
4,running,300,0.9,711,2025-05-01 16:42:06,781.52,1.28
5,running,300,0.9,370,2025-05-01 16:42:06,692.07,1.35
6,idle,60.0,0.2,0,2025-05-01 16:42:06,769.1,1.32
7,idle,60.0,0.2,0,2025-05-01 16:42:06,678.46,1.32
8,running,69.26,0.29,0,2025-05-01 16:42:06,674.5,1.33
9,running,137.71,0.45,0,2025-05-01 16:42:06,703.56,1.34
10,running,292.15,0.9,536,2025-05-01 16:42:06,695.02,1.3
1,running,220.1,0.9,208,2025-05-01 16:42:16,750.84,1.29
2,running,230.3,0.9,0,2025-05-01 16:42:16,732.17,1.33
3,running,135.23,0.68,178,2025-05-01 16:42:16,747.54,1.29
4,running,300,0.9,1692,2025-05-01 16:42:16,781.52,1.28
5,idle,60.0,0.2,0,2025-05-01 16:42:16,692.07,1.35
6,running,107.12,0.27,124,2025-05-01 16:42:16,769.1,1.32
7,running,75.98,0.69,0,2025-05-01 16:42:16,678.46,1.32
8,idle,60.0,0.2,0,2025-05-01 16:42:16,674.5,1.33
9,idle,60.0,0.2,0,2025-05-01 16:42:16,703.56,1.34
10,running,300,0.9,509,2025-05-01 16:42:16,695.02,1.3
1,running,180.48,0.9,0,2025-05-01 16:42:26,750.85,1.3
2,running,300,0.9,334,2025-05-01 16:42:26,732.17,1.33
3,idle,60.0,0.2,0,2025-05-01 16:42:26,747.54,1.29
4,idle,60.0,0.2,0,2025-05-01 16:42:26,781.52,1.28
5,running,148.96,0.24,295,2025-05-01 16:42:26,692.08,1.36
6,idle,60.0,0.2,0,2025-05-01 16:42:26,769.1,1.32
7,running,80.06,0.9,0,2025-05-01 16:42:26,678.46,1.32
8,running,116.17,0.61,0,2025-05-01 16:42:26,674.5,1.33
9,running,77.91,0.3,22,2025-05-01 16:42:26,703.57,1.35
10,error,60.0,0.2,0,2025-05-01 16:42:26,695.02,1.3
1,idle,60.0,0.2,0,2025-05-01 16:42:36,750.85,1.3
2,running,300,0.9,1010,2025-05-01 16:42:36,732.17,1.33
3,running,150.09,0.46,900,2025-05-01 16:42:36,747.54,1.29
4,running,60,0.59,846,2025-05-01 16:42:36,781.52,1.28
5,running,172.72,0.59,0,2025-05-01 16:42:36,692.08,1.36
6,running,106.9,0.52,777,2025-05-01 16:42:36,769.1,1.32
7,running,65.08,0.9,706,2025-05-01 16:42:36,678.47,1.33
8,idle,60.0,0.2,0,2025-05-01 16:42:36,674.5,1.33
9,running,148.33,0.32,0,2025-05-01 16:42:36,703.57,1.35
10,running,60,0.68,492,2025-05-01 16:42:36,695.03,1.31
1,running,62.82,0.7,612,2025-05-01 16:42:46,750.85,1.3
2,running,297.56,0.9,1682,2025-05-01 16:42:46,732.18,1.34
3,idle,60.0,0.2,0,2025-05-01 16:42:46,747.54,1.29
4,running,113.95,0.65,1534,2025-05-01 16:42:46,781.53,1.29
5,running,217.16,0.9,778,2025-05-01 16:42:46,692.08,1.36
6,running,179.98,0.54,1005,2025-05-01 16:42:46,769.1,1.32
7,idle,60.0,0.2,0,2025-05-01 16:42:46,678.47,1.33
8,running,111.89,0.39,683,2025-05-01 16:42:46,674.5,1.33
9,idle,60.0,0.2,0,2025-05-01 16:42:46,703.57,1.35
10,idle,60.0,0.2,0,2025-05-01 16:42:46,695.03,1.31
1,running,147.32,0.88,1343,2025-05-01 16:42:56,750.85,1.3
2,error,60.0,0.2,0,2025-05-01 16:42:56,732.18,1.34
3,running,82.95,0.66,979,2025-05-01 16:42:56,747.54,1.29
4,running,173.03,0.78,1580,2025-05-01 16:42:56,781.53,1.29
5,running,231.72,0.9,847,2025-05-01 16:42:56,692.08,1.36
6,running,140.89,0.53,711,2025-05-01 16:42:56,769.11,1.33
7,running,147.32,0.27,246,2025-05-01 16:42:56,678.47,1.33
8,running,191.7,0.87,156,2025-05-01 16:42:56,674.51,1.34
9,running,60,0.24,0,2025-05-01 16:42:56,703.57,1.35
10,idle,60.0,0.2,0,2025-05-01 16:42:56,695.03,1.31
1,running,167.93,0.9,1138,2025-05-01 16:43:06,750.86,1.31
2,running,60,0.51,0,2025-05-01 16:43:06,732.18,1.34
3,running,70.13,0.9,1892,2025-05-01 16:43:06,747.55,1.3
4,running,169.18,0.9,908,2025-05-01 16:43:06,781.53,1.29
5,idle,60.0,0.2,0,2025-05-01 16:43:06,692.08,1.36
6,running,191.91,0.69,560,2025-05-01 16:43:06,769.11,1.33
7,running,111.26,0.37,0,2025-05-01 16:43:06,678.47,1.33
8,running,200.63,0.9,0,2025-05-01 16:43:06,674.51,1.34
9,running,137.99,0.35,548,2025-05-01 16:43:06,703.57,1.35
10,running,60,0.23,731,2025-05-01 16:43:06,695.03,1.31
1,running,127.85,0.9,1937,2025-05-01 16:43:16,750.86,1.31
2,running,60,0.71,0,2025-05-01 16:43:16,732.18,1.34
3,running,87.8,0.89,1140,2025-05-01 16:43:16,747.55,1.3
4,error,60.0,0.2,0,2025-05-01 16:43:16,781.53,1.29
5,running,112.91,0.48,0,2025-05-01 16:43:16,692.09,1.37
6,running,180.35,0.85,1151,2025-05-01 16:43:16,769.11,1.33
7,idle,60.0,0.2,0,2025-05-01 16:43:16,678.47,1.33
8,running,193.11,0.9,248,2025-05-01 16:43:16,674.51,1.34
9,running,112.56,0.82,298,2025-05-01 16:43:16,703.58,1.36
10,running,60,0.31,1522,2025-05-01 16:43:16,695.03,1.31
1,running,113.23,0.9,1264,2025-05-01 16:43:26,750.86,1.31
2,running,152.42,0.9,707,2025-05-01 16:43:26,732.18,1.34
3,running,97.9,0.9,1397,2025-05-01 16:43:26,747.55,1.3
4,running,60,0.67,0,2025-05-01 16:43:26,781.53,1.29
5,running,91.11,0.83,0,2025-05-01 16:43:26,692.09,1.37
6,idle,60.0,0.2,0,2025-05-01 16:43:26,769.11,1.33
7,running,60,0.18,0,2025-05-01 16:43:26,678.47,1.33
8,running,271.85,0.85,0,2025-05-01 16:43:26,674.51,1.34
9,error,60.0,0.2,0,2025-05-01 16:43:26,703.58,1.36
10,running,60,0.39,1272,2025-05-01 16:43:26,695.03,1.31
1,running,134.1,0.9,1945,2025-05-01 16:43:36,750.86,1.31
2,running,227.21,0.9,0,2025-05-01 16:43:36,732.19,1.35
3,running,124.84,0.9,1683,2025-05-01 16:43:36,747.55,1.3
4,running,151.77,0.88,246,2025-05-01 16:43:36,781.54,1.3
5,running,60,0.9,532,2025-05-01 16:43:36,692.09,1.37
6,running,60,0.39,337,2025-05-01 16:43:36,769.11,1.33
7,running,119.93,0.48,233,2025-05-01 16:43:36,678.48,1.34
8,running,300,0.8,928,2025-05-01 16:43:36,674.52,1.35
9,running,70.96,0.55,0,2025-05-01 16:43:36,703.58,1.36
10,running,102.76,0.64,437,2025-05-01 16:43:36,695.04,1.32
1,running,114.99,0.9,1258,2025-05-01 16:43:46,750.87,1.32
2,running,188.04,0.9,395,2025-05-01 16:43:46,732.19,1.35
3,running,108.85,0.9,1002,2025-05-01 16:43:46,747.56,1.31
4,idle,60.0,0.2,0,2025-05-01 16:43:46,781.54,1.3
5,idle,60.0,0.2,0,2025-05-01 16:43:46,692.09,1.37
6,idle,60.0,0.2,0,2025-05-01 16:43:46,769.11,1.33
7,running,87.54,0.47,0,2025-05-01 16:43:46,678.48,1.34
8,running,289.3,0.9,1001,2025-05-01 16:43:46,674.52,1.35
9,running,157.89,0.68,0,2025-05-01 16:43:46,703.58,1.36
10,running,202.24,0.88,0,2025-05-01 16:43:46,695.04,1.32
1,running,74.6,0.9,1764,2025-05-01 16:43:56,750.87,1.32
2,idle,60.0,0.2,0,2025-05-01 16:43:56,732.19,1.35
3,running,191.26,0.9,187,2025-05-01 16:43:56,747.56,1.31
4,running,134.49,0.66,915,2025-05-01 16:43:56,781.54,1.3
5,running,158.41,0.19,523,2025-05-01 16:43:56,692.09,1.37
6,running,81.14,0.35,0,2025-05-01 16:43:56,769.12,1.34
7,idle,60.0,0.2,0,2025-05-01 16:43:56,678.48,1.34
8,running,247.35,0.9,198,2025-05-01 16:43:56,674.52,1.35
9,running,201.22,0.83,0,2025-05-01 16:43:56,703.58,1.36
10,error,60.0,0.2,0,2025-05-01 16:43:56,695.04,1.32
1,running,63.99,0.9,1180,2025-05-01 16:44:06,750.87,1.32
2,running,126.45,0.67,0,2025-05-01 16:44:06,732.19,1.35
3,running,171.22,0.9,0,2025-05-01 16:44:06,747.56,1.31
4,running,177.37,0.88,1137,2025-05-01 16:44:06,781.54,1.3
5,idle,60.0,0.2,0,2025-05-01 16:44:06,692.09,1.37
6,running,60,0.63,802,2025-05-01 16:44:06,769.12,1.34
7,running,132.84,0.27,0,2025-05-01 16:44:06,678.48,1.34
8,idle,60.0,0.2,0,2025-05-01 16:44:06,674.52,1.35
9,running,256.02,0.9,34,2025-05-01 16:44:06,703.59,1.37
10,running,80.9,0.57,864,2025-05-01 16:44:06,695.04,1.32
1,running,60,0.9,567,2025-05-01 16:44:16,750.87,1.32
2,idle,60.0,0.2,0,2025-05-01 16:44:16,732.19,1.35
3,running,172.17,0.9,0,2025-05-01 16:44:16,747.57,1.32
4,running,131.93,0.83,2033,2025-05-01 16:44:16,781.55,1.31
5,running,94.53,0.4,0,2025-05-01 16:44:16,692.1,1.38
6,running,121.54,0.6,0,2025-05-01 16:44:16,769.12,1.34
7,running,184.07,0.36,516,2025-05-01 16:44:16,678.48,1.34
8,running,105.39,0.61,0,2025-05-01 16:44:16,674.53,1.36
9,running,240.06,0.9,0,2025-05-01 16:44:16,703.59,1.37
10,running,116.33,0.62,389,2025-05-01 16:44:16,695.04,1.32
1,running,89.92,0.9,196,2025-05-01 16:44:26,750.88,1.33
2,running,136.81,0.17,0,2025-05-01 16:44:26,732.2,1.36
3,running,134.11,0.9,0,2025-05-01 16:44:26,747.57,1.32
4,running,141.41,0.9,2020,2025-05-01 16:44:26,781.55,1.31
5,running,154.04,0.58,0,2025-05-01 16:44:26,692.1,1.38
6,running,148.8,0.9,0,2025-05-01 16:44:26,769.13,1.35
7,idle,60.0,0.2,0,2025-05-01 16:44:26,678.48,1.34
8,running,68.76,0.86,735,2025-05-01 16:44:26,674.53,1.36
9,idle,60.0,0.2,0,2025-05-01 16:44:26,703.59,1.37
10,running,94.04,0.9,0,2025-05-01 16:44:26,695.05,1.33
1,running,60,0.9,0,2025-05-01 16:44:36,750.88,1.33
2,running,192.87,0.3,881,2025-05-01 16:44:36,732.2,1.36
3,running,141.43,0.86,0,2025-05-01 16:44:36,747.57,1.32
4,running,125.5,0.9,1312,2025-05-01 16:44:36,781.55,1.31
5,running,242.23,0.86,780,2025-05-01 16:44:36,692.1,1.38
6,running,210.8,0.9,203,2025-05-01 16:44:36,769.13,1.35
7,running,113.85,0.61,224,2025-05-01 16:44:36,678.49,1.35
8,running,79.89,0.83,0,2025-05-01 16:44:36,674.53,1.36
9,running,60,0.65,0,2025-05-01 16:44:36,703.59,1.37
10,running,93.23,0.9,0,2025-05-01 16:44:36,695.05,1.33
1,running,64.04,0.9,435,2025-05-01 16:44:47,750.88,1.33
2,running,284.33,0.74,373,2025-05-01 16:44:47,732.2,1.36
3,running,165.93,0.9,556,2025-05-01 16:44:47,747.57,1.32
4,idle,60.0,0.2,0,2025-05-01 16:44:47,781.55,1.31
5,running,260.17,0.9,1513,2025-05-01 16:44:47,692.11,1.39
6,running,277.17,0.9,936,2025-05-01 16:44:47,769.13,1.35
7,running,153.2,0.59,48,2025-05-01 16:44:47,678.49,1.35
8,running,131.08,0.83,0,2025-05-01 16:44:47,674.53,1.36
9,running,124.86,0.9,971,2025-05-01 16:44:47,703.6,1.38
10,running,60,0.9,0,2025-05-01 16:44:47,695.05,1.33
1,running,82.18,0.9,240,2025-05-01 16:44:57,750.89,1.34
2,running,300,0.88,0,2025-05-01 16:44:57,732.2,1.36
3,running,248.9,0.9,1449,2025-05-01 16:44:57,747.58,1.33
4,running,60,0.39,220,2025-05-01 16:44:57,781.55,1.31
5,running,233.83,0.9,1261,2025-05-01 16:44:57,692.11,1.39
6,running,300,0.9,445,2025-05-01 16:44:57,769.13,1.35
7,running,158.93,0.9,719,2025-05-01 16:44:57,678.49,1.35
8,error,60.0,0.2,0,2025-05-01 16:44:57,674.53,1.36
9,running,171.45,0.9,1396,2025-05-01 16:44:57,703.6,1.38
10,running,60,0.9,0,2025-05-01 16:44:57,695.06,1.34
1,idle,60.0,0.2,0,2025-05-01 16:45:07,750.89,1.34
2,running,300,0.9,0,2025-05-01 16:45:07,732.21,1.37
3,error,60.0,0.2,0,2025-05-01 16:45:07,747.58,1.33
4,running,126.49,0.85,0,2025-05-01 16:45:07,781.56,1.32
5,idle,60.0,0.2,0,2025-05-01 16:45:07,692.11,1.39
6,running,300,0.9,1142,2025-05-01 16:45:07,769.14,1.36
7,running,158.03,0.88,37,2025-05-01 16:45:07,678.5,1.36
8,idle,60.0,0.2,0,2025-05-01 16:45:07,674.53,1.36
9,running,256.92,0.89,2199,2025-05-01 16:45:07,703.6,1.38
10,running,61.39,0.9,200,2025-05-01 16:45:07,695.06,1.34
1,running,61.2,0.45,0,2025-05-01 16:45:17,750.89,1.34
2,error,60.0,0.2,0,2025-05-01 16:45:17,732.21,1.37
3,running,114.05,0.65,0,2025-05-01 16:45:17,747.58,1.33
4,error,60.0,0.2,0,2025-05-01 16:45:17,781.56,1.32
5,running,60,0.46,771,2025-05-01 16:45:17,692.11,1.39
6,running,300,0.9,783,2025-05-01 16:45:17,769.14,1.36
7,running,116.77,0.9,475,2025-05-01 16:45:17,678.5,1.36
8,idle,60.0,0.2,0,2025-05-01 16:45:17,674.53,1.36
9,error,60.0,0.2,0,2025-05-01 16:45:17,703.6,1.38
10,running,110.92,0.9,0,2025-05-01 16:45:17,695.06,1.34
1,running,77.41,0.85,933,2025-05-01 16:45:27,750.89,1.34
2,running,60,0.18,0,2025-05-01 16:45:27,732.21,1.37
3,running,135.74,0.83,528,2025-05-01 16:45:27,747.58,1.33
4,running,107.56,0.53,0,2025-05-01 16:45:27,781.56,1.32
5,running,65.13,0.53,0,2025-05-01 16:45:27,692.11,1.39
6,running,286.74,0.9,820,2025-05-01 16:45:27,769.14,1.36
7,running,109.83,0.9,1010,2025-05-01 16:45:27,678.5,1.36
8,error,60.0,0.2,0,2025-05-01 16:45:27,674.53,1.36
9,running,60,0.58,0,2025-05-01 16:45:27,703.6,1.38
10,running,97.76,0.9,385,2025-05-01 16:45:27,695.06,1.34
1,running,163.72,0.9,473,2025-05-01 16:45:37,750.89,1.34
2,running,60,0.64,571,2025-05-01 16:45:37,732.21,1.37
3,running,158.86,0.9,708,2025-05-01 16:45:37,747.59,1.34
4,idle,60.0,0.2,0,2025-05-01 16:45:37,781.56,1.32
5,running,70.51,0.63,0,2025-05-01 16:45:37,692.12,1.4
6,running,300,0.9,1264,2025-05-01 16:45:37,769.15,1.37
7,running,202.35,0.9,1176,2025-05-01 16:45:37,678.5,1.36
8,running,108.9,0.58,0,2025-05-01 16:45:37,674.54,1.37
9,running,60,0.9,0,2025-05-01 16:45:37,703.61,1.39
10,idle,60.0,0.2,0,2025-05-01 16:45:37,695.06,1.34
1,running,245.15,0.9,1431,2025-05-01 16:45:47,750.9,1.35
2,running,150.04,0.81,74,2025-05-01 16:45:47,732.22,1.38
3,idle,60.0,0.2,0,2025-05-01 16:45:47,747.59,1.34
4,idle,60.0,0.2,0,2025-05-01 16:45:47,781.56,1.32
5,running,155.83,0.9,0,2025-05-01 16:45:47,692.12,1.4
6,running,286.97,0.9,589,2025-05-01 16:45:47,769.15,1.37
7,running,220.31,0.9,1142,2025-05-01 16:45:47,678.51,1.37
8,running,69.08,0.9,950,2025-05-01 16:45:47,674.54,1.37
9,running,128.89,0.9,0,2025-05-01 16:45:47,703.61,1.39
10,idle,60.0,0.2,0,2025-05-01 16:45:47,695.06,1.34
1,running,262.05,0.9,1837,2025-05-01 16:45:57,750.9,1.35
2,running,227.49,0.9,0,2025-05-01 16:45:57,732.22,1.38
3,running,154.52,0.59,0,2025-05-01 16:45:57,747.59,1.34
4,running,67.89,0.66,0,2025-05-01 16:45:57,781.56,1.32
5,running,251.21,0.9,0,2025-05-01 16:45:57,692.12,1.4
6,error,60.0,0.2,0,2025-05-01 16:45:57,769.15,1.37
7,running,300,0.9,538,2025-05-01 16:45:57,678.51,1.37
8,running,98.18,0.9,1718,2025-05-01 16:45:57,674.54,1.37
9,running,152.11,0.9,96,2025-05-01 16:45:57,703.61,1.39
10,error,60.0,0.2,0,2025-05-01 16:45:57,695.06,1.34
1,running,221.57,0.9,2143,2025-05-01 16:46:07,750.9,1.35
2,running,290.03,0.9,0,2025-05-01 16:46:07,732.22,1.38
3,running,198.76,0.9,806,2025-05-01 16:46:07,747.59,1.34
4,running,60,0.65,0,2025-05-01 16:46:07,781.57,1.33
5,running,233.45,0.9,0,2025-05-01 16:46:07,692.13,1.41
6,running,142.61,0.55,436,2025-05-01 16:46:07,769.15,1.37
7,running,259.53,0.9,108,2025-05-01 16:46:07,678.51,1.37
8,running,75.43,0.9,1036,2025-05-01 16:46:07,674.55,1.38
9,running,155.33,0.9,381,2025-05-01 16:46:07,703.62,1.4
10,running,60,0.56,0,2025-05-01 16:46:07,695.07,1.35
1,running,187.64,0.9,1190,2025-05-01 16:46:17,750.91,1.36
2,running,300,0.9,748,2025-05-01 16:46:17,732.22,1.38
3,idle,60.0,0.2,0,2025-05-01 16:46:17,747.59,1.34
4,running,60,0.9,0,2025-05-01 16:46:17,781.57,1.33
5,idle,60.0,0.2,0,2025-05-01 16:46:17,692.13,1.41
6,running,161.93,0.77,1172,2025-05-01 16:46:17,769.15,1.37
7,running,220.51,0.9,0,2025-05-01 16:46:17,678.52,1.38
8,running,77.07,0.9,1221,2025-05-01 16:46:17,674.55,1.38
9,running,208.32,0.9,563,2025-05-01 16:46:17,703.62,1.4
10,idle,60.0,0.2,0,2025-05-01 16:46:17,695.07,1.35
1,running,185.3,0.9,893,2025-05-01 16:46:27,750.91,1.36
2,running,286.43,0.9,1212,2025-05-01 16:46:27,732.23,1.39
3,running,60,0.32,0,2025-05-01 16:46:27,747.59,1.34
4,running,60,0.9,685,2025-05-01 16:46:27,781.57,1.33
5,running,101.14,0.19,0,2025-05-01 16:46:27,692.13,1.41
6,running,201.89,0.9,409,2025-05-01 16:46:27,769.16,1.38
7,running,179.13,0.9,370,2025-05-01 16:46:27,678.52,1.38
8,running,169.9,0.85,1386,2025-05-01 16:46:27,674.55,1.38
9,running,188.27,0.9,863,2025-05-01 16:46:27,703.62,1.4
10,running,79.11,0.44,759,2025-05-01 16:46:27,695.07,1.35
1,running,238.26,0.9,101,2025-05-01 16:46:37,750.91,1.36
2,running,300,0.9,2026,2025-05-01 16:46:37,732.23,1.39
3,running,130.26,0.73,412,2025-05-01 16:46:37,747.6,1.35
4,running,105.93,0.9,93,2025-05-01 16:46:37,781.57,1.33
5,idle,60.0,0.2,0,2025-05-01 16:46:37,692.13,1.41
6,running,184.48,0.9,29,2025-05-01 16:46:37,769.16,1.38
7,running,150.82,0.9,456,2025-05-01 16:46:37,678.52,1.38
8,idle,60.0,0.2,0,2025-05-01 16:46:37,674.55,1.38
9,running,234.01,0.9,701,2025-05-01 16:46:37,703.62,1.4
10,running,60,0.65,544,2025-05-01 16:46:37,695.07,1.35
1,running,222.67,0.9,587,2025-05-01 16:46:47,750.91,1.36
2,error,60.0,0.2,0,2025-05-01 16:46:47,732.23,1.39
3,running,141.22,0.9,1194,2025-05-01 16:46:47,747.6,1.35
4,idle,60.0,0.2,0,2025-05-01 16:46:47,781.57,1.33
5,idle,60.0,0.2,0,2025-05-01 16:46:47,692.13,1.41
6,running,183.75,0.9,327,2025-05-01 16:46:47,769.16,1.38
7,running,137.86,0.9,82,2025-05-01 16:46:47,678.52,1.38
8,running,77.92,0.43,146,2025-05-01 16:46:47,674.55,1.38
9,idle,60.0,0.2,0,2025-05-01 16:46:47,703.62,1.4
10,running,105.3,0.9,0,2025-05-01 16:46:47,695.08,1.36
1,running,195.25,0.9,580,2025-05-01 16:46:57,750.92,1.37
2,running,81.5,0.24,270,2025-05-01 16:46:57,732.23,1.39
3,running,119.36,0.9,1837,2025-05-01 16:46:57,747.6,1.35
4,idle,60.0,0.2,0,2025-05-01 16:46:57,781.57,1.33
5,idle,60.0,0.2,0,2025-05-01 16:46:57,692.13,1.41
6,running,257.1,0.85,594,2025-05-01 16:46:57,769.16,1.38
7,running,150.03,0.85,0,2025-05-01 16:46:57,678.53,1.39
8,running,60,0.4,0,2025-05-01 16:46:57,674.56,1.39
9,running,157.87,0.5,0,2025-05-01 16:46:57,703.63,1.41
10,running,143.24,0.9,0,2025-05-01 16:46:57,695.08,1.36
1,running,170.37,0.9,922,2025-05-01 16:47:07,750.92,1.37
2,running,179.7,0.35,561,2025-05-01 16:47:07,732.23,1.39
3,running,123.81,0.9,866,2025-05-01 16:47:07,747.6,1.35
4,running,67.77,0.51,938,2025-05-01 16:47:07,781.58,1.34
5,running,100.95,0.53,0,2025-05-01 16:47:07,692.13,1.41
6,running,268.19,0.9,775,2025-05-01 16:47:07,769.17,1.39
7,running,181.97,0.9,0,2025-05-01 16:47:07,678.53,1.39
8,running,60,0.68,157,2025-05-01 16:47:07,674.56,1.39
9,running,179.45,0.6,548,2025-05-01 16:47:07,703.63,1.41
10,running,162.83,0.9,0,2025-05-01 16:47:07,695.08,1.36
1,running,234.02,0.9,1223,2025-05-01 16:47:17,750.92,1.37
2,running,213.61,0.71,1061,2025-05-01 16:47:17,732.24,1.4
3,running,115.1,0.9,1178,2025-05-01 16:47:17,747.61,1.36
4,idle,60.0,0.2,0,2025-05-01 16:47:17,781.58,1.34
5,running,91.67,0.65,0,2025-05-01 16:47:17,692.13,1.41
6,running,285.83,0.9,0,2025-05-01 16:47:17,769.17,1.39
7,running,186.46,0.9,0,2025-05-01 16:47:17,678.53,1.39
8,running,138.62,0.88,15,2025-05-01 16:47:17,674.56,1.39
9,running,194.0,0.9,0,2025-05-01 16:47:17,703.63,1.41
10,running,187.19,0.9,0,2025-05-01 16:47:17,695.08,1.36
1,error,60.0,0.2,0,2025-05-01 16:47:27,750.92,1.37
2,running,230.89,0.9,1153,2025-05-01 16:47:27,732.24,1.4
3,running,111.65,0.9,1815,2025-05-01 16:47:27,747.61,1.36
4,idle,60.0,0.2,0,2025-05-01 16:47:27,781.58,1.34
5,running,122.98,0.62,0,2025-05-01 16:47:27,692.14,1.42
6,running,282.28,0.9,85,2025-05-01 16:47:27,769.17,1.39
7,running,140.0,0.9,37,2025-05-01 16:47:27,678.53,1.39
8,running,149.65,0.83,662,2025-05-01 16:47:27,674.56,1.39
9,running,236.2,0.9,0,2025-05-01 16:47:27,703.63,1.41
10,running,209.24,0.9,84,2025-05-01 16:47:27,695.09,1.37
1,running,60,0.5,861,2025-05-01 16:47:37,750.92,1.37
2,error,60.0,0.2,0,2025-05-01 16:47:37,732.24,1.4
3,running,194.57,0.9,1053,2025-05-01 16:47:37,747.61,1.36
4,running,83.9,0.5,701,2025-05-01 16:47:37,781.58,1.34
5,running,217.99,0.9,0,2025-05-01 16:47:37,692.14,1.42
6,running,255.19,0.9,376,2025-05-01 16:47:37,769.18,1.4
7,idle,60.0,0.2,0,2025-05-01 16:47:37,678.53,1.39
8,running,244.49,0.9,161,2025-05-01 16:47:37,674.57,1.4
9,running,203.25,0.9,0,2025-05-01 16:47:37,703.64,1.42
10,running,212.19,0.86,999,2025-05-01 16:47:37,695.09,1.37
1,running,100.43,0.9,0,2025-05-01 16:47:47,750.93,1.38
2,running,119.34,0.5,823,2025-05-01 16:47:47,732.24,1.4
3,running,215.15,0.9,1530,2025-05-01 16:47:47,747.62,1.37
4,running,99.98,0.69,1032,2025-05-01 16:47:47,781.58,1.34
5,error,60.0,0.2,0,2025-05-01 16:47:47,692.14,1.42
6,running,249.38,0.9,0,2025-05-01 16:47:47,769.18,1.4
7,running,109.35,0.65,995,2025-05-01 16:47:47,678.54,1.4
8,running,226.5,0.9,683,2025-05-01 16:47:47,674.57,1.4
9,running,248.41,0.9,732,2025-05-01 16:47:47,703.64,1.42
10,idle,60.0,0.2,0,2025-05-01 16:47:47,695.09,1.37
1,error,60.0,0.2,0,2025-05-01 16:47:57,750.93,1.38
2,running,209.1,0.76,1032,2025-05-01 16:47:57,732.25,1.41
3,running,206.1,0.9,1033,2025-05-01 16:47:57,747.62,1.37
4,running,133.39,0.65,995,2025-05-01 16:47:57,781.58,1.34
5,running,121.87,0.54,0,2025-05-01 16:47:57,692.14,1.42
6,idle,60.0,0.2,0,2025-05-01 16:47:57,769.18,1.4
7,running,102.91,0.9,1767,2025-05-01 16:47:57,678.54,1.4
8,running,285.92,0.9,1162,2025-05-01 16:47:57,674.57,1.4
9,running,212.87,0.9,1699,2025-05-01 16:47:57,703.64,1.42
10,running,82.06,0.25,0,2025-05-01 16:47:57,695.09,1.37
1,running,60,0.62,0,2025-05-01 16:48:07,750.93,1.38
2,running,241.17,0.9,228,2025-05-01 16:48:07,732.25,1.41
3,running,181.36,0.9,586,2025-05-01 16:48:07,747.62,1.37
4,running,175.08,0.89,453,2025-05-01 16:48:07,781.59,1.35
5,running,188.58,0.9,0,2025-05-01 16:48:07,692.14,1.42
6,running,115.32,0.56,0,2025-05-01 16:48:07,769.18,1.4
7,running,139.4,0.9,1280,2025-05-01 16:48:07,678.54,1.4
8,running,300,0.9,265,2025-05-01 16:48:07,674.58,1.41
9,idle,60.0,0.2,0,2025-05-01 16:48:07,703.64,1.42
10,running,181.2,0.43,0,2025-05-01 16:48:07,695.09,1.37
1,running,107.24,0.9,700,2025-05-01 16:48:17,750.93,1.38
2,running,262.78,0.9,0,2025-05-01 16:48:17,732.25,1.41
3,running,247.71,0.9,1354,2025-05-01 16:48:17,747.62,1.37
4,running,260.87,0.9,898,2025-05-01 16:48:17,781.59,1.35
5,running,235.1,0.9,0,2025-05-01 16:48:17,692.15,1.43
6,running,158.2,0.9,0,2025-05-01 16:48:17,769.18,1.4
7,running,127.56,0.88,1510,2025-05-01 16:48:17,678.55,1.41
8,idle,60.0,0.2,0,2025-05-01 16:48:17,674.58,1.41
9,running,102.62,0.28,0,2025-05-01 16:48:17,703.65,1.43
10,running,202.25,0.75,0,2025-05-01 16:48:17,695.1,1.38
1,idle,60.0,0.2,0,2025-05-01 16:48:27,750.93,1.38
2,idle,60.0,0.2,0,2025-05-01 16:48:27,732.25,1.41
3,running,300,0.88,1735,2025-05-01 16:48:27,747.63,1.38
4,idle,60.0,0.2,0,2025-05-01 16:48:27,781.59,1.35
5,running,300,0.9,0,2025-05-01 16:48:27,692.15,1.43
6,error,60.0,0.2,0,2025-05-01 16:48:27,769.18,1.4
7,running,166.28,0.9,1212,2025-05-01 16:48:27,678.55,1.41
8,running,145.54,0.52,270,2025-05-01 16:48:27,674.58,1.41
9,running,110.48,0.5,114,2025-05-01 16:48:27,703.65,1.43
10,idle,60.0,0.2,0,2025-05-01 16:48:27,695.1,1.38
1,running,105.73,0.7,887,2025-05-01 16:48:37,750.94,1.39
2,running,69.62,0.33,0,2025-05-01 16:48:37,732.25,1.41
3,running,277.59,0.9,817,2025-05-01 16:48:37,747.63,1.38
4,running,60,0.35,0,2025-05-01 16:48:37,781.59,1.35
5,running,300,0.9,0,2025-05-01 16:48:37,692.15,1.43
6,running,95.84,0.46,0,2025-05-01 16:48:37,769.19,1.41
7,idle,60.0,0.2,0,2025-05-01 16:48:37,678.55,1.41
8,running,220.13,0.71,591,2025-05-01 16:48:37,674.58,1.41
9,running,194.69,0.73,0,2025-05-01 16:48:37,703.65,1.43
10,running,66.42,0.64,484,2025-05-01 16:48:37,695.1,1.38
1,running,81.28,0.69,883,2025-05-01 16:48:47,750.94,1.39
2,idle,60.0,0.2,0,2025-05-01 16:48:47,732.25,1.41
3,idle,60.0,0.2,0,2025-05-01 16:48:47,747.63,1.38
4,running,101.31,0.72,557,2025-05-01 16:48:47,781.6,1.36
5,running,279.73,0.9,0,2025-05-01 16:48:47,692.16,1.44
6,idle,60.0,0.2,0,2025-05-01 16:48:47,769.19,1.41
7,running,60,0.41,731,2025-05-01 16:48:47,678.55,1.41
8,running,286.97,0.87,1101,2025-05-01 16:48:47,674.58,1.41
9,idle,60.0,0.2,0,2025-05-01 16:48:47,703.65,1.43
10,running,104.74,0.9,286,2025-05-01 16:48:47,695.1,1.38
1,running,60,0.84,1264,2025-05-01 16:48:57,750.94,1.39
2,running,154.37,0.32,796,2025-05-01 16:48:57,732.26,1.42
3,running,96.42,0.15,365,2025-05-01 16:48:57,747.63,1.38
4,running,71.62,0.89,1259,2025-05-01 16:48:57,781.6,1.36
5,running,300,0.9,976,2025-05-01 16:48:57,692.16,1.44
6,idle,60.0,0.2,0,2025-05-01 16:48:57,769.19,1.41
7,running,116.31,0.88,4,2025-05-01 16:48:57,678.55,1.41
8,idle,60.0,0.2,0,2025-05-01 16:48:57,674.58,1.41
9,running,60,0.54,0,2025-05-01 16:48:57,703.65,1.43
10,running,120.32,0.9,903,2025-05-01 16:48:57,695.11,1.39
1,error,60.0,0.2,0,2025-05-01 16:49:07,750.94,1.39
2,idle,60.0,0.2,0,2025-05-01 16:49:07,732.26,1.42
3,running,150.71,0.43,1033,2025-05-01 16:49:07,747.64,1.39
4,running,60,0.9,1981,2025-05-01 16:49:07,781.6,1.36
5,running,300,0.9,666,2025-05-01 16:49:07,692.16,1.44
6,idle,60.0,0.2,0,2025-05-01 16:49:07,769.19,1.41
7,running,114.51,0.9,0,2025-05-01 16:49:07,678.56,1.42
8,running,60,0.54,588,2025-05-01 16:49:07,674.59,1.42
9,running,60,0.77,0,2025-05-01 16:49:07,703.66,1.44
10,running,86.24,0.9,234,2025-05-01 16:49:07,695.11,1.39
1,running,102.98,0.6,0,2025-05-01 16:49:17,750.94,1.39
2,running,60,0.32,0,2025-05-01 16:49:17,732.26,1.42
3,running,119.81,0.62,408,2025-05-01 16:49:17,747.64,1.39
4,running,147.09,0.9,2377,2025-05-01 16:49:17,781.6,1.36
5,running,271.84,0.9,1170,2025-05-01 16:49:17,692.16,1.44
6,running,127.38,0.65,716,2025-05-01 16:49:17,769.19,1.41
7,running,163.83,0.9,0,2025-05-01 16:49:17,678.56,1.42
8,running,139.3,0.5,155,2025-05-01 16:49:17,674.59,1.42
9,running,60,0.9,717,2025-05-01 16:49:17,703.66,1.44
10,running,66.35,0.9,903,2025-05-01 16:49:17,695.11,1.39
1,idle,60.0,0.2,0,2025-05-01 16:49:27,750.94,1.39
2,running,60,0.39,0,2025-05-01 16:49:27,732.26,1.42
3,running,214.5,0.9,0,2025-05-01 16:49:27,747.64,1.39
4,running,168.85,0.86,3370,2025-05-01 16:49:27,781.61,1.37
5,running,300,0.9,536,2025-05-01 16:49:27,692.17,1.45
6,running,120.97,0.9,19,2025-05-01 16:49:27,769.19,1.41
7,running,241.88,0.86,87,2025-05-01 16:49:27,678.56,1.42
8,running,96.95,0.64,1077,2025-05-01 16:49:27,674.59,1.42
9,running,60,0.9,535,2025-05-01 16:49:27,703.66,1.44
10,idle,60.0,0.2,0,2025-05-01 16:49:27,695.11,1.39
1,running,102.83,0.26,526,2025-05-01 16:49:37,750.95,1.4
2,idle,60.0,0.2,0,2025-05-01 16:49:37,732.26,1.42
3,running,208.43,0.9,393,2025-05-01 16:49:37,747.64,1.39
4,running,144.59,0.85,2757,2025-05-01 16:49:37,781.61,1.37
5,running,300,0.9,78,2025-05-01 16:49:37,692.17,1.45
6,running,194.41,0.9,0,2025-05-01 16:49:37,769.2,1.42
7,running,213.58,0.9,859,2025-05-01 16:49:37,678.57,1.43
8,running,123.34,0.71,928,2025-05-01 16:49:37,674.6,1.43
9,running,151.47,0.9,1283,2025-05-01 16:49:37,703.67,1.45
10,idle,60.0,0.2,0,2025-05-01 16:49:37,695.11,1.39
1,running,136.59,0.55,43,2025-05-01 16:49:47,750.95,1.4
2,running,143.29,0.23,404,2025-05-01 16:49:47,732.27,1.43
3,idle,60.0,0.2,0,2025-05-01 16:49:47,747.64,1.39
4,running,162.1,0.9,3292,2025-05-01 16:49:47,781.61,1.37
5,running,300,0.9,0,2025-05-01 16:49:47,692.17,1.45
6,running,202.06,0.9,0,2025-05-01 16:49:47,769.2,1.42
7,running,300,0.9,444,2025-05-01 16:49:47,678.57,1.43
8,running,159.71,0.9,1607,2025-05-01 16:49:47,674.6,1.43
9,idle,60.0,0.2,0,2025-05-01 16:49:47,703.67,1.45
10,running,60.54,0.32,0,2025-05-01 16:49:47,695.11,1.39
1,running,205.79,0.9,832,2025-05-01 16:49:57,750.95,1.4
2,running,195.87,0.7,1309,2025-05-01 16:49:57,732.27,1.43
3,running,76.91,0.62,0,2025-05-01 16:49:57,747.65,1.4
4,idle,60.0,0.2,0,2025-05-01 16:49:57,781.61,1.37
5,error,60.0,0.2,0,2025-05-01 16:49:57,692.17,1.45
6,running,201.88,0.9,0,2025-05-01 16:49:57,769.2,1.42
7,idle,60.0,0.2,0,2025-05-01 16:49:57,678.57,1.43
8,idle,60.0,0.2,0,2025-05-01 16:49:57,674.6,1.43
9,running,61.4,0.16,0,2025-05-01 16:49:57,703.67,1.45
10,running,60,0.41,0,2025-05-01 16:49:57,695.12,1.4
1,idle,60.0,0.2,0,2025-05-01 16:50:07,750.95,1.4
2,idle,60.0,0.2,0,2025-05-01 16:50:07,732.27,1.43
3,running,166.13,0.9,0,2025-05-01 16:50:07,747.65,1.4
4,running,123.16,0.37,0,2025-05-01 16:50:07,781.62,1.38
5,running,60,0.3,0,2025-05-01 16:50:07,692.18,1.46
6,running,193.64,0.9,609,2025-05-01 16:50:07,769.2,1.42
7,running,95.38,0.19,0,2025-05-01 16:50:07,678.57,1.43
8,idle,60.0,0.2,0,2025-05-01 16:50:07,674.6,1.43
9,running,60,0.44,53,2025-05-01 16:50:07,703.67,1.45
10,running,60,0.46,0,2025-05-01 16:50:07,695.12,1.4
1,error,60.0,0.2,0,2025-05-01 16:50:17,750.95,1.4
2,running,151.39,0.69,584,2025-05-01 16:50:17,732.27,1.43
3,running,245.96,0.9,442,2025-05-01 16:50:17,747.65,1.4
4,error,60.0,0.2,0,2025-05-01 16:50:17,781.62,1.38
5,running,133.05,0.66,200,2025-05-01 16:50:17,692.18,1.46
6,running,194.09,0.9,57,2025-05-01 16:50:17,769.21,1.43
7,running,77.43,0.33,0,2025-05-01 16:50:17,678.57,1.43
8,running,60,0.63,0,2025-05-01 16:50:17,674.6,1.43
9,running,118.56,0.43,80,2025-05-01 16:50:17,703.67,1.45
10,running,116.81,0.72,0,2025-05-01 16:50:17,695.12,1.4
1,running,123.42,0.52,0,2025-05-01 16:50:27,750.96,1.41
2,running,101.96,0.9,788,2025-05-01 16:50:27,732.27,1.43
3,running,284.36,0.9,1406,2025-05-01 16:50:27,747.65,1.4
4,running,93.67,0.18,0,2025-05-01 16:50:27,781.62,1.38
5,running,205.42,0.87,0,2025-05-01 16:50:27,692.18,1.46
6,running,171.35,0.9,433,2025-05-01 16:50:27,769.21,1.43
7,running,62.28,0.83,636,2025-05-01 16:50:27,678.58,1.44
8,running,68.83,0.84,0,2025-05-01 16:50:27,674.6,1.43
9,running,131.93,0.64,533,2025-05-01 16:50:27,703.68,1.46
10,running,132.85,0.9,0,2025-05-01 16:50:27,695.13,1.41
1,idle,60.0,0.2,0,2025-05-01 16:50:37,750.96,1.41
2,idle,60.0,0.2,0,2025-05-01 16:50:37,732.27,1.43
3,running,241.64,0.9,1752,2025-05-01 16:50:37,747.66,1.41
4,running,124.13,0.61,84,2025-05-01 16:50:37,781.62,1.38
5,running,183.79,0.9,909,2025-05-01 16:50:37,692.18,1.46
6,running,217.02,0.9,988,2025-05-01 16:50:37,769.21,1.43
7,running,118.44,0.9,265,2025-05-01 16:50:37,678.58,1.44
8,running,60,0.9,308,2025-05-01 16:50:37,674.61,1.44
9,running,178.35,0.77,1328,2025-05-01 16:50:37,703.68,1.46
10,running,194.52,0.9,424,2025-05-01 16:50:37,695.13,1.41
1,running,60,0.61,0,2025-05-01 16:50:47,750.96,1.41
2,idle,60.0,0.2,0,2025-05-01 16:50:47,732.27,1.43
3,running,300,0.87,1955,2025-05-01 16:50:47,747.66,1.41
4,running,111.1,0.73,823,2025-05-01 16:50:47,781.62,1.38
5,running,265.41,0.9,1371,2025-05-01 16:50:47,692.19,1.47
6,idle,60.0,0.2,0,2025-05-01 16:50:47,769.21,1.43
7,running,163.68,0.9,215,2025-05-01 16:50:47,678.58,1.44
8,running,129.51,0.9,1248,2025-05-01 16:50:47,674.61,1.44
9,running,271.2,0.9,513,2025-05-01 16:50:47,703.68,1.46
10,running,237.51,0.9,1138,2025-05-01 16:50:47,695.13,1.41
1,running,66.31,0.7,0,2025-05-01 16:50:57,750.96,1.41
2,running,137.18,0.57,604,2025-05-01 16:50:57,732.28,1.44
3,running,300,0.9,1805,2025-05-01 16:50:57,747.66,1.41
4,running,193.09,0.9,792,2025-05-01 16:50:57,781.63,1.39
5,idle,60.0,0.2,0,2025-05-01 16:50:57,692.19,1.47
6,running,60,0.39,956,2025-05-01 16:50:57,769.21,1.43
7,running,242.55,0.9,0,2025-05-01 16:50:57,678.58,1.44
8,running,213.03,0.9,399,2025-05-01 16:50:57,674.61,1.44
9,running,238.65,0.88,914,2025-05-01 16:50:57,703.68,1.46
10,running,278.48,0.9,2043,2025-05-01 16:50:57,695.13,1.41
1,idle,60.0,0.2,0,2025-05-01 16:51:07,750.96,1.41
2,running,136.34,0.59,1023,2025-05-01 16:51:07,732.28,1.44
3,running,300,0.9,2239,2025-05-01 16:51:07,747.67,1.42
4,running,186.47,0.89,701,2025-05-01 16:51:07,781.63,1.39
5,running,60,0.46,0,2025-05-01 16:51:07,692.19,1.47
6,running,149.49,0.88,248,2025-05-01 16:51:07,769.22,1.44
7,running,282.99,0.9,446,2025-05-01 16:51:07,678.59,1.45
8,idle,60.0,0.2,0,2025-05-01 16:51:07,674.61,1.44
9,running,201.48,0.9,636,2025-05-01 16:51:07,703.69,1.47
10,running,300,0.87,2824,2025-05-01 16:51:07,695.14,1.42
1,error,60.0,0.2,0,2025-05-01 16:51:17,750.96,1.41
2,running,179.17,0.7,545,2025-05-01 16:51:17,732.28,1.44
3,running,300,0.9,1681,2025-05-01 16:51:17,747.67,1.42
4,running,236.19,0.9,175,2025-05-01 16:51:17,781.63,1.39
5,running,60,0.79,580,2025-05-01 16:51:17,692.19,1.47
6,running,172.98,0.9,386,2025-05-01 16:51:17,769.22,1.44
7,idle,60.0,0.2,0,2025-05-01 16:51:17,678.59,1.45
8,running,138.4,0.56,0,2025-05-01 16:51:17,674.61,1.44
9,running,247.31,0.9,1,2025-05-01 16:51:17,703.69,1.47
10,running,287.55,0.9,2553,2025-05-01 16:51:17,695.14,1.42
1,running,60,0.42,235,2025-05-01 16:51:27,750.96,1.41
2,running,147.89,0.75,0,2025-05-01 16:51:27,732.28,1.44
3,running,300,0.9,2056,2025-05-01 16:51:27,747.67,1.42
4,running,278.55,0.9,0,2025-05-01 16:51:27,781.63,1.39
5,idle,60.0,0.2,0,2025-05-01 16:51:27,692.19,1.47
6,running,256.43,0.88,0,2025-05-01 16:51:27,769.22,1.44
7,running,60,0.62,0,2025-05-01 16:51:27,678.59,1.45
8,running,194.98,0.74,0,2025-05-01 16:51:27,674.62,1.45
9,running,223.04,0.9,0,2025-05-01 16:51:27,703.69,1.47
10,running,279.73,0.9,2043,2025-05-01 16:51:27,695.14,1.42
1,running,107.96,0.63,0,2025-05-01 16:51:37,750.97,1.42
2,running,194.95,0.87,995,2025-05-01 16:51:37,732.29,1.45
3,running,300,0.9,1944,2025-05-01 16:51:37,747.67,1.42
4,running,300,0.85,892,2025-05-01 16:51:37,781.64,1.4
5,running,60,0.4,395,2025-05-01 16:51:37,692.19,1.47
6,running,300,0.9,0,2025-05-01 16:51:37,769.23,1.45
7,running,83.0,0.78,745,2025-05-01 16:51:37,678.59,1.45
8,running,286.77,0.9,0,2025-05-01 16:51:37,674.62,1.45
9,running,300,0.9,0,2025-05-01 16:51:37,703.7,1.48
10,running,293.74,0.9,2212,2025-05-01 16:51:37,695.14,1.42
1,running,155.92,0.62,219,2025-05-01 16:51:47,750.97,1.42
2,idle,60.0,0.2,0,2025-05-01 16:51:47,732.29,1.45
3,running,300,0.9,2823,2025-05-01 16:51:47,747.68,1.43
4,running,300,0.9,519,2025-05-01 16:51:47,781.64,1.4
5,error,60.0,0.2,0,2025-05-01 16:51:47,692.19,1.47
6,running,300,0.9,0,2025-05-01 16:51:47,769.23,1.45
7,idle,60.0,0.2,0,2025-05-01 16:51:47,678.59,1.45
8,running,238.09,0.9,230,2025-05-01 16:51:47,674.62,1.45
9,running,300,0.9,570,2025-05-01 16:51:47,703.7,1.48
10,running,265.83,0.9,1564,2025-05-01 16:51:47,695.15,1.43
1,running,142.31,0.9,458,2025-05-01 16:51:57,750.97,1.42
2,running,60,0.55,509,2025-05-01 16:51:57,732.29,1.45
3,running,300,0.9,2027,2025-05-01 16:51:57,747.68,1.43
4,running,300,0.9,194,2025-05-01 16:51:57,781.64,1.4
5,running,135.24,0.17,0,2025-05-01 16:51:57,692.2,1.48
6,running,300,0.9,0,2025-05-01 16:51:57,769.23,1.45
7,running,127.89,0.43,699,2025-05-01 16:51:57,678.6,1.46
8,running,225.71,0.9,94,2025-05-01 16:51:57,674.63,1.46
9,running,300,0.9,0,2025-05-01 16:51:57,703.7,1.48
10,idle,60.0,0.2,0,2025-05-01 16:51:57,695.15,1.43
1,running,97.6,0.9,1362,2025-05-01 16:52:07,750.97,1.42
2,running,99.58,0.67,216,2025-05-01 16:52:07,732.29,1.45
3,running,300,0.9,1312,2025-05-01 16:52:07,747.68,1.43
4,running,300,0.9,775,2025-05-01 16:52:07,781.65,1.41
5,running,85.48,0.31,0,2025-05-01 16:52:07,692.2,1.48
6,running,300,0.9,0,2025-05-01 16:52:07,769.23,1.45
7,running,175.32,0.71,1174,2025-05-01 16:52:07,678.6,1.46
8,running,250.54,0.9,0,2025-05-01 16:52:07,674.63,1.46
9,running,300,0.9,454,2025-05-01 16:52:07,703.7,1.48
10,idle,60.0,0.2,0,2025-05-01 16:52:07,695.15,1.43
1,idle,60.0,0.2,0,2025-05-01 16:52:17,750.97,1.42
2,idle,60.0,0.2,0,2025-05-01 16:52:17,732.29,1.45
3,idle,60.0,0.2,0,2025-05-01 16:52:17,747.68,1.43
4,error,60.0,0.2,0,2025-05-01 16:52:17,781.65,1.41
5,running,148.2,0.65,0,2025-05-01 16:52:17,692.2,1.48
6,running,300,0.9,0,2025-05-01 16:52:17,769.24,1.46
7,idle,60.0,0.2,0,2025-05-01 16:52:17,678.6,1.46
8,running,231.07,0.9,0,2025-05-01 16:52:17,674.63,1.46
9,running,300,0.9,0,2025-05-01 16:52:17,703.71,1.49
10,running,90.85,0.55,0,2025-05-01 16:52:17,695.15,1.43
1,running,156.22,0.48,0,2025-05-01 16:52:27,750.98,1.43
2,running,125.07,0.68,977,2025-05-01 16:52:27,732.3,1.46
3,running,127.66,0.23,756,2025-05-01 16:52:27,747.69,1.44
4,running,60,0.22,0,2025-05-01 16:52:27,781.65,1.41
5,running,126.96,0.74,69,2025-05-01 16:52:27,692.21,1.49
6,running,300,0.9,163,2025-05-01 16:52:27,769.24,1.46
7,running,60,0.31,135,2025-05-01 16:52:27,678.6,1.46
8,idle,60.0,0.2,0,2025-05-01 16:52:27,674.63,1.46
9,error,60.0,0.2,0,2025-05-01 16:52:27,703.71,1.49
10,running,68.36,0.9,287,2025-05-01 16:52:27,695.15,1.43
1,running,110.95,0.76,0,2025-05-01 16:52:37,750.98,1.43
2,running,83.41,0.9,1924,2025-05-01 16:52:37,732.3,1.46
3,running,184.71,0.21,123,2025-05-01 16:52:37,747.69,1.44
4,running,60,0.43,667,2025-05-01 16:52:37,781.65,1.41
5,running,151.81,0.9,0,2025-05-01 16:52:37,692.21,1.49
6,idle,60.0,0.2,0,2025-05-01 16:52:37,769.24,1.46
7,running,156.61,0.28,1096,2025-05-01 16:52:37,678.6,1.46
8,running,146.04,0.27,28,2025-05-01 16:52:37,674.63,1.46
9,running,66.82,0.45,0,2025-05-01 16:52:37,703.71,1.49
10,running,121.92,0.9,0,2025-05-01 16:52:37,695.16,1.44
1,idle,60.0,0.2,0,2025-05-01 16:52:47,750.98,1.43
2,running,128.42,0.9,1646,2025-05-01 16:52:47,732.3,1.46
3,running,263.14,0.57,517,2025-05-01 16:52:47,747.69,1.44
4,running,60,0.9,0,2025-05-01 16:52:47,781.65,1.41
5,running,188.82,0.9,707,2025-05-01 16:52:47,692.21,1.49
6,running,60,0.25,222,2025-05-01 16:52:47,769.24,1.46
7,running,120.95,0.49,1105,2025-05-01 16:52:47,678.61,1.47
8,running,177.37,0.51,0,2025-05-01 16:52:47,674.64,1.47
9,running,60,0.54,0,2025-05-01 16:52:47,703.71,1.49
10,running,77.0,0.9,404,2025-05-01 16:52:47,695.16,1.44
1,idle,60.0,0.2,0,2025-05-01 16:52:57,750.98,1.43
2,running,181.97,0.9,1448,2025-05-01 16:52:57,732.3,1.46
3,running,273.76,0.73,329,2025-05-01 16:52:57,747.69,1.44
4,running,66.32,0.9,785,2025-05-01 16:52:57,781.66,1.42
5,running,263.16,0.9,986,2025-05-01 16:52:57,692.21,1.49
6,running,129.5,0.57,0,2025-05-01 16:52:57,769.25,1.47
7,running,196.6,0.85,1206,2025-05-01 16:52:57,678.61,1.47
8,idle,60.0,0.2,0,2025-05-01 16:52:57,674.64,1.47
9,idle,60.0,0.2,0,2025-05-01 16:52:57,703.71,1.49
10,running,62.12,0.9,947,2025-05-01 16:52:57,695.16,1.44
1,idle,60.0,0.2,0,2025-05-01 16:53:07,750.98,1.43
2,running,175.05,0.9,1161,2025-05-01 16:53:07,732.31,1.47
3,running,288.51,0.9,210,2025-05-01 16:53:07,747.7,1.45
4,running,86.74,0.9,0,2025-05-01 16:53:07,781.66,1.42
5,running,300,0.9,1279,2025-05-01 16:53:07,692.22,1.5
6,running,171.8,0.67,38,2025-05-01 16:53:07,769.25,1.47
7,running,281.39,0.9,528,2025-05-01 16:53:07,678.61,1.47
8,running,60,0.37,0,2025-05-01 16:53:07,674.64,1.47
9,idle,60.0,0.2,0,2025-05-01 16:53:07,703.71,1.49
10,idle,60.0,0.2,0,2025-05-01 16:53:07,695.16,1.44
1,running,70.21,0.65,473,2025-05-01 16:53:17,750.98,1.43
2,running,192.55,0.9,490,2025-05-01 16:53:17,732.31,1.47
3,error,60.0,0.2,0,2025-05-01 16:53:17,747.7,1.45
4,idle,60.0,0.2,0,2025-05-01 16:53:17,781.66,1.42
5,running,265.4,0.9,1459,2025-05-01 16:53:17,692.22,1.5
6,running,202.41,0.69,15,2025-05-01 16:53:17,769.25,1.47
7,running,300,0.9,1511,2025-05-01 16:53:17,678.62,1.48
8,running,143.96,0.48,0,2025-05-01 16:53:17,674.64,1.47
9,running,126.83,0.19,0,2025-05-01 16:53:17,703.72,1.5
10,idle,60.0,0.2,0,2025-05-01 16:53:17,695.16,1.44
1,running,67.75,0.74,178,2025-05-01 16:53:27,750.99,1.44
2,running,170.33,0.9,158,2025-05-01 16:53:27,732.31,1.47
3,running,133.98,0.22,0,2025-05-01 16:53:27,747.7,1.45
4,running,87.79,0.19,241,2025-05-01 16:53:27,781.66,1.42
5,running,300,0.9,1372,2025-05-01 16:53:27,692.22,1.5
6,running,256.38,0.69,724,2025-05-01 16:53:27,769.25,1.47
7,running,300,0.9,954,2025-05-01 16:53:27,678.62,1.48
8,running,209.35,0.62,0,2025-05-01 16:53:27,674.65,1.48
9,running,221.4,0.33,169,2025-05-01 16:53:27,703.72,1.5
10,running,60,0.66,97,2025-05-01 16:53:27,695.16,1.44
1,running,60,0.87,256,2025-05-01 16:53:37,750.99,1.44
2,running,209.9,0.9,847,2025-05-01 16:53:37,732.32,1.48
3,running,159.48,0.47,533,2025-05-01 16:53:37,747.7,1.45
4,idle,60.0,0.2,0,2025-05-01 16:53:37,781.66,1.42
5,running,300,0.9,627,2025-05-01 16:53:37,692.23,1.51
6,running,272.57,0.71,1022,2025-05-01 16:53:37,769.26,1.48
7,idle,60.0,0.2,0,2025-05-01 16:53:37,678.62,1.48
8,running,300,0.9,928,2025-05-01 16:53:37,674.65,1.48
9,running,279.45,0.73,0,2025-05-01 16:53:37,703.72,1.5
10,running,134.61,0.9,0,2025-05-01 16:53:37,695.17,1.45
1,running,97.01,0.9,118,2025-05-01 16:53:47,750.99,1.44
2,running,227.87,0.85,0,2025-05-01 16:53:47,732.32,1.48
3,running,231.39,0.76,323,2025-05-01 16:53:47,747.7,1.45
4,running,60,0.6,0,2025-05-01 16:53:47,781.67,1.43
5,running,300,0.9,0,2025-05-01 16:53:47,692.23,1.51
6,running,300,0.9,866,2025-05-01 16:53:47,769.26,1.48
7,running,135.56,0.45,764,2025-05-01 16:53:47,678.62,1.48
8,running,265.15,0.9,664,2025-05-01 16:53:47,674.65,1.48
9,running,300,0.9,0,2025-05-01 16:53:47,703.72,1.5
10,idle,60.0,0.2,0,2025-05-01 16:53:47,695.17,1.45
1,idle,60.0,0.2,0,2025-05-01 16:53:57,750.99,1.44
2,idle,60.0,0.2,0,2025-05-01 16:53:57,732.32,1.48
3,running,188.26,0.87,0,2025-05-01 16:53:57,747.71,1.46
4,running,60.3,0.72,749,2025-05-01 16:53:57,781.67,1.43
5,running,300,0.9,36,2025-05-01 16:53:57,692.23,1.51
6,idle,60.0,0.2,0,2025-05-01 16:53:57,769.26,1.48
7,idle,60.0,0.2,0,2025-05-01 16:53:57,678.62,1.48
8,running,300,0.9,953,2025-05-01 16:53:57,674.65,1.48
9,running,300,0.9,0,2025-05-01 16:53:57,703.73,1.51
10,error,60.0,0.2,0,2025-05-01 16:53:57,695.17,1.45
1,running,67.89,0.61,0,2025-05-01 16:54:07,750.99,1.44
2,running,113.21,0.25,0,2025-05-01 16:54:07,732.32,1.48
3,error,60.0,0.2,0,2025-05-01 16:54:07,747.71,1.46
4,idle,60.0,0.2,0,2025-05-01 16:54:07,781.67,1.43
5,idle,60.0,0.2,0,2025-05-01 16:54:07,692.23,1.51
6,running,60,0.66,215,2025-05-01 16:54:07,769.26,1.48
7,running,66.6,0.62,923,2025-05-01 16:54:07,678.62,1.48
8,running,300,0.9,1230,2025-05-01 16:54:07,674.66,1.49
9,running,300,0.9,0,2025-05-01 16:54:07,703.73,1.51
10,running,106.07,0.7,405,2025-05-01 16:54:07,695.17,1.45
1,error,60.0,0.2,0,2025-05-01 16:54:17,750.99,1.44
2,running,131.33,0.45,0,2025-05-01 16:54:17,732.32,1.48
3,running,81.58,0.67,0,2025-05-01 16:54:17,747.71,1.46
4,running,122.82,0.49,820,2025-05-01 16:54:17,781.67,1.43
5,running,86.02,0.42,24,2025-05-01 16:54:17,692.23,1.51
6,running,129.33,0.9,1045,2025-05-01 16:54:17,769.26,1.48
7,running,101.47,0.75,698,2025-05-01 16:54:17,678.63,1.49
8,idle,60.0,0.2,0,2025-05-01 16:54:17,674.66,1.49
9,running,264.03,0.9,0,2025-05-01 16:54:17,703.73,1.51
10,running,165.01,0.66,195,2025-05-01 16:54:17,695.17,1.45
1,running,71.63,0.42,0,2025-05-01 16:54:27,751.0,1.45
2,error,60.0,0.2,0,2025-05-01 16:54:27,732.32,1.48
3,running,139.98,0.62,500,2025-05-01 16:54:27,747.71,1.46
4,running,213.61,0.74,789,2025-05-01 16:54:27,781.67,1.43
5,running,127.33,0.39,997,2025-05-01 16:54:27,692.24,1.52
6,running,157.73,0.9,830,2025-05-01 16:54:27,769.27,1.49
7,running,126.96,0.9,539,2025-05-01 16:54:27,678.63,1.49
8,running,60,0.47,0,2025-05-01 16:54:27,674.66,1.49
9,running,300,0.9,0,2025-05-01 16:54:27,703.73,1.51
10,error,60.0,0.2,0,2025-05-01 16:54:27,695.17,1.45
1,running,129.39,0.39,0,2025-05-01 16:54:37,751.0,1.45
2,running,60,0.6,126,2025-05-01 16:54:37,732.33,1.49
3,running,103.36,0.78,190,2025-05-01 16:54:37,747.72,1.47
4,running,267.5,0.9,4,2025-05-01 16:54:37,781.68,1.44
5,running,100.44,0.38,1586,2025-05-01 16:54:37,692.24,1.52
6,running,167.4,0.87,0,2025-05-01 16:54:37,769.27,1.49
7,running,136.39,0.9,1390,2025-05-01 16:54:37,678.63,1.49
8,running,60,0.6,0,2025-05-01 16:54:37,674.66,1.49
9,idle,60.0,0.2,0,2025-05-01 16:54:37,703.73,1.51
10,running,119.1,0.24,821,2025-05-01 16:54:37,695.18,1.46
1,running,98.19,0.62,104,2025-05-01 16:54:47,751.0,1.45
2,running,80.65,0.9,0,2025-05-01 16:54:47,732.33,1.49
3,idle,60.0,0.2,0,2025-05-01 16:54:47,747.72,1.47
4,idle,60.0,0.2,0,2025-05-01 16:54:47,781.68,1.44
5,idle,60.0,0.2,0,2025-05-01 16:54:47,692.24,1.52
6,running,148.01,0.9,515,2025-05-01 16:54:47,769.27,1.49
7,running,93.24,0.9,1853,2025-05-01 16:54:47,678.63,1.49
8,running,60,0.9,42,2025-05-01 16:54:47,674.66,1.49
9,running,60,0.45,414,2025-05-01 16:54:47,703.74,1.52
10,running,206.61,0.4,8,2025-05-01 16:54:47,695.18,1.46
1,running,97.23,0.64,929,2025-05-01 16:54:57,751.01,1.46
2,idle,60.0,0.2,0,2025-05-01 16:54:57,732.33,1.49
3,running,145.63,0.49,0,2025-05-01 16:54:57,747.72,1.47
4,running,115.85,0.59,114,2025-05-01 16:54:57,781.68,1.44
5,running,115.09,0.63,333,2025-05-01 16:54:57,692.24,1.52
6,running,239.42,0.9,416,2025-05-01 16:54:57,769.28,1.5
7,error,60.0,0.2,0,2025-05-01 16:54:57,678.63,1.49
8,running,138.24,0.9,228,2025-05-01 16:54:57,674.67,1.5
9,idle,60.0,0.2,0,2025-05-01 16:54:57,703.74,1.52
10,running,175.37,0.68,0,2025-05-01 16:54:57,695.18,1.46
1,error,60.0,0.2,0,2025-05-01 16:55:07,751.01,1.46
2,running,145.02,0.41,73,2025-05-01 16:55:07,732.33,1.49
3,running,207.08,0.76,0,2025-05-01 16:55:07,747.72,1.47
4,running,200.44,0.55,671,2025-05-01 16:55:07,781.68,1.44
5,running,164.71,0.75,191,2025-05-01 16:55:07,692.24,1.52
6,running,269.17,0.9,217,2025-05-01 16:55:07,769.28,1.5
7,running,60,0.46,0,2025-05-01 16:55:07,678.64,1.5
8,running,187.74,0.9,1216,2025-05-01 16:55:07,674.67,1.5
9,running,104.83,0.57,0,2025-05-01 16:55:07,703.74,1.52
10,idle,60.0,0.2,0,2025-05-01 16:55:07,695.18,1.46
1,running,124.59,0.23,171,2025-05-01 16:55:17,751.01,1.46
2,running,99.23,0.59,503,2025-05-01 16:55:17,732.33,1.49
3,running,194.93,0.9,935,2025-05-01 16:55:17,747.72,1.47
4,running,268.53,0.9,0,2025-05-01 16:55:17,781.68,1.44
5,running,250.62,0.9,398,2025-05-01 16:55:17,692.25,1.53
6,running,290.82,0.9,933,2025-05-01 16:55:17,769.28,1.5
7,running,100.64,0.71,287,2025-05-01 16:55:17,678.64,1.5
8,running,240.07,0.9,1775,2025-05-01 16:55:17,674.67,1.5
9,running,155.9,0.9,205,2025-05-01 16:55:17,703.74,1.52
10,running,97.59,0.49,273,2025-05-01 16:55:17,695.18,1.46
1,idle,60.0,0.2,0,2025-05-01 16:55:27,751.01,1.46
2,idle,60.0,0.2,0,2025-05-01 16:55:27,732.33,1.49
3,idle,60.0,0.2,0,2025-05-01 16:55:27,747.72,1.47
4,running,300,0.9,24,2025-05-01 16:55:27,781.69,1.45
5,running,255.82,0.9,466,2025-05-01 16:55:27,692.25,1.53
6,running,300,0.86,1112,2025-05-01 16:55:27,769.28,1.5
7,running,72.92,0.71,0,2025-05-01 16:55:27,678.64,1.5
8,running,300,0.9,1521,2025-05-01 16:55:27,674.68,1.51
9,running,137.21,0.9,0,2025-05-01 16:55:27,703.75,1.53
10,running,66.89,0.9,0,2025-05-01 16:55:27,695.19,1.47
1,running,60,0.2,288,2025-05-01 16:55:37,751.01,1.46
2,idle,60.0,0.2,0,2025-05-01 16:55:37,732.33,1.49
3,running,157.17,0.28,0,2025-05-01 16:55:37,747.73,1.48
4,running,300,0.9,766,2025-05-01 16:55:37,781.69,1.45
5,running,274.69,0.9,0,2025-05-01 16:55:37,692.25,1.53
6,running,300,0.9,1153,2025-05-01 16:55:37,769.29,1.51
7,running,105.19,0.9,613,2025-05-01 16:55:37,678.65,1.51
8,idle,60.0,0.2,0,2025-05-01 16:55:37,674.68,1.51
9,running,130.34,0.9,0,2025-05-01 16:55:37,703.75,1.53
10,running,60,0.9,0,2025-05-01 16:55:37,695.19,1.47
1,running,143.02,0.19,102,2025-05-01 16:55:47,751.01,1.46
2,error,60.0,0.2,0,2025-05-01 16:55:47,732.33,1.49
3,running,113.54,0.52,650,2025-05-01 16:55:47,747.73,1.48
4,running,300,0.9,1300,2025-05-01 16:55:47,781.69,1.45
5,error,60.0,0.2,0,2025-05-01 16:55:47,692.25,1.53
6,running,295.63,0.86,400,2025-05-01 16:55:47,769.29,1.51
7,running,175.57,0.9,0,2025-05-01 16:55:47,678.65,1.51
8,running,60,0.46,0,2025-05-01 16:55:47,674.68,1.51
9,running,141.47,0.9,490,2025-05-01 16:55:47,703.75,1.53
10,running,60,0.9,0,2025-05-01 16:55:47,695.19,1.47
1,idle,60.0,0.2,0,2025-05-01 16:55:57,751.01,1.46
2,idle,60.0,0.2,0,2025-05-01 16:55:57,732.33,1.49
3,running,129.41,0.7,707,2025-05-01 16:55:57,747.73,1.48
4,running,300,0.9,2033,2025-05-01 16:55:57,781.7,1.46
5,running,135.4,0.24,0,2025-05-01 16:55:57,692.26,1.54
6,running,300,0.9,679,2025-05-01 16:55:57,769.29,1.51
7,running,219.46,0.9,63,2025-05-01 16:55:57,678.65,1.51
8,running,60,0.7,0,2025-05-01 16:55:57,674.68,1.51
9,running,227.19,0.9,0,2025-05-01 16:55:57,703.75,1.53
10,running,133.0,0.9,792,2025-05-01 16:55:57,695.19,1.47
1,running,60,0.25,0,2025-05-01 16:56:07,751.02,1.47
2,running,60,0.39,612,2025-05-01 16:56:07,732.34,1.5
3,running,182.98,0.76,1212,2025-05-01 16:56:07,747.74,1.49
4,running,300,0.89,1717,2025-05-01 16:56:07,781.7,1.46
5,running,99.08,0.42,0,2025-05-01 16:56:07,692.26,1.54
6,running,254.71,0.9,1376,2025-05-01 16:56:07,769.3,1.52
7,running,174.12,0.9,621,2025-05-01 16:56:07,678.65,1.51
8,running,60,0.9,0,2025-05-01 16:56:07,674.68,1.51
9,idle,60.0,0.2,0,2025-05-01 16:56:07,703.75,1.53
10,running,169.98,0.9,1121,2025-05-01 16:56:07,695.2,1.48
1,running,138.52,0.61,516,2025-05-01 16:56:17,751.02,1.47
2,idle,60.0,0.2,0,2025-05-01 16:56:17,732.34,1.5
3,idle,60.0,0.2,0,2025-05-01 16:56:17,747.74,1.49
4,running,262.38,0.9,1321,2025-05-01 16:56:17,781.7,1.46
5,idle,60.0,0.2,0,2025-05-01 16:56:17,692.26,1.54
6,running,300,0.9,2022,2025-05-01 16:56:17,769.3,1.52
7,running,197.85,0.9,277,2025-05-01 16:56:17,678.66,1.52
8,running,60,0.9,663,2025-05-01 16:56:17,674.69,1.52
9,error,60.0,0.2,0,2025-05-01 16:56:17,703.75,1.53
10,running,243.2,0.9,607,2025-05-01 16:56:17,695.2,1.48
1,running,234.69,0.86,165,2025-05-01 16:56:27,751.02,1.47
2,running,78.31,0.63,525,2025-05-01 16:56:27,732.34,1.5
3,running,92.75,0.16,0,2025-05-01 16:56:27,747.74,1.49
4,running,242.08,0.88,1880,2025-05-01 16:56:27,781.7,1.46
5,error,60.0,0.2,0,2025-05-01 16:56:27,692.26,1.54
6,running,255.87,0.9,2895,2025-05-01 16:56:27,769.3,1.52
7,running,221.22,0.9,646,2025-05-01 16:56:27,678.66,1.52
8,idle,60.0,0.2,0,2025-05-01 16:56:27,674.69,1.52
9,running,60,0.21,0,2025-05-01 16:56:27,703.76,1.54
10,running,259.04,0.9,831,2025-05-01 16:56:27,695.2,1.48
1,running,300,0.9,0,2025-05-01 16:56:37,751.02,1.47
2,running,63.09,0.78,1491,2025-05-01 16:56:37,732.34,1.5
3,idle,60.0,0.2,0,2025-05-01 16:56:37,747.74,1.49
4,running,300,0.9,2352,2025-05-01 16:56:37,781.71,1.47
5,running,60,0.51,0,2025-05-01 16:56:37,692.26,1.54
6,running,300,0.9,3123,2025-05-01 16:56:37,769.3,1.52
7,running,239.23,0.9,479,2025-05-01 16:56:37,678.66,1.52
8,idle,60.0,0.2,0,2025-05-01 16:56:37,674.69,1.52
9,running,60,0.66,880,2025-05-01 16:56:37,703.76,1.54
10,idle,60.0,0.2,0,2025-05-01 16:56:37,695.2,1.48
1,running,300,0.9,897,2025-05-01 16:56:47,751.03,1.48
2,running,132.15,0.9,662,2025-05-01 16:56:47,732.35,1.51
3,running,84.43,0.33,205,2025-05-01 16:56:47,747.74,1.49
4,running,300,0.9,2260,2025-05-01 16:56:47,781.71,1.47
5,running,144.64,0.9,274,2025-05-01 16:56:47,692.26,1.54
6,idle,60.0,0.2,0,2025-05-01 16:56:47,769.3,1.52
7,running,208.21,0.9,1285,2025-05-01 16:56:47,678.67,1.53
8,running,60,0.48,894,2025-05-01 16:56:47,674.69,1.52
9,running,60,0.85,1041,2025-05-01 16:56:47,703.76,1.54
10,running,141.07,0.67,916,2025-05-01 16:56:47,695.21,1.49
1,running,300,0.9,1272,2025-05-01 16:56:57,751.03,1.48
2,idle,60.0,0.2,0,2025-05-01 16:56:57,732.35,1.51
3,running,60,0.46,885,2025-05-01 16:56:57,747.74,1.49
4,running,253.72,0.9,1386,2025-05-01 16:56:57,781.71,1.47
5,idle,60.0,0.2,0,2025-05-01 16:56:57,692.26,1.54
6,running,153.29,0.2,0,2025-05-01 16:56:57,769.31,1.53
7,running,272.72,0.9,1357,2025-05-01 16:56:57,678.67,1.53
8,idle,60.0,0.2,0,2025-05-01 16:56:57,674.69,1.52
9,running,60,0.9,510,2025-05-01 16:56:57,703.77,1.55
10,running,104.26,0.9,1705,2025-05-01 16:56:57,695.21,1.49
1,idle,60.0,0.2,0,2025-05-01 16:57:07,751.03,1.48
2,running,109.83,0.51,0,2025-05-01 16:57:07,732.35,1.51
3,running,119.76,0.9,96,2025-05-01 16:57:07,747.75,1.5
4,running,292.1,0.9,766,2025-05-01 16:57:07,781.72,1.48
5,running,127.45,0.42,0,2025-05-01 16:57:07,692.27,1.55
6,error,60.0,0.2,0,2025-05-01 16:57:07,769.31,1.53
7,running,279.87,0.9,1180,2025-05-01 16:57:07,678.67,1.53
8,running,137.57,0.34,0,2025-05-01 16:57:07,674.69,1.52
9,running,60,0.9,658,2025-05-01 16:57:07,703.77,1.55
10,running,187.35,0.9,1722,2025-05-01 16:57:07,695.21,1.49
1,running,60,0.37,0,2025-05-01 16:57:17,751.03,1.48
2,running,170.66,0.69,222,2025-05-01 16:57:17,732.35,1.51
3,idle,60.0,0.2,0,2025-05-01 16:57:17,747.75,1.5
4,running,295.67,0.87,269,2025-05-01 16:57:17,781.72,1.48
5,running,217.81,0.71,311,2025-05-01 16:57:17,692.27,1.55
6,running,117.79,0.39,545,2025-05-01 16:57:17,769.31,1.53
7,running,300,0.9,565,2025-05-01 16:57:17,678.67,1.53
8,running,189.25,0.56,352,2025-05-01 16:57:17,674.7,1.53
9,running,154.91,0.9,1337,2025-05-01 16:57:17,703.77,1.55
10,running,237.34,0.9,2440,2025-05-01 16:57:17,695.21,1.49
1,running,122.27,0.69,520,2025-05-01 16:57:27,751.04,1.49
2,idle,60.0,0.2,0,2025-05-01 16:57:27,732.35,1.51
3,running,91.3,0.33,432,2025-05-01 16:57:27,747.75,1.5
4,running,300,0.9,0,2025-05-01 16:57:27,781.72,1.48
5,running,262.85,0.9,1077,2025-05-01 16:57:27,692.27,1.55
6,running,124.52,0.64,0,2025-05-01 16:57:27,769.31,1.53
7,running,300,0.9,1422,2025-05-01 16:57:27,678.68,1.54
8,running,282.44,0.9,1351,2025-05-01 16:57:27,674.7,1.53
9,running,247.93,0.9,741,2025-05-01 16:57:27,703.77,1.55
10,idle,60.0,0.2,0,2025-05-01 16:57:27,695.21,1.49
1,running,214.16,0.9,583,2025-05-01 16:57:37,751.04,1.49
2,idle,60.0,0.2,0,2025-05-01 16:57:37,732.35,1.51
3,running,75.9,0.61,33,2025-05-01 16:57:37,747.75,1.5
4,running,300,0.9,257,2025-05-01 16:57:37,781.72,1.48
5,running,252.82,0.9,233,2025-05-01 16:57:37,692.28,1.56
6,running,119.99,0.65,929,2025-05-01 16:57:37,769.31,1.53
7,running,300,0.9,1461,2025-05-01 16:57:37,678.68,1.54
8,running,300,0.9,747,2025-05-01 16:57:37,674.7,1.53
9,error,60.0,0.2,0,2025-05-01 16:57:37,703.77,1.55
10,idle,60.0,0.2,0,2025-05-01 16:57:37,695.21,1.49
1,running,207.12,0.87,1245,2025-05-01 16:57:47,751.04,1.49
2,running,112.04,0.25,0,2025-05-01 16:57:47,732.35,1.51
3,idle,60.0,0.2,0,2025-05-01 16:57:47,747.75,1.5
4,error,60.0,0.2,0,2025-05-01 16:57:47,781.72,1.48
5,idle,60.0,0.2,0,2025-05-01 16:57:47,692.28,1.56
6,running,125.3,0.9,534,2025-05-01 16:57:47,769.32,1.54
7,running,265.1,0.9,1487,2025-05-01 16:57:47,678.68,1.54
8,error,60.0,0.2,0,2025-05-01 16:57:47,674.7,1.53
9,running,153.89,0.21,785,2025-05-01 16:57:47,703.78,1.56
10,running,60,0.52,142,2025-05-01 16:57:47,695.22,1.5
1,running,194.35,0.9,309,2025-05-01 16:57:57,751.04,1.49
2,idle,60.0,0.2,0,2025-05-01 16:57:57,732.35,1.51
3,running,113.01,0.2,388,2025-05-01 16:57:57,747.75,1.5
4,idle,60.0,0.2,0,2025-05-01 16:57:57,781.72,1.48
5,running,60,0.47,0,2025-05-01 16:57:57,692.28,1.56
6,running,184.45,0.9,0,2025-05-01 16:57:57,769.32,1.54
7,running,220.04,0.9,833,2025-05-01 16:57:57,678.68,1.54
8,running,60,0.16,0,2025-05-01 16:57:57,674.7,1.53
9,running,164.03,0.29,143,2025-05-01 16:57:57,703.78,1.56
10,running,106.0,0.78,0,2025-05-01 16:57:57,695.22,1.5
1,running,238.7,0.9,934,2025-05-01 16:58:07,751.05,1.5
2,running,60,0.62,561,2025-05-01 16:58:07,732.36,1.52
3,running,204.89,0.68,0,2025-05-01 16:58:07,747.76,1.51
4,running,96.61,0.49,239,2025-05-01 16:58:07,781.73,1.49
5,running,60,0.75,0,2025-05-01 16:58:07,692.28,1.56
6,running,162.36,0.89,580,2025-05-01 16:58:07,769.32,1.54
7,idle,60.0,0.2,0,2025-05-01 16:58:07,678.68,1.54
8,idle,60.0,0.2,0,2025-05-01 16:58:07,674.7,1.53
9,running,147.18,0.38,655,2025-05-01 16:58:07,703.78,1.56
10,idle,60.0,0.2,0,2025-05-01 16:58:07,695.22,1.5
1,running,199.28,0.9,641,2025-05-01 16:58:17,751.05,1.5
2,running,60,0.9,0,2025-05-01 16:58:17,732.36,1.52
3,running,228.6,0.9,0,2025-05-01 16:58:17,747.76,1.51
4,running,143.78,0.55,931,2025-05-01 16:58:17,781.73,1.49
5,running,75.81,0.78,0,2025-05-01 16:58:17,692.28,1.56
6,idle,60.0,0.2,0,2025-05-01 16:58:17,769.32,1.54
7,running,60,0.5,0,2025-05-01 16:58:17,678.69,1.55
8,running,84.83,0.38,0,2025-05-01 16:58:17,674.71,1.54
9,running,168.5,0.56,26,2025-05-01 16:58:17,703.78,1.56
10,running,93.79,0.3,0,2025-05-01 16:58:17,695.22,1.5
1,running,222.37,0.9,807,2025-05-01 16:58:27,751.05,1.5
2,running,129.25,0.9,0,2025-05-01 16:58:27,732.36,1.52
3,running,300,0.9,819,2025-05-01 16:58:27,747.76,1.51
4,running,136.76,0.68,1447,2025-05-01 16:58:27,781.73,1.49
5,running,150.02,0.9,0,2025-05-01 16:58:27,692.29,1.57
6,running,132.16,0.32,396,2025-05-01 16:58:27,769.33,1.55
7,running,60,0.9,0,2025-05-01 16:58:27,678.69,1.55
8,running,115.49,0.54,276,2025-05-01 16:58:27,674.71,1.54
9,running,207.16,0.9,0,2025-05-01 16:58:27,703.79,1.57
10,running,152.64,0.57,0,2025-05-01 16:58:27,695.23,1.51
1,running,230.76,0.88,1251,2025-05-01 16:58:37,751.06,1.51
2,running,191.61,0.9,0,2025-05-01 16:58:37,732.37,1.53
3,running,269.79,0.9,1731,2025-05-01 16:58:37,747.77,1.52
4,running,123.13,0.9,1994,2025-05-01 16:58:37,781.73,1.49
5,running,193.1,0.9,733,2025-05-01 16:58:37,692.29,1.57
6,running,175.59,0.28,509,2025-05-01 16:58:37,769.33,1.55
7,running,146.82,0.9,0,2025-05-01 16:58:37,678.69,1.55
8,running,84.09,0.64,0,2025-05-01 16:58:37,674.71,1.54
9,running,205.81,0.9,489,2025-05-01 16:58:37,703.79,1.57
10,running,143.04,0.71,0,2025-05-01 16:58:37,695.23,1.51
1,running,190.44,0.9,477,2025-05-01 16:58:47,751.06,1.51
2,running,167.73,0.9,0,2025-05-01 16:58:47,732.37,1.53
3,running,259.5,0.9,1675,2025-05-01 16:58:47,747.77,1.52
4,running,136.74,0.9,2916,2025-05-01 16:58:47,781.74,1.5
5,running,237.64,0.9,1459,2025-05-01 16:58:47,692.29,1.57
6,running,254.8,0.43,0,2025-05-01 16:58:47,769.33,1.55
7,running,112.58,0.9,66,2025-05-01 16:58:47,678.7,1.56
8,running,73.53,0.64,0,2025-05-01 16:58:47,674.71,1.54
9,running,260.51,0.9,0,2025-05-01 16:58:47,703.79,1.57
10,running,108.95,0.9,916,2025-05-01 16:58:47,695.23,1.51
1,running,184.81,0.9,419,2025-05-01 16:58:57,751.06,1.51
2,running,251.48,0.9,0,2025-05-01 16:58:57,732.37,1.53
3,idle,60.0,0.2,0,2025-05-01 16:58:57,747.77,1.52
4,idle,60.0,0.2,0,2025-05-01 16:58:57,781.74,1.5
5,running,300,0.9,654,2025-05-01 16:58:57,692.29,1.57
6,running,300,0.65,0,2025-05-01 16:58:57,769.33,1.55
7,running,198.63,0.9,0,2025-05-01 16:58:57,678.7,1.56
8,running,60,0.87,259,2025-05-01 16:58:57,674.72,1.55
9,running,300,0.9,261,2025-05-01 16:58:57,703.8,1.58
10,running,166.87,0.9,1329,2025-05-01 16:58:57,695.23,1.51
1,idle,60.0,0.2,0,2025-05-01 16:59:07,751.06,1.51
2,running,260.49,0.9,0,2025-05-01 16:59:07,732.37,1.53
3,running,60,0.21,381,2025-05-01 16:59:07,747.77,1.52
4,idle,60.0,0.2,0,2025-05-01 16:59:07,781.74,1.5
5,running,280.21,0.9,712,2025-05-01 16:59:07,692.3,1.58
6,error,60.0,0.2,0,2025-05-01 16:59:07,769.33,1.55
7,running,202.24,0.9,247,2025-05-01 16:59:07,678.7,1.56
8,running,60,0.9,380,2025-05-01 16:59:07,674.72,1.55
9,running,269.65,0.9,0,2025-05-01 16:59:07,703.8,1.58
10,running,157.81,0.9,2104,2025-05-01 16:59:07,695.24,1.52
1,running,60,0.49,0,2025-05-01 16:59:17,751.06,1.51
2,running,239.25,0.9,0,2025-05-01 16:59:17,732.38,1.54
3,running,127.11,0.6,0,2025-05-01 16:59:17,747.77,1.52
4,running,81.34,0.54,971,2025-05-01 16:59:17,781.74,1.5
5,running,258.99,0.9,1208,2025-05-01 16:59:17,692.3,1.58
6,running,60,0.33,355,2025-05-01 16:59:17,769.34,1.56
7,running,286.73,0.9,94,2025-05-01 16:59:17,678.7,1.56
8,running,131.6,0.9,0,2025-05-01 16:59:17,674.72,1.55
9,running,245.85,0.9,772,2025-05-01 16:59:17,703.8,1.58
10,running,201.44,0.9,1777,2025-05-01 16:59:17,695.24,1.52
1,running,158.05,0.69,836,2025-05-01 16:59:27,751.07,1.52
2,running,254.11,0.9,383,2025-05-01 16:59:27,732.38,1.54
3,running,158.88,0.73,0,2025-05-01 16:59:27,747.78,1.53
4,running,155.96,0.87,371,2025-05-01 16:59:27,781.74,1.5
5,running,265.87,0.9,1257,2025-05-01 16:59:27,692.3,1.58
6,running,60,0.78,370,2025-05-01 16:59:27,769.34,1.56
7,running,273.25,0.9,172,2025-05-01 16:59:27,678.71,1.57
8,running,120.67,0.9,0,2025-05-01 16:59:27,674.73,1.56
9,error,60.0,0.2,0,2025-05-01 16:59:27,703.8,1.58
10,idle,60.0,0.2,0,2025-05-01 16:59:27,695.24,1.52
1,running,238.89,0.9,1219,2025-05-01 16:59:37,751.07,1.52
2,running,300,0.9,0,2025-05-01 16:59:37,732.38,1.54
3,running,231.23,0.9,0,2025-05-01 16:59:37,747.78,1.53
4,running,216.22,0.9,0,2025-05-01 16:59:37,781.75,1.51
5,running,300,0.9,1145,2025-05-01 16:59:37,692.31,1.59
6,running,129.33,0.9,335,2025-05-01 16:59:37,769.34,1.56
7,running,300,0.85,87,2025-05-01 16:59:37,678.71,1.57
8,running,132.69,0.9,898,2025-05-01 16:59:37,674.73,1.56
9,running,64.99,0.66,0,2025-05-01 16:59:37,703.8,1.58
10,running,69.2,0.64,0,2025-05-01 16:59:37,695.24,1.52
1,running,297.44,0.9,2138,2025-05-01 16:59:47,751.07,1.52
2,error,60.0,0.2,0,2025-05-01 16:59:47,732.38,1.54
3,running,295.65,0.9,864,2025-05-01 16:59:47,747.78,1.53
4,running,241.16,0.9,520,2025-05-01 16:59:47,781.75,1.51
5,running,278.49,0.9,1019,2025-05-01 16:59:47,692.31,1.59
6,idle,60.0,0.2,0,2025-05-01 16:59:47,769.34,1.56
7,idle,60.0,0.2,0,2025-05-01 16:59:47,678.71,1.57
8,running,171.27,0.9,803,2025-05-01 16:59:47,674.73,1.56
9,running,116.91,0.87,0,2025-05-01 16:59:47,703.81,1.59
10,running,66.57,0.72,603,2025-05-01 16:59:47,695.24,1.52
1,running,300,0.9,1731,2025-05-01 16:59:57,751.07,1.52
2,error,60.0,0.2,0,2025-05-01 16:59:57,732.38,1.54
3,running,300,0.9,192,2025-05-01 16:59:57,747.79,1.54
4,running,233.74,0.9,0,2025-05-01 16:59:57,781.75,1.51
5,running,238.21,0.9,979,2025-05-01 16:59:57,692.31,1.59
6,running,156.64,0.62,0,2025-05-01 16:59:57,769.35,1.57
7,running,60,0.27,0,2025-05-01 16:59:57,678.71,1.57
8,running,197.83,0.9,325,2025-05-01 16:59:57,674.73,1.56
9,running,129.21,0.9,611,2025-05-01 16:59:57,703.81,1.59
10,running,94.31,0.72,221,2025-05-01 16:59:57,695.25,1.53
1,running,300,0.9,1285,2025-05-01 17:00:07,751.08,1.53
2,running,60,0.41,805,2025-05-01 17:00:07,732.38,1.54
3,running,300,0.9,574,2025-05-01 17:00:07,747.79,1.54
4,running,252.69,0.9,0,2025-05-01 17:00:07,781.75,1.51
5,running,238.81,0.9,1872,2025-05-01 17:00:07,692.31,1.59
6,running,110.08,0.67,0,2025-05-01 17:00:07,769.35,1.57
7,running,60,0.75,0,2025-05-01 17:00:07,678.72,1.58
8,running,213.86,0.9,1095,2025-05-01 17:00:07,674.74,1.57
9,running,204.84,0.89,1337,2025-05-01 17:00:07,703.81,1.59
10,running,153.62,0.9,0,2025-05-01 17:00:07,695.25,1.53
1,running,300,0.9,984,2025-05-01 17:00:17,751.08,1.53
2,running,109.56,0.42,0,2025-05-01 17:00:17,732.39,1.55
3,running,254.84,0.9,0,2025-05-01 17:00:17,747.79,1.54
4,running,300,0.88,357,2025-05-01 17:00:17,781.76,1.52
5,running,231.39,0.9,2711,2025-05-01 17:00:17,692.32,1.6
6,running,177.21,0.64,577,2025-05-01 17:00:17,769.35,1.57
7,running,60,0.9,973,2025-05-01 17:00:17,678.72,1.58
8,running,214.04,0.9,1508,2025-05-01 17:00:17,674.74,1.57
9,idle,60.0,0.2,0,2025-05-01 17:00:17,703.81,1.59
10,running,194.88,0.9,0,2025-05-01 17:00:17,695.25,1.53
1,running,300,0.9,1730,2025-05-01 17:00:27,751.08,1.53
2,idle,60.0,0.2,0,2025-05-01 17:00:27,732.39,1.55
3,running,275.96,0.9,66,2025-05-01 17:00:27,747.79,1.54
4,running,300,0.9,1226,2025-05-01 17:00:27,781.76,1.52
5,idle,60.0,0.2,0,2025-05-01 17:00:27,692.32,1.6
6,running,245.14,0.73,928,2025-05-01 17:00:27,769.35,1.57
7,running,105.34,0.86,863,2025-05-01 17:00:27,678.72,1.58
8,idle,60.0,0.2,0,2025-05-01 17:00:27,674.74,1.57
9,running,122.18,0.17,0,2025-05-01 17:00:27,703.82,1.6
10,running,167.43,0.9,413,2025-05-01 17:00:27,695.26,1.54
1,idle,60.0,0.2,0,2025-05-01 17:00:37,751.08,1.53
2,running,148.66,0.25,805,2025-05-01 17:00:37,732.39,1.55
3,running,300,0.9,0,2025-05-01 17:00:37,747.8,1.55
4,running,300,0.9,1237,2025-05-01 17:00:37,781.76,1.52
5,running,144.96,0.22,43,2025-05-01 17:00:37,692.32,1.6
6,running,220.84,0.9,1363,2025-05-01 17:00:37,769.36,1.58
7,running,124.23,0.9,1650,2025-05-01 17:00:37,678.72,1.58
8,running,60,0.18,925,2025-05-01 17:00:37,674.74,1.57
9,running,175.2,0.14,891,2025-05-01 17:00:37,703.82,1.6
10,running,146.05,0.9,0,2025-05-01 17:00:37,695.26,1.54
1,running,60,0.43,0,2025-05-01 17:00:47,751.09,1.54
2,running,227.1,0.56,923,2025-05-01 17:00:47,732.39,1.55
3,running,273.44,0.88,0,2025-05-01 17:00:47,747.8,1.55
4,running,281.12,0.9,1420,2025-05-01 17:00:47,781.77,1.53
5,idle,60.0,0.2,0,2025-05-01 17:00:47,692.32,1.6
6,running,173.13,0.9,522,2025-05-01 17:00:47,769.36,1.58
7,running,156.2,0.9,727,2025-05-01 17:00:47,678.73,1.59
8,idle,60.0,0.2,0,2025-05-01 17:00:47,674.74,1.57
9,running,146.75,0.32,202,2025-05-01 17:00:47,703.82,1.6
10,running,199.21,0.9,85,2025-05-01 17:00:47,695.26,1.54
1,running,62.09,0.66,0,2025-05-01 17:00:57,751.09,1.54
2,running,300,0.69,683,2025-05-01 17:00:57,732.4,1.56
3,running,300,0.9,938,2025-05-01 17:00:57,747.8,1.55
4,idle,60.0,0.2,0,2025-05-01 17:00:57,781.77,1.53
5,error,60.0,0.2,0,2025-05-01 17:00:57,692.32,1.6
6,running,159.66,0.9,620,2025-05-01 17:00:57,769.36,1.58
7,running,166.32,0.9,623,2025-05-01 17:00:57,678.73,1.59
8,error,60.0,0.2,0,2025-05-01 17:00:57,674.74,1.57
9,running,208.68,0.44,828,2025-05-01 17:00:57,703.82,1.6
10,running,184.79,0.9,652,2025-05-01 17:00:57,695.26,1.54
1,running,60,0.9,536,2025-05-01 17:01:07,751.09,1.54
2,running,256.49,0.9,1357,2025-05-01 17:01:07,732.4,1.56
3,running,295.06,0.9,1508,2025-05-01 17:01:07,747.8,1.55
4,running,84.22,0.61,0,2025-05-01 17:01:07,781.77,1.53
5,idle,60.0,0.2,0,2025-05-01 17:01:07,692.32,1.6
6,running,150.88,0.9,637,2025-05-01 17:01:07,769.36,1.58
7,idle,60.0,0.2,0,2025-05-01 17:01:07,678.73,1.59
8,idle,60.0,0.2,0,2025-05-01 17:01:07,674.74,1.57
9,running,252.78,0.7,895,2025-05-01 17:01:07,703.83,1.61
10,running,208.79,0.9,427,2025-05-01 17:01:07,695.27,1.55
1,running,60,0.9,830,2025-05-01 17:01:17,751.09,1.54
2,running,209.57,0.9,2333,2025-05-01 17:01:17,732.4,1.56
3,running,300,0.9,714,2025-05-01 17:01:17,747.81,1.56
4,running,131.02,0.84,72,2025-05-01 17:01:17,781.77,1.53
5,running,122.83,0.2,514,2025-05-01 17:01:17,692.32,1.6
6,idle,60.0,0.2,0,2025-05-01 17:01:17,769.36,1.58
7,running,69.99,0.23,0,2025-05-01 17:01:17,678.73,1.59
8,running,60,0.26,0,2025-05-01 17:01:17,674.75,1.58
9,running,245.18,0.9,0,2025-05-01 17:01:17,703.83,1.61
10,running,182.22,0.9,368,2025-05-01 17:01:17,695.27,1.55
1,running,60,0.9,1099,2025-05-01 17:01:27,751.1,1.55
2,running,164.06,0.9,1964,2025-05-01 17:01:27,732.4,1.56
3,running,300,0.9,0,2025-05-01 17:01:27,747.81,1.56
4,running,92.42,0.9,783,2025-05-01 17:01:27,781.77,1.53
5,running,218.98,0.42,267,2025-05-01 17:01:27,692.33,1.61
6,running,96.51,0.5,0,2025-05-01 17:01:27,769.37,1.59
7,running,99.14,0.34,0,2025-05-01 17:01:27,678.73,1.59
8,idle,60.0,0.2,0,2025-05-01 17:01:27,674.75,1.58
9,idle,60.0,0.2,0,2025-05-01 17:01:27,703.83,1.61
10,idle,60.0,0.2,0,2025-05-01 17:01:27,695.27,1.55
1,running,60,0.9,2045,2025-05-01 17:01:37,751.1,1.55
2,running,258.76,0.85,1478,2025-05-01 17:01:37,732.41,1.57
3,running,300,0.9,0,2025-05-01 17:01:37,747.81,1.56
4,running,147.35,0.9,345,2025-05-01 17:01:37,781.78,1.54
5,running,178.31,0.87,474,2025-05-01 17:01:37,692.33,1.61
6,running,60,0.72,446,2025-05-01 17:01:37,769.37,1.59
7,running,86.7,0.47,194,2025-05-01 17:01:37,678.74,1.6
8,running,60,0.36,0,2025-05-01 17:01:37,674.75,1.58
9,running,154.86,0.29,364,2025-05-01 17:01:37,703.83,1.61
10,running,60,0.16,0,2025-05-01 17:01:37,695.27,1.55
1,running,85.1,0.9,2790,2025-05-01 17:01:47,751.1,1.55
2,running,210.16,0.9,2213,2025-05-01 17:01:47,732.41,1.57
3,running,300,0.9,0,2025-05-01 17:01:47,747.82,1.57
4,idle,60.0,0.2,0,2025-05-01 17:01:47,781.78,1.54
5,running,167.7,0.9,0,2025-05-01 17:01:47,692.33,1.61
6,running,153.37,0.9,1312,2025-05-01 17:01:47,769.37,1.59
7,running,60,0.8,0,2025-05-01 17:01:47,678.74,1.6
8,running,60,0.57,0,2025-05-01 17:01:47,674.75,1.58
9,running,168.86,0.61,0,2025-05-01 17:01:47,703.83,1.61
10,running,60,0.4,82,2025-05-01 17:01:47,695.28,1.56
1,running,87.77,0.9,2131,2025-05-01 17:01:57,751.11,1.56
2,idle,60.0,0.2,0,2025-05-01 17:01:57,732.41,1.57
3,running,300,0.89,0,2025-05-01 17:01:57,747.82,1.57
4,running,60,0.32,0,2025-05-01 17:01:57,781.78,1.54
5,running,207.55,0.9,742,2025-05-01 17:01:57,692.33,1.61
6,running,179.65,0.9,2015,2025-05-01 17:01:57,769.38,1.6
7,running,60,0.9,0,2025-05-01 17:01:57,678.74,1.6
8,running,110.86,0.73,371,2025-05-01 17:01:57,674.75,1.58
9,running,133.14,0.65,597,2025-05-01 17:01:57,703.84,1.62
10,idle,60.0,0.2,0,2025-05-01 17:01:57,695.28,1.56
1,running,159.37,0.9,1670,2025-05-01 17:02:07,751.11,1.56
2,idle,60.0,0.2,0,2025-05-01 17:02:07,732.41,1.57
3,running,300,0.9,322,2025-05-01 17:02:07,747.82,1.57
4,running,106.81,0.53,447,2025-05-01 17:02:07,781.78,1.54
5,running,275.72,0.9,829,2025-05-01 17:02:07,692.34,1.62
6,running,250.23,0.9,1499,2025-05-01 17:02:07,769.38,1.6
7,running,113.65,0.9,314,2025-05-01 17:02:07,678.75,1.61
8,error,60.0,0.2,0,2025-05-01 17:02:07,674.75,1.58
9,running,95.95,0.72,161,2025-05-01 17:02:07,703.84,1.62
10,running,113.19,0.5,201,2025-05-01 17:02:07,695.28,1.56
1,running,151.07,0.9,1806,2025-05-01 17:02:17,751.11,1.56
2,error,60.0,0.2,0,2025-05-01 17:02:17,732.41,1.57
3,idle,60.0,0.2,0,2025-05-01 17:02:17,747.82,1.57
4,running,97.02,0.8,632,2025-05-01 17:02:17,781.78,1.54
5,running,229.66,0.9,1454,2025-05-01 17:02:17,692.34,1.62
6,idle,60.0,0.2,0,2025-05-01 17:02:17,769.38,1.6
7,running,202.24,0.9,0,2025-05-01 17:02:17,678.75,1.61
8,running,156.43,0.64,539,2025-05-01 17:02:17,674.76,1.59
9,idle,60.0,0.2,0,2025-05-01 17:02:17,703.84,1.62
10,running,157.79,0.69,974,2025-05-01 17:02:17,695.28,1.56
1,running,166.69,0.9,1634,2025-05-01 17:02:27,751.11,1.56
2,running,120.37,0.52,178,2025-05-01 17:02:27,732.41,1.57
3,running,60,0.58,0,2025-05-01 17:02:27,747.82,1.57
4,running,64.25,0.9,260,2025-05-01 17:02:27,781.79,1.55
5,running,207.58,0.9,993,2025-05-01 17:02:27,692.34,1.62
6,idle,60.0,0.2,0,2025-05-01 17:02:27,769.38,1.6
7,idle,60.0,0.2,0,2025-05-01 17:02:27,678.75,1.61
8,running,128.42,0.77,1430,2025-05-01 17:02:27,674.76,1.59
9,running,93.88,0.36,0,2025-05-01 17:02:27,703.84,1.62
10,running,196.65,0.85,1132,2025-05-01 17:02:27,695.28,1.56
1,running,241.45,0.9,2219,2025-05-01 17:02:38,751.12,1.57
2,running,162.07,0.52,222,2025-05-01 17:02:38,732.42,1.58
3,running,60,0.9,0,2025-05-01 17:02:38,747.83,1.58
4,running,141.51,0.9,1125,2025-05-01 17:02:38,781.79,1.55
5,running,244.91,0.9,273,2025-05-01 17:02:38,692.34,1.62
6,running,74.6,0.28,0,2025-05-01 17:02:38,769.38,1.6
7,running,101.07,0.67,0,2025-05-01 17:02:38,678.75,1.61
8,idle,60.0,0.2,0,2025-05-01 17:02:38,674.76,1.59
9,running,133.53,0.65,0,2025-05-01 17:02:38,703.85,1.63
10,running,217.45,0.9,1669,2025-05-01 17:02:38,695.29,1.57
1,running,286.81,0.9,1725,2025-05-01 17:02:48,751.12,1.57
2,running,184.77,0.89,426,2025-05-01 17:02:48,732.42,1.58
3,running,134.48,0.9,0,2025-05-01 17:02:48,747.83,1.58
4,running,170.01,0.9,1468,2025-05-01 17:02:48,781.79,1.55
5,running,247.98,0.9,440,2025-05-01 17:02:48,692.35,1.63
6,running,60,0.4,0,2025-05-01 17:02:48,769.38,1.6
7,running,174.3,0.9,0,2025-05-01 17:02:48,678.75,1.61
8,idle,60.0,0.2,0,2025-05-01 17:02:48,674.76,1.59
9,idle,60.0,0.2,0,2025-05-01 17:02:48,703.85,1.63
10,running,235.22,0.9,938,2025-05-01 17:02:48,695.29,1.57
1,running,295.71,0.9,1575,2025-05-01 17:02:58,751.12,1.57
2,running,274.99,0.9,561,2025-05-01 17:02:58,732.42,1.58
3,running,233.58,0.9,517,2025-05-01 17:02:58,747.83,1.58
4,running,215.76,0.9,2138,2025-05-01 17:02:58,781.8,1.56
5,running,252.49,0.9,746,2025-05-01 17:02:58,692.35,1.63
6,running,146.18,0.68,0,2025-05-01 17:02:58,769.39,1.61
7,idle,60.0,0.2,0,2025-05-01 17:02:58,678.75,1.61
8,idle,60.0,0.2,0,2025-05-01 17:02:58,674.76,1.59
9,idle,60.0,0.2,0,2025-05-01 17:02:58,703.85,1.63
10,running,300,0.9,1552,2025-05-01 17:02:58,695.29,1.57
1,running,261.49,0.9,2402,2025-05-01 17:03:08,751.12,1.57
2,running,300,0.9,793,2025-05-01 17:03:08,732.42,1.58
3,running,204.6,0.9,0,2025-05-01 17:03:08,747.84,1.59
4,running,289.67,0.9,3058,2025-05-01 17:03:08,781.8,1.56
5,running,239.92,0.9,1184,2025-05-01 17:03:08,692.35,1.63
6,running,101.4,0.87,270,2025-05-01 17:03:08,769.39,1.61
7,running,60,0.24,0,2025-05-01 17:03:08,678.76,1.62
8,idle,60.0,0.2,0,2025-05-01 17:03:08,674.76,1.59
9,running,126.85,0.63,629,2025-05-01 17:03:08,703.85,1.63
10,idle,60.0,0.2,0,2025-05-01 17:03:08,695.29,1.57
1,running,299.53,0.9,3158,2025-05-01 17:03:18,751.13,1.58
2,running,300,0.9,1124,2025-05-01 17:03:18,732.43,1.59
3,idle,60.0,0.2,0,2025-05-01 17:03:18,747.84,1.59
4,error,60.0,0.2,0,2025-05-01 17:03:18,781.8,1.56
5,running,237.64,0.9,1286,2025-05-01 17:03:18,692.36,1.64
6,running,107.88,0.9,587,2025-05-01 17:03:18,769.39,1.61
7,running,71.23,0.42,0,2025-05-01 17:03:18,678.76,1.62
8,running,99.62,0.44,0,2025-05-01 17:03:18,674.76,1.59
9,error,60.0,0.2,0,2025-05-01 17:03:18,703.85,1.63
10,running,114.37,0.56,449,2025-05-01 17:03:18,695.29,1.57
1,error,60.0,0.2,0,2025-05-01 17:03:28,751.13,1.58
2,running,255.45,0.9,1413,2025-05-01 17:03:28,732.43,1.59
3,running,130.35,0.2,983,2025-05-01 17:03:28,747.84,1.59
4,running,118.18,0.59,0,2025-05-01 17:03:28,781.8,1.56
5,running,300,0.9,2102,2025-05-01 17:03:28,692.36,1.64
6,running,158.66,0.9,1208,2025-05-01 17:03:28,769.4,1.62
7,running,122.86,0.39,932,2025-05-01 17:03:28,678.76,1.62
8,idle,60.0,0.2,0,2025-05-01 17:03:28,674.76,1.59
9,running,60,0.63,0,2025-05-01 17:03:28,703.85,1.63
10,running,82.61,0.9,748,2025-05-01 17:03:28,695.3,1.58
1,running,60,0.55,0,2025-05-01 17:03:38,751.13,1.58
2,idle,60.0,0.2,0,2025-05-01 17:03:38,732.43,1.59
3,running,114.39,0.39,20,2025-05-01 17:03:38,747.84,1.59
4,idle,60.0,0.2,0,2025-05-01 17:03:38,781.8,1.56
5,running,253.64,0.9,1939,2025-05-01 17:03:38,692.36,1.64
6,running,135.62,0.9,1245,2025-05-01 17:03:38,769.4,1.62
7,idle,60.0,0.2,0,2025-05-01 17:03:38,678.76,1.62
8,running,88.95,0.23,0,2025-05-01 17:03:38,674.76,1.59
9,running,118.43,0.82,56,2025-05-01 17:03:38,703.85,1.63
10,running,92.2,0.9,606,2025-05-01 17:03:38,695.3,1.58
1,running,93.62,0.6,904,2025-05-01 17:03:48,751.13,1.58
2,running,124.68,0.55,0,2025-05-01 17:03:48,732.43,1.59
3,running,66.63,0.53,1,2025-05-01 17:03:48,747.84,1.59
4,running,60,0.55,614,2025-05-01 17:03:48,781.8,1.56
5,running,258.58,0.9,2445,2025-05-01 17:03:48,692.36,1.64
6,running,90.73,0.9,1397,2025-05-01 17:03:48,769.4,1.62
7,running,130.47,0.29,0,2025-05-01 17:03:48,678.77,1.63
8,idle,60.0,0.2,0,2025-05-01 17:03:48,674.76,1.59
9,running,147.3,0.9,0,2025-05-01 17:03:48,703.86,1.64
10,running,175.2,0.9,625,2025-05-01 17:03:48,695.3,1.58
1,running,189.36,0.9,979,2025-05-01 17:03:58,751.14,1.59
2,idle,60.0,0.2,0,2025-05-01 17:03:58,732.43,1.59
3,running,156.68,0.9,701,2025-05-01 17:03:58,747.85,1.6
4,running,60,0.54,903,2025-05-01 17:03:58,781.81,1.57
5,running,298.13,0.9,3159,2025-05-01 17:03:58,692.37,1.65
6,running,130.77,0.86,1893,2025-05-01 17:03:58,769.4,1.62
7,running,97.2,0.6,783,2025-05-01 17:03:58,678.77,1.63
8,running,81.94,0.17,0,2025-05-01 17:03:58,674.77,1.6
9,running,197.3,0.9,488,2025-05-01 17:03:58,703.86,1.64
10,idle,60.0,0.2,0,2025-05-01 17:03:58,695.3,1.58
1,running,252.07,0.9,685,2025-05-01 17:04:08,751.14,1.59
2,running,60,0.16,338,2025-05-01 17:04:08,732.43,1.59
3,running,210.4,0.9,880,2025-05-01 17:04:08,747.85,1.6
4,running,126.82,0.9,537,2025-05-01 17:04:08,781.81,1.57
5,running,300,0.9,3226,2025-05-01 17:04:08,692.37,1.65
6,running,179.08,0.9,1182,2025-05-01 17:04:08,769.41,1.63
7,running,94.98,0.77,800,2025-05-01 17:04:08,678.77,1.63
8,running,60,0.52,0,2025-05-01 17:04:08,674.77,1.6
9,idle,60.0,0.2,0,2025-05-01 17:04:08,703.86,1.64
10,error,60.0,0.2,0,2025-05-01 17:04:08,695.3,1.58
1,running,284.83,0.9,1321,2025-05-01 17:04:18,751.14,1.59
2,running,121.8,0.47,0,2025-05-01 17:04:18,732.44,1.6
3,running,257.68,0.9,1299,2025-05-01 17:04:18,747.85,1.6
4,idle,60.0,0.2,0,2025-05-01 17:04:18,781.81,1.57
5,idle,60.0,0.2,0,2025-05-01 17:04:18,692.37,1.65
6,idle,60.0,0.2,0,2025-05-01 17:04:18,769.41,1.63
7,running,149.97,0.9,555,2025-05-01 17:04:18,678.77,1.63
8,running,151.84,0.86,0,2025-05-01 17:04:18,674.77,1.6
9,running,60,0.55,926,2025-05-01 17:04:18,703.86,1.64
10,running,60,0.32,0,2025-05-01 17:04:18,695.31,1.59
1,running,267.9,0.9,942,2025-05-01 17:04:28,751.14,1.59
2,idle,60.0,0.2,0,2025-05-01 17:04:28,732.44,1.6
3,idle,60.0,0.2,0,2025-05-01 17:04:28,747.85,1.6
4,running,95.98,0.3,975,2025-05-01 17:04:28,781.81,1.57
5,idle,60.0,0.2,0,2025-05-01 17:04:28,692.37,1.65
6,running,60,0.39,480,2025-05-01 17:04:28,769.41,1.63
7,running,113.53,0.9,1473,2025-05-01 17:04:28,678.78,1.64
8,running,123.61,0.9,0,2025-05-01 17:04:28,674.78,1.61
9,running,60,0.9,1303,2025-05-01 17:04:28,703.87,1.65
10,running,134.58,0.36,0,2025-05-01 17:04:28,695.31,1.59
1,running,217.97,0.9,1146,2025-05-01 17:04:38,751.15,1.6
2,running,84.3,0.23,0,2025-05-01 17:04:38,732.44,1.6
3,running,129.95,0.32,756,2025-05-01 17:04:38,747.85,1.6
4,running,121.99,0.65,866,2025-05-01 17:04:38,781.82,1.58
5,running,72.41,0.25,514,2025-05-01 17:04:38,692.37,1.65
6,running,134.52,0.66,275,2025-05-01 17:04:38,769.41,1.63
7,running,131.57,0.9,1322,2025-05-01 17:04:38,678.78,1.64
8,running,95.51,0.9,0,2025-05-01 17:04:38,674.78,1.61
9,running,61.82,0.9,528,2025-05-01 17:04:38,703.87,1.65
10,running,94.1,0.43,855,2025-05-01 17:04:38,695.31,1.59
1,running,201.98,0.9,1657,2025-05-01 17:04:48,751.15,1.6
2,running,85.03,0.26,922,2025-05-01 17:04:48,732.44,1.6
3,running,191.08,0.59,760,2025-05-01 17:04:48,747.86,1.61
4,idle,60.0,0.2,0,2025-05-01 17:04:48,781.82,1.58
5,running,64.45,0.22,1098,2025-05-01 17:04:48,692.38,1.66
6,running,229.04,0.67,974,2025-05-01 17:04:48,769.41,1.63
7,running,157.65,0.9,2062,2025-05-01 17:04:48,678.78,1.64
8,running,159.29,0.9,205,2025-05-01 17:04:48,674.78,1.61
9,running,60,0.86,1348,2025-05-01 17:04:48,703.87,1.65
10,idle,60.0,0.2,0,2025-05-01 17:04:48,695.31,1.59
1,running,155.36,0.9,2261,2025-05-01 17:04:58,751.15,1.6
2,running,115.56,0.61,1690,2025-05-01 17:04:58,732.45,1.61
3,running,216.98,0.9,475,2025-05-01 17:04:58,747.86,1.61
4,running,158.26,0.15,0,2025-05-01 17:04:58,781.82,1.58
5,running,70.24,0.23,2083,2025-05-01 17:04:58,692.38,1.66
6,idle,60.0,0.2,0,2025-05-01 17:04:58,769.41,1.63
7,idle,60.0,0.2,0,2025-05-01 17:04:58,678.78,1.64
8,running,208.22,0.9,0,2025-05-01 17:04:58,674.78,1.61
9,running,60,0.88,912,2025-05-01 17:04:58,703.87,1.65
10,running,60,0.29,0,2025-05-01 17:04:58,695.31,1.59
1,running,160.6,0.9,1460,2025-05-01 17:05:08,751.16,1.61
2,running,202.37,0.82,1194,2025-05-01 17:05:08,732.45,1.61
3,error,60.0,0.2,0,2025-05-01 17:05:08,747.86,1.61
4,running,168.79,0.54,0,2025-05-01 17:05:08,781.82,1.58
5,running,90.51,0.65,2295,2025-05-01 17:05:08,692.38,1.66
6,running,88.69,0.7,116,2025-05-01 17:05:08,769.42,1.64
7,running,64.0,0.18,48,2025-05-01 17:05:08,678.78,1.64
8,running,284.55,0.9,441,2025-05-01 17:05:08,674.79,1.62
9,running,60,0.9,1725,2025-05-01 17:05:08,703.88,1.66
10,running,60,0.41,439,2025-05-01 17:05:08,695.32,1.6
1,running,197.64,0.9,2164,2025-05-01 17:05:18,751.16,1.61
2,idle,60.0,0.2,0,2025-05-01 17:05:18,732.45,1.61
3,running,60,0.49,673,2025-05-01 17:05:18,747.86,1.61
4,running,200.05,0.9,37,2025-05-01 17:05:18,781.82,1.58
5,running,78.1,0.9,3243,2025-05-01 17:05:18,692.38,1.66
6,error,60.0,0.2,0,2025-05-01 17:05:18,769.42,1.64
7,running,100.18,0.55,0,2025-05-01 17:05:18,678.79,1.65
8,running,300,0.9,34,2025-05-01 17:05:18,674.79,1.62
9,running,79.29,0.85,1721,2025-05-01 17:05:18,703.88,1.66
10,running,60,0.75,1172,2025-05-01 17:05:18,695.32,1.6
1,running,280.43,0.9,2782,2025-05-01 17:05:28,751.16,1.61
2,running,92.19,0.28,0,2025-05-01 17:05:28,732.45,1.61
3,idle,60.0,0.2,0,2025-05-01 17:05:28,747.86,1.61
4,idle,60.0,0.2,0,2025-05-01 17:05:28,781.82,1.58
5,idle,60.0,0.2,0,2025-05-01 17:05:28,692.38,1.66
6,running,60,0.26,9,2025-05-01 17:05:28,769.42,1.64
7,running,99.24,0.7,0,2025-05-01 17:05:28,678.79,1.65
8,running,300,0.9,590,2025-05-01 17:05:28,674.79,1.62
9,running,80.85,0.83,1859,2025-05-01 17:05:28,703.88,1.66
10,running,60,0.77,481,2025-05-01 17:05:28,695.32,1.6
1,running,300,0.9,1796,2025-05-01 17:05:38,751.16,1.61
2,idle,60.0,0.2,0,2025-05-01 17:05:38,732.45,1.61
3,running,85.78,0.26,0,2025-05-01 17:05:38,747.87,1.62
4,running,60,0.42,0,2025-05-01 17:05:38,781.83,1.59
5,idle,60.0,0.2,0,2025-05-01 17:05:38,692.38,1.66
6,running,102.25,0.67,51,2025-05-01 17:05:38,769.42,1.64
7,idle,60.0,0.2,0,2025-05-01 17:05:38,678.79,1.65
8,idle,60.0,0.2,0,2025-05-01 17:05:38,674.79,1.62
9,error,60.0,0.2,0,2025-05-01 17:05:38,703.88,1.66
10,running,78.15,0.9,0,2025-05-01 17:05:38,695.33,1.61
1,running,300,0.9,2456,2025-05-01 17:05:48,751.17,1.62
2,idle,60.0,0.2,0,2025-05-01 17:05:48,732.45,1.61
3,running,142.06,0.69,70,2025-05-01 17:05:48,747.87,1.62
4,running,110.32,0.79,0,2025-05-01 17:05:48,781.83,1.59
5,error,60.0,0.2,0,2025-05-01 17:05:48,692.38,1.66
6,running,159.75,0.9,0,2025-05-01 17:05:48,769.43,1.65
7,idle,60.0,0.2,0,2025-05-01 17:05:48,678.79,1.65
8,running,95.4,0.49,0,2025-05-01 17:05:48,674.8,1.63
9,running,145.56,0.41,0,2025-05-01 17:05:48,703.88,1.66
10,running,168.76,0.9,0,2025-05-01 17:05:48,695.33,1.61
1,running,300,0.9,3137,2025-05-01 17:05:58,751.17,1.62
2,running,89.62,0.49,817,2025-05-01 17:05:58,732.45,1.61
3,running,235.36,0.8,756,2025-05-01 17:05:58,747.87,1.62
4,running,91.48,0.9,0,2025-05-01 17:05:58,781.83,1.59
5,idle,60.0,0.2,0,2025-05-01 17:05:58,692.38,1.66
6,running,238.93,0.9,141,2025-05-01 17:05:58,769.43,1.65
7,running,136.12,0.26,0,2025-05-01 17:05:58,678.79,1.65
8,running,111.05,0.7,0,2025-05-01 17:05:58,674.8,1.63
9,running,242.57,0.52,661,2025-05-01 17:05:58,703.89,1.67
10,running,194.5,0.9,982,2025-05-01 17:05:58,695.33,1.61
1,running,300,0.87,3950,2025-05-01 17:06:08,751.17,1.62
2,running,104.01,0.82,1033,2025-05-01 17:06:08,732.46,1.62
3,running,300,0.9,0,2025-05-01 17:06:08,747.87,1.62
4,idle,60.0,0.2,0,2025-05-01 17:06:08,781.83,1.59
5,running,60,0.18,0,2025-05-01 17:06:08,692.39,1.67
6,running,200.61,0.9,310,2025-05-01 17:06:08,769.43,1.65
7,running,131.11,0.43,121,2025-05-01 17:06:08,678.8,1.66
8,running,79.0,0.9,0,2025-05-01 17:06:08,674.8,1.63
9,running,213.27,0.58,63,2025-05-01 17:06:08,703.89,1.67
10,running,149.55,0.9,1146,2025-05-01 17:06:08,695.33,1.61
1,running,277.85,0.9,4193,2025-05-01 17:06:18,751.17,1.62
2,running,153.7,0.89,1310,2025-05-01 17:06:18,732.46,1.62
3,running,300,0.9,747,2025-05-01 17:06:18,747.88,1.63
4,running,92.54,0.57,567,2025-05-01 17:06:18,781.83,1.59
5,idle,60.0,0.2,0,2025-05-01 17:06:18,692.39,1.67
6,idle,60.0,0.2,0,2025-05-01 17:06:18,769.43,1.65
7,running,125.7,0.6,0,2025-05-01 17:06:18,678.8,1.66
8,running,131.95,0.9,736,2025-05-01 17:06:18,674.8,1.63
9,idle,60.0,0.2,0,2025-05-01 17:06:18,703.89,1.67
10,running,222.65,0.9,1478,2025-05-01 17:06:18,695.34,1.62
1,running,242.32,0.9,4079,2025-05-01 17:06:28,751.18,1.63
2,running,196.74,0.9,1941,2025-05-01 17:06:28,732.46,1.62
3,running,289.57,0.9,782,2025-05-01 17:06:28,747.88,1.63
4,idle,60.0,0.2,0,2025-05-01 17:06:28,781.83,1.59
5,idle,60.0,0.2,0,2025-05-01 17:06:28,692.39,1.67
6,idle,60.0,0.2,0,2025-05-01 17:06:28,769.43,1.65
7,running,170.99,0.68,0,2025-05-01 17:06:28,678.8,1.66
8,running,226.09,0.9,135,2025-05-01 17:06:28,674.81,1.64
9,running,69.11,0.64,0,2025-05-01 17:06:28,703.89,1.67
10,running,245.99,0.9,1974,2025-05-01 17:06:28,695.34,1.62
1,idle,60.0,0.2,0,2025-05-01 17:06:38,751.18,1.63
2,error,60.0,0.2,0,2025-05-01 17:06:38,732.46,1.62
3,running,300,0.9,1388,2025-05-01 17:06:38,747.88,1.63
4,running,71.45,0.6,0,2025-05-01 17:06:38,781.84,1.6
5,idle,60.0,0.2,0,2025-05-01 17:06:38,692.39,1.67
6,running,60.73,0.61,0,2025-05-01 17:06:38,769.43,1.65
7,running,248.45,0.9,291,2025-05-01 17:06:38,678.8,1.66
8,running,265.69,0.9,1059,2025-05-01 17:06:38,674.81,1.64
9,running,115.83,0.68,376,2025-05-01 17:06:38,703.9,1.68
10,running,300,0.9,2682,2025-05-01 17:06:38,695.34,1.62
1,running,131.86,0.38,0,2025-05-01 17:06:48,751.18,1.63
2,running,60,0.2,0,2025-05-01 17:06:48,732.47,1.63
3,running,300,0.9,1741,2025-05-01 17:06:48,747.89,1.64
4,idle,60.0,0.2,0,2025-05-01 17:06:48,781.84,1.6
5,running,147.49,0.35,0,2025-05-01 17:06:48,692.39,1.67
6,idle,60.0,0.2,0,2025-05-01 17:06:48,769.43,1.65
7,idle,60.0,0.2,0,2025-05-01 17:06:48,678.8,1.66
8,running,295.23,0.9,1955,2025-05-01 17:06:48,674.81,1.64
9,error,60.0,0.2,0,2025-05-01 17:06:48,703.9,1.68
10,running,300,0.9,1848,2025-05-01 17:06:48,695.34,1.62
1,idle,60.0,0.2,0,2025-05-01 17:06:58,751.18,1.63
2,running,81.35,0.3,0,2025-05-01 17:06:58,732.47,1.63
3,running,300,0.89,2699,2025-05-01 17:06:58,747.89,1.64
4,running,65.37,0.34,0,2025-05-01 17:06:58,781.84,1.6
5,running,129.55,0.5,303,2025-05-01 17:06:58,692.39,1.67
6,running,60,0.64,0,2025-05-01 17:06:58,769.44,1.66
7,error,60.0,0.2,0,2025-05-01 17:06:58,678.8,1.66
8,running,284.48,0.9,1870,2025-05-01 17:06:58,674.81,1.64
9,running,60,0.54,671,2025-05-01 17:06:58,703.9,1.68
10,idle,60.0,0.2,0,2025-05-01 17:06:58,695.34,1.62
1,running,143.49,0.21,0,2025-05-01 17:07:08,751.18,1.63
2,idle,60.0,0.2,0,2025-05-01 17:07:08,732.47,1.63
3,running,300,0.9,3337,2025-05-01 17:07:08,747.89,1.64
4,running,90.38,0.37,0,2025-05-01 17:07:08,781.84,1.6
5,running,180.17,0.88,626,2025-05-01 17:07:08,692.39,1.67
6,running,148.11,0.9,0,2025-05-01 17:07:08,769.44,1.66
7,running,60,0.39,0,2025-05-01 17:07:08,678.81,1.67
8,running,300,0.9,1131,2025-05-01 17:07:08,674.82,1.65
9,running,84.58,0.5,374,2025-05-01 17:07:08,703.9,1.68
10,idle,60.0,0.2,0,2025-05-01 17:07:08,695.34,1.62
1,running,184.13,0.18,0,2025-05-01 17:07:18,751.19,1.64
2,running,136.09,0.46,0,2025-05-01 17:07:18,732.47,1.63
3,running,300,0.9,4094,2025-05-01 17:07:18,747.89,1.64
4,running,147.48,0.56,0,2025-05-01 17:07:18,781.85,1.61
5,running,210.8,0.9,105,2025-05-01 17:07:18,692.4,1.68
6,running,241.15,0.88,746,2025-05-01 17:07:18,769.44,1.66
7,running,60,0.63,0,2025-05-01 17:07:18,678.81,1.67
8,running,300,0.86,951,2025-05-01 17:07:18,674.82,1.65
9,running,60,0.49,600,2025-05-01 17:07:18,703.9,1.68
10,running,88.6,0.59,60,2025-05-01 17:07:18,695.35,1.63
1,running,217.95,0.45,0,2025-05-01 17:07:28,751.19,1.64
2,running,92.82,0.42,693,2025-05-01 17:07:28,732.47,1.63
3,idle,60.0,0.2,0,2025-05-01 17:07:28,747.89,1.64
4,running,100.02,0.75,0,2025-05-01 17:07:28,781.85,1.61
5,idle,60.0,0.2,0,2025-05-01 17:07:28,692.4,1.68
6,running,198.14,0.9,0,2025-05-01 17:07:28,769.45,1.67
7,running,107.01,0.9,517,2025-05-01 17:07:28,678.81,1.67
8,running,255.15,0.9,140,2025-05-01 17:07:28,674.82,1.65
9,running,69.19,0.61,0,2025-05-01 17:07:28,703.91,1.69
10,running,138.04,0.9,961,2025-05-01 17:07:28,695.35,1.63
1,idle,60.0,0.2,0,2025-05-01 17:07:38,751.19,1.64
2,running,60,0.51,1355,2025-05-01 17:07:38,732.48,1.64
3,running,60.46,0.28,0,2025-05-01 17:07:38,747.9,1.65
4,running,182.09,0.9,905,2025-05-01 17:07:38,781.85,1.61
5,running,78.41,0.23,765,2025-05-01 17:07:38,692.4,1.68
6,running,200.09,0.9,0,2025-05-01 17:07:38,769.45,1.67
7,idle,60.0,0.2,0,2025-05-01 17:07:38,678.81,1.67
8,running,300,0.9,0,2025-05-01 17:07:38,674.83,1.66
9,running,156.28,0.9,825,2025-05-01 17:07:38,703.91,1.69
10,running,181.6,0.9,1087,2025-05-01 17:07:38,695.35,1.63
1,running,133.09,0.55,701,2025-05-01 17:07:48,751.19,1.64
2,running,147.08,0.87,1669,2025-05-01 17:07:48,732.48,1.64
3,running,140.96,0.67,0,2025-05-01 17:07:48,747.9,1.65
4,running,198.82,0.9,1625,2025-05-01 17:07:48,781.85,1.61
5,idle,60.0,0.2,0,2025-05-01 17:07:48,692.4,1.68
6,running,204.23,0.9,868,2025-05-01 17:07:48,769.45,1.67
7,running,60,0.42,703,2025-05-01 17:07:48,678.82,1.68
8,running,251.78,0.9,130,2025-05-01 17:07:48,674.83,1.66
9,running,219.9,0.9,142,2025-05-01 17:07:48,703.91,1.69
10,running,183.42,0.9,1656,2025-05-01 17:07:48,695.36,1.64
1,error,60.0,0.2,0,2025-05-01 17:07:58,751.19,1.64
2,running,245.86,0.9,2436,2025-05-01 17:07:58,732.48,1.64
3,idle,60.0,0.2,0,2025-05-01 17:07:58,747.9,1.65
4,error,60.0,0.2,0,2025-05-01 17:07:58,781.85,1.61
5,running,99.36,0.49,0,2025-05-01 17:07:58,692.4,1.68
6,running,277.33,0.9,1740,2025-05-01 17:07:58,769.45,1.67
7,running,142.64,0.85,670,2025-05-01 17:07:58,678.82,1.68
8,running,300,0.9,0,2025-05-01 17:07:58,674.83,1.66
9,running,178.92,0.9,229,2025-05-01 17:07:58,703.92,1.7
10,running,216.89,0.9,1658,2025-05-01 17:07:58,695.36,1.64
1,running,60,0.51,0,2025-05-02 13:15:23,751.19,0.0
2,running,300,0.9,1764,2025-05-02 13:15:23,732.48,0.0
3,running,66.14,0.26,0,2025-05-02 13:15:23,747.9,0.0
4,running,103.09,0.67,0,2025-05-02 13:15:23,781.85,0.0
5,running,152.52,0.68,310,2025-05-02 13:15:23,692.4,0.0
6,running,265.4,0.9,981,2025-05-02 13:15:23,769.45,0.0
7,running,122.77,0.9,683,2025-05-02 13:15:23,678.82,0.0
8,running,273.56,0.9,383,2025-05-02 13:15:23,674.83,0.0
9,running,274.16,0.9,547,2025-05-02 13:15:23,703.92,0.0
10,running,294.73,0.9,1684,2025-05-02 13:15:23,695.36,0.0
1,running,111.17,0.81,735,2025-05-02 13:15:33,751.2,0.01
2,running,300,0.9,1506,2025-05-02 13:15:33,732.49,0.01
3,running,60,0.37,0,2025-05-02 13:15:33,747.91,0.01
4,running,74.87,0.9,0,2025-05-02 13:15:33,781.86,0.01
5,error,60.0,0.2,0,2025-05-02 13:15:33,692.4,0.0
6,running,300,0.9,860,2025-05-02 13:15:33,769.46,0.01
7,running,194.11,0.9,1598,2025-05-02 13:15:33,678.83,0.01
8,running,300,0.9,129,2025-05-02 13:15:33,674.84,0.01
9,running,273.68,0.86,0,2025-05-02 13:15:33,703.93,0.01
10,running,286.84,0.9,915,2025-05-02 13:15:33,695.37,0.01
1,running,152.02,0.9,211,2025-05-02 13:15:43,751.2,0.01
2,running,300,0.9,1129,2025-05-02 13:15:43,732.49,0.01
3,running,153.99,0.62,0,2025-05-02 13:15:43,747.91,0.01
4,running,87.45,0.9,776,2025-05-02 13:15:43,781.86,0.01
5,running,62.78,0.35,597,2025-05-02 13:15:43,692.41,0.01
6,running,300,0.85,1035,2025-05-02 13:15:43,769.46,0.01
7,running,144.81,0.9,641,2025-05-02 13:15:43,678.83,0.01
8,running,300,0.9,0,2025-05-02 13:15:43,674.84,0.01
9,running,300,0.82,0,2025-05-02 13:15:43,703.93,0.01
10,running,257.43,0.9,497,2025-05-02 13:15:43,695.37,0.01
1,error,60.0,0.2,0,2025-05-02 13:15:53,751.2,0.01
2,running,300,0.9,614,2025-05-02 13:15:53,732.49,0.01
3,running,151.03,0.88,16,2025-05-02 13:15:53,747.91,0.01
4,running,60,0.9,577,2025-05-02 13:15:53,781.86,0.01
5,running,137.56,0.46,997,2025-05-02 13:15:53,692.41,0.01
6,running,300,0.9,627,2025-05-02 13:15:53,769.46,0.01
7,running,139.34,0.9,967,2025-05-02 13:15:53,678.83,0.01
8,error,60.0,0.2,0,2025-05-02 13:15:53,674.84,0.01
9,running,300,0.9,766,2025-05-02 13:15:53,703.93,0.01
10,running,284.43,0.9,418,2025-05-02 13:15:53,695.37,0.01
1,running,138.61,0.16,0,2025-05-02 13:16:03,751.2,0.01
2,running,300,0.9,1453,2025-05-02 13:16:03,732.49,0.01
3,idle,60.0,0.2,0,2025-05-02 13:16:03,747.91,0.01
4,running,148.98,0.9,1450,2025-05-02 13:16:03,781.86,0.01
5,running,159.43,0.85,1642,2025-05-02 13:16:03,692.41,0.01
6,running,278.31,0.9,1113,2025-05-02 13:16:03,769.46,0.01
7,running,132.79,0.9,1875,2025-05-02 13:16:03,678.83,0.01
8,running,117.54,0.54,806,2025-05-02 13:16:03,674.84,0.01
9,running,300,0.9,463,2025-05-02 13:16:03,703.93,0.01
10,running,300,0.88,0,2025-05-02 13:16:03,695.37,0.01
1,running,93.81,0.18,0,2025-05-02 13:16:13,751.2,0.01
2,running,300,0.9,466,2025-05-02 13:16:13,732.5,0.02
3,running,145.26,0.34,0,2025-05-02 13:16:13,747.91,0.01
4,running,188.55,0.9,1463,2025-05-02 13:16:13,781.87,0.02
5,running,194.9,0.9,2158,2025-05-02 13:16:13,692.41,0.01
6,running,300,0.9,688,2025-05-02 13:16:13,769.47,0.02
7,running,179.51,0.9,2722,2025-05-02 13:16:13,678.84,0.02
8,running,213.77,0.85,183,2025-05-02 13:16:13,674.84,0.01
9,running,300,0.9,0,2025-05-02 13:16:13,703.94,0.02
10,running,300,0.9,0,2025-05-02 13:16:13,695.38,0.02
1,running,60,0.42,672,2025-05-02 13:16:23,751.21,0.02
2,running,296.08,0.86,0,2025-05-02 13:16:23,732.5,0.02
3,running,216.73,0.7,387,2025-05-02 13:16:23,747.92,0.02
4,running,170.77,0.9,730,2025-05-02 13:16:23,781.87,0.02
5,running,218.29,0.9,1231,2025-05-02 13:16:23,692.42,0.02
6,running,300,0.9,0,2025-05-02 13:16:23,769.47,0.02
7,running,251.8,0.9,2259,2025-05-02 13:16:23,678.84,0.02
8,running,245.14,0.9,0,2025-05-02 13:16:23,674.85,0.02
9,running,300,0.9,578,2025-05-02 13:16:23,703.94,0.02
10,running,300,0.88,0,2025-05-02 13:16:23,695.38,0.02
1,running,77.83,0.55,1436,2025-05-02 13:16:33,751.21,0.02
2,error,60.0,0.2,0,2025-05-02 13:16:33,732.5,0.02
3,running,292.44,0.9,0,2025-05-02 13:16:33,747.92,0.02
4,idle,60.0,0.2,0,2025-05-02 13:16:33,781.87,0.02
5,running,300,0.9,2188,2025-05-02 13:16:33,692.42,0.02
6,running,300,0.9,129,2025-05-02 13:16:33,769.47,0.02
7,running,300,0.9,1385,2025-05-02 13:16:33,678.84,0.02
8,running,259.52,0.9,644,2025-05-02 13:16:33,674.85,0.02
9,running,300,0.9,1142,2025-05-02 13:16:33,703.94,0.02
10,running,300,0.9,0,2025-05-02 13:16:33,695.38,0.02
1,idle,60.0,0.2,0,2025-05-02 13:16:43,751.21,0.02
2,running,104.34,0.29,0,2025-05-02 13:16:43,732.5,0.02
3,running,300,0.9,437,2025-05-02 13:16:43,747.92,0.02
4,running,79.21,0.27,0,2025-05-02 13:16:43,781.87,0.02
5,running,300,0.9,2654,2025-05-02 13:16:43,692.42,0.02
6,idle,60.0,0.2,0,2025-05-02 13:16:43,769.47,0.02
7,running,300,0.9,1075,2025-05-02 13:16:43,678.84,0.03
8,idle,60.0,0.2,0,2025-05-02 13:16:43,674.85,0.02
9,idle,60.0,0.2,0,2025-05-02 13:16:43,703.94,0.02
10,running,282.46,0.9,325,2025-05-02 13:16:43,695.38,0.03
1,running,109.34,0.68,0,2025-05-02 13:16:53,751.21,0.02
2,running,91.36,0.28,0,2025-05-02 13:16:53,732.5,0.03
3,running,300,0.9,1389,2025-05-02 13:16:53,747.92,0.03
4,idle,60.0,0.2,0,2025-05-02 13:16:53,781.87,0.02
5,running,300,0.9,2744,2025-05-02 13:16:53,692.42,0.03
6,running,66.78,0.57,0,2025-05-02 13:16:53,769.47,0.03
7,running,267.08,0.9,167,2025-05-02 13:16:53,678.85,0.03
8,idle,60.0,0.2,0,2025-05-02 13:16:53,674.85,0.02
9,running,60,0.63,0,2025-05-02 13:16:53,703.94,0.03
10,idle,60.0,0.2,0,2025-05-02 13:16:53,695.38,0.03
1,running,138.94,0.71,692,2025-05-02 13:17:03,751.21,0.03
2,idle,60.0,0.2,0,2025-05-02 13:17:03,732.5,0.03
3,running,300,0.9,650,2025-05-02 13:17:03,747.93,0.03
4,idle,60.0,0.2,0,2025-05-02 13:17:03,781.87,0.02
5,running,300,0.9,2832,2025-05-02 13:17:03,692.43,0.03
6,running,77.28,0.9,193,2025-05-02 13:17:03,769.48,0.03
7,running,283.0,0.9,0,2025-05-02 13:17:03,678.85,0.03
8,running,60,0.63,0,2025-05-02 13:17:03,674.85,0.02
9,idle,60.0,0.2,0,2025-05-02 13:17:03,703.94,0.03
10,running,120.1,0.61,767,2025-05-02 13:17:03,695.39,0.03
1,running,123.67,0.9,2,2025-05-02 13:17:13,751.22,0.03
2,error,60.0,0.2,0,2025-05-02 13:17:13,732.5,0.03
3,running,300,0.9,0,2025-05-02 13:17:13,747.93,0.03
4,running,60,0.36,746,2025-05-02 13:17:13,781.87,0.03
5,running,300,0.9,2068,2025-05-02 13:17:13,692.43,0.03
6,idle,60.0,0.2,0,2025-05-02 13:17:13,769.48,0.03
7,running,282.81,0.9,961,2025-05-02 13:17:13,678.85,0.03
8,running,74.24,0.75,0,2025-05-02 13:17:13,674.85,0.03
9,running,145.43,0.48,0,2025-05-02 13:17:13,703.95,0.03
10,idle,60.0,0.2,0,2025-05-02 13:17:13,695.39,0.03
1,running,200.36,0.9,903,2025-05-02 13:17:23,751.22,0.03
2,running,81.25,0.29,286,2025-05-02 13:17:23,732.51,0.03
3,running,300,0.9,0,2025-05-02 13:17:23,747.93,0.03
4,idle,60.0,0.2,0,2025-05-02 13:17:23,781.87,0.03
5,idle,60.0,0.2,0,2025-05-02 13:17:23,692.43,0.03
6,idle,60.0,0.2,0,2025-05-02 13:17:23,769.48,0.03
7,running,236.0,0.9,1799,2025-05-02 13:17:23,678.86,0.04
8,running,139.11,0.9,956,2025-05-02 13:17:23,674.86,0.03
9,idle,60.0,0.2,0,2025-05-02 13:17:23,703.95,0.03
10,running,60,0.16,936,2025-05-02 13:17:23,695.39,0.03
1,running,273.74,0.9,1573,2025-05-02 13:17:33,751.22,0.03
2,idle,60.0,0.2,0,2025-05-02 13:17:33,732.51,0.03
3,idle,60.0,0.2,0,2025-05-02 13:17:33,747.93,0.03
4,running,113.74,0.59,872,2025-05-02 13:17:33,781.88,0.03
5,running,60,0.49,0,2025-05-02 13:17:33,692.43,0.03
6,running,88.01,0.45,553,2025-05-02 13:17:33,769.48,0.03
7,idle,60.0,0.2,0,2025-05-02 13:17:33,678.86,0.04
8,running,128.05,0.9,474,2025-05-02 13:17:33,674.86,0.03
9,running,138.71,0.18,4,2025-05-02 13:17:33,703.95,0.03
10,running,60,0.32,637,2025-05-02 13:17:33,695.39,0.03
1,idle,60.0,0.2,0,2025-05-02 13:17:43,751.22,0.03
2,running,60,0.44,0,2025-05-02 13:17:43,732.51,0.03
3,running,121.53,0.45,396,2025-05-02 13:17:43,747.94,0.04
4,running,99.09,0.9,1315,2025-05-02 13:17:43,781.88,0.03
5,running,89.01,0.5,0,2025-05-02 13:17:43,692.44,0.04
6,idle,60.0,0.2,0,2025-05-02 13:17:43,769.48,0.03
7,running,101.26,0.53,770,2025-05-02 13:17:43,678.86,0.04
8,running,144.94,0.9,1223,2025-05-02 13:17:43,674.86,0.03
9,running,218.92,0.24,448,2025-05-02 13:17:43,703.95,0.03
10,running,67.59,0.33,408,2025-05-02 13:17:43,695.4,0.04
1,idle,60.0,0.2,0,2025-05-02 13:17:53,751.22,0.03
2,running,60,0.41,0,2025-05-02 13:17:53,732.51,0.03
3,running,166.75,0.57,706,2025-05-02 13:17:53,747.94,0.04
4,running,131.89,0.9,1248,2025-05-02 13:17:53,781.88,0.03
5,running,113.65,0.84,100,2025-05-02 13:17:53,692.44,0.04
6,running,66.43,0.27,0,2025-05-02 13:17:53,769.48,0.03
7,running,87.54,0.9,1582,2025-05-02 13:17:53,678.86,0.04
8,running,160.76,0.9,1376,2025-05-02 13:17:53,674.87,0.04
9,running,228.07,0.37,0,2025-05-02 13:17:53,703.96,0.04
10,running,161.98,0.28,798,2025-05-02 13:17:53,695.4,0.04
1,running,60,0.54,732,2025-05-02 13:18:03,751.23,0.04
2,running,60,0.57,112,2025-05-02 13:18:03,732.52,0.04
3,running,145.52,0.9,1703,2025-05-02 13:18:03,747.94,0.04
4,running,112.61,0.9,832,2025-05-02 13:18:03,781.89,0.04
5,running,118.88,0.9,0,2025-05-02 13:18:03,692.44,0.04
6,running,60,0.3,951,2025-05-02 13:18:03,769.49,0.04
7,running,60,0.9,1290,2025-05-02 13:18:03,678.86,0.04
8,running,196.57,0.9,1240,2025-05-02 13:18:03,674.87,0.04
9,running,184.09,0.65,336,2025-05-02 13:18:03,703.96,0.04
10,running,129.84,0.73,1712,2025-05-02 13:18:03,695.4,0.04
1,running,60,0.61,1650,2025-05-02 13:18:13,751.23,0.04
2,running,107.09,0.9,0,2025-05-02 13:18:13,732.52,0.04
3,idle,60.0,0.2,0,2025-05-02 13:18:13,747.94,0.04
4,running,100.96,0.9,758,2025-05-02 13:18:13,781.89,0.04
5,running,81.73,0.9,0,2025-05-02 13:18:13,692.44,0.04
6,running,75.22,0.7,322,2025-05-02 13:18:13,769.49,0.04
7,running,104.81,0.9,690,2025-05-02 13:18:13,678.87,0.05
8,running,224.06,0.9,2217,2025-05-02 13:18:13,674.87,0.04
9,running,279.11,0.9,91,2025-05-02 13:18:13,703.96,0.04
10,running,198.24,0.75,1760,2025-05-02 13:18:13,695.4,0.04
1,running,60,0.86,1429,2025-05-02 13:18:23,751.23,0.04
2,running,162.2,0.9,0,2025-05-02 13:18:23,732.52,0.04
3,idle,60.0,0.2,0,2025-05-02 13:18:23,747.94,0.04
4,running,60,0.9,784,2025-05-02 13:18:23,781.89,0.04
5,idle,60.0,0.2,0,2025-05-02 13:18:23,692.44,0.04
6,running,119.48,0.9,0,2025-05-02 13:18:23,769.49,0.04
7,running,77.18,0.9,1369,2025-05-02 13:18:23,678.87,0.05
8,running,272.78,0.9,3193,2025-05-02 13:18:23,674.87,0.04
9,running,268.3,0.9,0,2025-05-02 13:18:23,703.96,0.04
10,running,287.12,0.73,1028,2025-05-02 13:18:23,695.41,0.05
1,running,60,0.9,2256,2025-05-02 13:18:33,751.23,0.04
2,running,219.53,0.9,293,2025-05-02 13:18:33,732.52,0.04
3,running,95.71,0.35,0,2025-05-02 13:18:33,747.94,0.04
4,running,60,0.9,1480,2025-05-02 13:18:33,781.89,0.04
5,running,116.98,0.38,882,2025-05-02 13:18:33,692.45,0.05
6,running,83.12,0.9,418,2025-05-02 13:18:33,769.49,0.04
7,idle,60.0,0.2,0,2025-05-02 13:18:33,678.87,0.05
8,running,263.32,0.9,2903,2025-05-02 13:18:33,674.88,0.05
9,idle,60.0,0.2,0,2025-05-02 13:18:33,703.96,0.04
10,running,290.96,0.79,1517,2025-05-02 13:18:33,695.41,0.05
1,idle,60.0,0.2,0,2025-05-02 13:18:43,751.23,0.04
2,running,258.17,0.9,335,2025-05-02 13:18:43,732.53,0.05
3,running,72.97,0.45,355,2025-05-02 13:18:43,747.95,0.05
4,idle,60.0,0.2,0,2025-05-02 13:18:43,781.89,0.04
5,idle,60.0,0.2,0,2025-05-02 13:18:43,692.45,0.05
6,running,62.1,0.9,478,2025-05-02 13:18:43,769.5,0.05
7,running,137.13,0.28,899,2025-05-02 13:18:43,678.87,0.05
8,running,245.81,0.9,3064,2025-05-02 13:18:43,674.88,0.05
9,running,60,0.2,0,2025-05-02 13:18:43,703.97,0.05
10,idle,60.0,0.2,0,2025-05-02 13:18:43,695.41,0.05
1,running,137.7,0.53,513,2025-05-02 13:18:53,751.24,0.05
2,running,300,0.9,1198,2025-05-02 13:18:53,732.53,0.05
3,running,114.81,0.64,264,2025-05-02 13:18:53,747.95,0.05
4,running,118.34,0.68,0,2025-05-02 13:18:53,781.9,0.05
5,running,60,0.44,277,2025-05-02 13:18:53,692.45,0.05
6,running,60,0.9,1111,2025-05-02 13:18:53,769.5,0.05
7,running,189.25,0.67,73,2025-05-02 13:18:53,678.88,0.06
8,error,60.0,0.2,0,2025-05-02 13:18:53,674.88,0.05
9,running,60,0.23,566,2025-05-02 13:18:53,703.97,0.05
10,running,60,0.54,775,2025-05-02 13:18:53,695.41,0.05
1,running,151.46,0.63,1352,2025-05-02 13:19:03,751.24,0.05
2,running,300,0.9,342,2025-05-02 13:19:03,732.53,0.05
3,running,65.92,0.9,0,2025-05-02 13:19:03,747.95,0.05
4,running,127.75,0.68,0,2025-05-02 13:19:03,781.9,0.05
5,running,67.66,0.5,53,2025-05-02 13:19:03,692.45,0.05
6,idle,60.0,0.2,0,2025-05-02 13:19:03,769.5,0.05
7,running,157.85,0.9,0,2025-05-02 13:19:03,678.88,0.06
8,running,138.1,0.62,0,2025-05-02 13:19:03,674.88,0.05
9,running,60,0.32,1507,2025-05-02 13:19:03,703.97,0.05
10,running,122.13,0.63,433,2025-05-02 13:19:03,695.42,0.06
1,running,110.13,0.71,1147,2025-05-02 13:19:13,751.24,0.05
2,running,280.31,0.9,0,2025-05-02 13:19:13,732.54,0.06
3,running,86.76,0.9,864,2025-05-02 13:19:13,747.96,0.06
4,running,125.95,0.79,63,2025-05-02 13:19:13,781.9,0.05
5,running,132.28,0.85,0,2025-05-02 13:19:13,692.46,0.06
6,running,158.94,0.38,898,2025-05-02 13:19:13,769.5,0.05
7,running,198.09,0.9,0,2025-05-02 13:19:13,678.88,0.06
8,running,129.07,0.9,356,2025-05-02 13:19:13,674.89,0.06
9,idle,60.0,0.2,0,2025-05-02 13:19:13,703.97,0.05
10,running,144.34,0.64,18,2025-05-02 13:19:13,695.42,0.06
1,running,87.14,0.76,552,2025-05-02 13:19:23,751.25,0.06
2,running,300,0.9,450,2025-05-02 13:19:23,732.54,0.06
3,idle,60.0,0.2,0,2025-05-02 13:19:23,747.96,0.06
4,running,158.57,0.9,0,2025-05-02 13:19:23,781.91,0.06
5,running,211.34,0.9,0,2025-05-02 13:19:23,692.46,0.06
6,running,234.47,0.68,752,2025-05-02 13:19:23,769.51,0.06
7,error,60.0,0.2,0,2025-05-02 13:19:23,678.88,0.06
8,idle,60.0,0.2,0,2025-05-02 13:19:23,674.89,0.06
9,running,74.37,0.5,551,2025-05-02 13:19:23,703.98,0.06
10,running,216.32,0.9,0,2025-05-02 13:19:23,695.42,0.06
1,running,106.18,0.89,0,2025-05-02 13:19:33,751.25,0.06
2,error,60.0,0.2,0,2025-05-02 13:19:33,732.54,0.06
3,idle,60.0,0.2,0,2025-05-02 13:19:33,747.96,0.06
4,running,176.98,0.9,0,2025-05-02 13:19:33,781.91,0.06
5,running,268.91,0.9,0,2025-05-02 13:19:33,692.46,0.06
6,running,250.29,0.79,1614,2025-05-02 13:19:33,769.51,0.06
7,idle,60.0,0.2,0,2025-05-02 13:19:33,678.88,0.06
8,running,149.9,0.53,872,2025-05-02 13:19:33,674.89,0.06
9,idle,60.0,0.2,0,2025-05-02 13:19:33,703.98,0.06
10,running,181.05,0.9,261,2025-05-02 13:19:33,695.42,0.06
1,idle,60.0,0.2,0,2025-05-02 13:19:43,751.25,0.06
2,running,112.76,0.52,564,2025-05-02 13:19:43,732.54,0.06
3,running,149.74,0.51,0,2025-05-02 13:19:43,747.96,0.06
4,running,161.07,0.9,0,2025-05-02 13:19:43,781.91,0.06
5,idle,60.0,0.2,0,2025-05-02 13:19:43,692.46,0.06
6,running,257.56,0.9,1048,2025-05-02 13:19:43,769.51,0.06
7,running,60,0.25,0,2025-05-02 13:19:43,678.88,0.06
8,running,130.6,0.9,0,2025-05-02 13:19:43,674.89,0.06
9,running,60,0.19,811,2025-05-02 13:19:43,703.98,0.06
10,running,278.36,0.9,0,2025-05-02 13:19:43,695.43,0.07
1,running,139.43,0.18,825,2025-05-02 13:19:53,751.25,0.06
2,running,187.31,0.64,325,2025-05-02 13:19:53,732.54,0.06
3,running,206.69,0.64,0,2025-05-02 13:19:53,747.96,0.06
4,running,197.26,0.9,71,2025-05-02 13:19:53,781.91,0.06
5,running,122.21,0.56,50,2025-05-02 13:19:53,692.46,0.06
6,running,300,0.9,2032,2025-05-02 13:19:53,769.51,0.06
7,running,142.72,0.31,0,2025-05-02 13:19:53,678.89,0.07
8,running,153.3,0.9,0,2025-05-02 13:19:53,674.89,0.06
9,idle,60.0,0.2,0,2025-05-02 13:19:53,703.98,0.06
10,running,294.13,0.9,0,2025-05-02 13:19:53,695.43,0.07
1,running,114.28,0.16,294,2025-05-02 13:20:03,751.25,0.06
2,running,212.54,0.63,1226,2025-05-02 13:20:03,732.55,0.07
3,running,247.27,0.9,980,2025-05-02 13:20:03,747.96,0.06
4,running,168.98,0.9,0,2025-05-02 13:20:03,781.92,0.07
5,running,95.33,0.71,701,2025-05-02 13:20:03,692.47,0.07
6,running,300,0.9,1235,2025-05-02 13:20:03,769.52,0.07
7,running,126.66,0.48,0,2025-05-02 13:20:03,678.89,0.07
8,running,240.07,0.9,0,2025-05-02 13:20:03,674.9,0.07
9,running,98.01,0.39,605,2025-05-02 13:20:03,703.98,0.06
10,error,60.0,0.2,0,2025-05-02 13:20:03,695.43,0.07
1,error,60.0,0.2,0,2025-05-02 13:20:13,751.25,0.06
2,running,218.09,0.9,549,2025-05-02 13:20:13,732.55,0.07
3,running,300,0.9,32,2025-05-02 13:20:13,747.97,0.07
4,idle,60.0,0.2,0,2025-05-02 13:20:13,781.92,0.07
5,running,126.75,0.9,1525,2025-05-02 13:20:13,692.47,0.07
6,running,267.3,0.9,786,2025-05-02 13:20:13,769.52,0.07
7,running,111.19,0.65,0,2025-05-02 13:20:13,678.89,0.07
8,running,234.55,0.9,46,2025-05-02 13:20:13,674.9,0.07
9,running,151.76,0.63,308,2025-05-02 13:20:13,703.98,0.06
10,idle,60.0,0.2,0,2025-05-02 13:20:13,695.43,0.07
1,idle,60.0,0.2,0,2025-05-02 13:20:23,751.25,0.06
2,running,223.75,0.9,0,2025-05-02 13:20:23,732.55,0.07
3,idle,60.0,0.2,0,2025-05-02 13:20:23,747.97,0.07
4,idle,60.0,0.2,0,2025-05-02 13:20:23,781.92,0.07
5,running,95.67,0.9,1600,2025-05-02 13:20:23,692.47,0.07
6,idle,60.0,0.2,0,2025-05-02 13:20:23,769.52,0.07
7,running,140.73,0.9,15,2025-05-02 13:20:23,678.89,0.07
8,idle,60.0,0.2,0,2025-05-02 13:20:23,674.9,0.07
9,idle,60.0,0.2,0,2025-05-02 13:20:23,703.98,0.06
10,running,60,0.37,0,2025-05-02 13:20:23,695.43,0.07
1,running,75.66,0.48,604,2025-05-02 13:20:33,751.26,0.07
2,running,290.28,0.9,511,2025-05-02 13:20:33,732.55,0.07
3,running,67.77,0.43,0,2025-05-02 13:20:33,747.97,0.07
4,running,89.0,0.42,510,2025-05-02 13:20:33,781.92,0.07
5,running,127.73,0.9,1164,2025-05-02 13:20:33,692.47,0.07
6,running,132.75,0.28,0,2025-05-02 13:20:33,769.52,0.07
7,idle,60.0,0.2,0,2025-05-02 13:20:33,678.89,0.07
8,running,60,0.18,0,2025-05-02 13:20:33,674.9,0.07
9,running,158.35,0.49,0,2025-05-02 13:20:33,703.99,0.07
10,running,63.92,0.82,168,2025-05-02 13:20:33,695.43,0.07
1,running,103.41,0.63,0,2025-05-02 13:20:43,751.26,0.07
2,running,300,0.9,726,2025-05-02 13:20:43,732.56,0.08
3,running,90.09,0.41,354,2025-05-02 13:20:43,747.97,0.07
4,running,124.08,0.64,525,2025-05-02 13:20:43,781.92,0.07
5,idle,60.0,0.2,0,2025-05-02 13:20:43,692.47,0.07
6,running,207.03,0.34,0,2025-05-02 13:20:43,769.52,0.07
7,running,73.33,0.47,71,2025-05-02 13:20:43,678.9,0.08
8,idle,60.0,0.2,0,2025-05-02 13:20:43,674.9,0.07
9,running,159.48,0.9,375,2025-05-02 13:20:43,703.99,0.07
10,running,60,0.78,0,2025-05-02 13:20:43,695.44,0.08
1,running,143.91,0.9,331,2025-05-02 13:20:53,751.26,0.07
2,running,300,0.9,1665,2025-05-02 13:20:53,732.56,0.08
3,running,185.76,0.54,736,2025-05-02 13:20:53,747.97,0.07
4,running,117.34,0.67,1399,2025-05-02 13:20:53,781.92,0.07
5,error,60.0,0.2,0,2025-05-02 13:20:53,692.47,0.07
6,running,272.69,0.7,0,2025-05-02 13:20:53,769.53,0.08
7,running,140.99,0.88,0,2025-05-02 13:20:53,678.9,0.08
8,running,60,0.55,0,2025-05-02 13:20:53,674.9,0.07
9,idle,60.0,0.2,0,2025-05-02 13:20:53,703.99,0.07
10,running,60,0.9,666,2025-05-02 13:20:53,695.44,0.08
1,running,94.36,0.9,0,2025-05-02 13:21:03,751.26,0.07
2,running,300,0.9,2036,2025-05-02 13:21:03,732.56,0.08
3,running,284.77,0.77,1353,2025-05-02 13:21:03,747.98,0.08
4,running,137.0,0.73,1049,2025-05-02 13:21:03,781.93,0.08
5,running,60,0.17,544,2025-05-02 13:21:03,692.48,0.08
6,idle,60.0,0.2,0,2025-05-02 13:21:03,769.53,0.08
7,running,98.38,0.9,0,2025-05-02 13:21:03,678.9,0.08
8,error,60.0,0.2,0,2025-05-02 13:21:03,674.9,0.07
9,running,143.31,0.37,0,2025-05-02 13:21:03,703.99,0.07
10,running,60,0.9,1653,2025-05-02 13:21:03,695.44,0.08
1,running,60,0.9,0,2025-05-02 13:21:13,751.27,0.08
2,running,300,0.87,2968,2025-05-02 13:21:13,732.57,0.09
3,running,256.09,0.9,807,2025-05-02 13:21:13,747.98,0.08
4,idle,60.0,0.2,0,2025-05-02 13:21:13,781.93,0.08
5,running,106.9,0.44,0,2025-05-02 13:21:13,692.48,0.08
6,running,87.11,0.41,0,2025-05-02 13:21:13,769.53,0.08
7,idle,60.0,0.2,0,2025-05-02 13:21:13,678.9,0.08
8,running,125.6,0.61,0,2025-05-02 13:21:13,674.91,0.08
9,running,175.45,0.7,0,2025-05-02 13:21:13,703.99,0.07
10,running,136.97,0.9,2557,2025-05-02 13:21:13,695.45,0.09
1,idle,60.0,0.2,0,2025-05-02 13:21:23,751.27,0.08
2,running,300,0.9,3226,2025-05-02 13:21:23,732.57,0.09
3,running,300,0.9,419,2025-05-02 13:21:23,747.98,0.08
4,running,135.88,0.27,0,2025-05-02 13:21:23,781.93,0.08
5,running,183.48,0.67,0,2025-05-02 13:21:23,692.48,0.08
6,running,155.88,0.57,290,2025-05-02 13:21:23,769.53,0.08
7,running,98.02,0.32,0,2025-05-02 13:21:23,678.91,0.09
8,running,133.89,0.9,0,2025-05-02 13:21:23,674.91,0.08
9,running,140.57,0.82,0,2025-05-02 13:21:23,704.0,0.08
10,idle,60.0,0.2,0,2025-05-02 13:21:23,695.45,0.09
1,running,107.59,0.3,938,2025-05-02 13:21:33,751.27,0.08
2,running,300,0.9,3379,2025-05-02 13:21:33,732.57,0.09
3,idle,60.0,0.2,0,2025-05-02 13:21:33,747.98,0.08
4,error,60.0,0.2,0,2025-05-02 13:21:33,781.93,0.08
5,running,187.5,0.9,0,2025-05-02 13:21:33,692.49,0.09
6,running,176.42,0.79,1088,2025-05-02 13:21:33,769.54,0.09
7,running,131.02,0.31,0,2025-05-02 13:21:33,678.91,0.09
8,running,228.98,0.9,90,2025-05-02 13:21:33,674.91,0.08
9,error,60.0,0.2,0,2025-05-02 13:21:33,704.0,0.08
10,running,128.19,0.22,656,2025-05-02 13:21:33,695.45,0.09
1,running,158.14,0.46,418,2025-05-02 13:21:43,751.27,0.08
2,idle,60.0,0.2,0,2025-05-02 13:21:43,732.57,0.09
3,running,60,0.54,692,2025-05-02 13:21:43,747.99,0.09
4,running,60,0.49,0,2025-05-02 13:21:43,781.93,0.08
5,running,188.59,0.9,0,2025-05-02 13:21:43,692.49,0.09
6,running,261.53,0.9,1547,2025-05-02 13:21:43,769.54,0.09
7,error,60.0,0.2,0,2025-05-02 13:21:43,678.91,0.09
8,running,265.82,0.9,0,2025-05-02 13:21:43,674.92,0.09
9,running,71.49,0.16,886,2025-05-02 13:21:43,704.0,0.08
10,running,186.02,0.39,653,2025-05-02 13:21:43,695.45,0.09
1,running,123.31,0.52,559,2025-05-02 13:21:53,751.28,0.09
2,running,143.33,0.65,534,2025-05-02 13:21:53,732.57,0.09
3,idle,60.0,0.2,0,2025-05-02 13:21:53,747.99,0.09
4,running,60,0.46,306,2025-05-02 13:21:53,781.94,0.09
5,running,170.98,0.86,0,2025-05-02 13:21:53,692.49,0.09
6,running,300,0.9,1956,2025-05-02 13:21:53,769.54,0.09
7,running,74.61,0.67,0,2025-05-02 13:21:53,678.91,0.09
8,running,300,0.9,0,2025-05-02 13:21:53,674.92,0.09
9,running,60,0.42,515,2025-05-02 13:21:53,704.0,0.08
10,running,238.58,0.57,1481,2025-05-02 13:21:53,695.45,0.09
1,running,97.77,0.76,201,2025-05-02 13:22:03,751.28,0.09
2,running,226.46,0.87,1467,2025-05-02 13:22:03,732.58,0.1
3,running,89.29,0.5,71,2025-05-02 13:22:03,747.99,0.09
4,running,96.15,0.82,684,2025-05-02 13:22:03,781.94,0.09
5,running,157.2,0.9,269,2025-05-02 13:22:03,692.49,0.09
6,idle,60.0,0.2,0,2025-05-02 13:22:03,769.54,0.09
7,running,60,0.9,348,2025-05-02 13:22:03,678.91,0.09
8,idle,60.0,0.2,0,2025-05-02 13:22:03,674.92,0.09
9,running,60,0.75,906,2025-05-02 13:22:03,704.01,0.09
10,running,194.38,0.79,910,2025-05-02 13:22:03,695.46,0.1
1,running,78.85,0.9,0,2025-05-02 13:22:13,751.28,0.09
2,running,177.52,0.9,566,2025-05-02 13:22:13,732.58,0.1
3,running,65.69,0.58,1046,2025-05-02 13:22:13,747.99,0.09
4,running,98.19,0.78,305,2025-05-02 13:22:13,781.94,0.09
5,running,170.71,0.9,0,2025-05-02 13:22:13,692.5,0.1
6,running,60,0.29,40,2025-05-02 13:22:13,769.54,0.09
7,idle,60.0,0.2,0,2025-05-02 13:22:13,678.91,0.09
8,running,78.66,0.19,277,2025-05-02 13:22:13,674.92,0.09
9,running,146.27,0.87,1265,2025-05-02 13:22:13,704.01,0.09
10,running,167.98,0.9,1831,2025-05-02 13:22:13,695.46,0.1
1,running,157.39,0.9,0,2025-05-02 13:22:23,751.28,0.09
2,running,223.76,0.9,855,2025-05-02 13:22:23,732.58,0.1
3,running,60,0.8,526,2025-05-02 13:22:23,747.99,0.09
4,idle,60.0,0.2,0,2025-05-02 13:22:23,781.94,0.09
5,running,189.04,0.9,0,2025-05-02 13:22:23,692.5,0.1
6,running,140.06,0.39,358,2025-05-02 13:22:23,769.55,0.1
7,running,66.89,0.28,0,2025-05-02 13:22:23,678.92,0.1
8,running,146.58,0.25,237,2025-05-02 13:22:23,674.92,0.09
9,running,113.76,0.9,1141,2025-05-02 13:22:23,704.01,0.09
10,running,210.94,0.9,2433,2025-05-02 13:22:23,695.46,0.1
1,running,247.09,0.9,754,2025-05-02 13:22:33,751.29,0.1
2,running,183.05,0.88,1273,2025-05-02 13:22:33,732.59,0.11
3,running,117.58,0.9,682,2025-05-02 13:22:33,748.0,0.1
4,running,97.19,0.48,93,2025-05-02 13:22:33,781.94,0.09
5,running,253.48,0.9,814,2025-05-02 13:22:33,692.5,0.1
6,running,172.47,0.51,0,2025-05-02 13:22:33,769.55,0.1
7,running,148.1,0.68,0,2025-05-02 13:22:33,678.92,0.1
8,running,225.55,0.63,306,2025-05-02 13:22:33,674.93,0.1
9,running,155.99,0.9,1904,2025-05-02 13:22:33,704.01,0.09
10,idle,60.0,0.2,0,2025-05-02 13:22:33,695.46,0.1
1,running,300,0.9,0,2025-05-02 13:22:43,751.29,0.1
2,running,163.33,0.9,2056,2025-05-02 13:22:43,732.59,0.11
3,running,203.58,0.9,0,2025-05-02 13:22:43,748.0,0.1
4,running,103.3,0.8,0,2025-05-02 13:22:43,781.95,0.1
5,running,245.98,0.9,603,2025-05-02 13:22:43,692.51,0.11
6,running,140.18,0.69,953,2025-05-02 13:22:43,769.55,0.1
7,running,241.88,0.67,0,2025-05-02 13:22:43,678.92,0.1
8,idle,60.0,0.2,0,2025-05-02 13:22:43,674.93,0.1
9,running,124.64,0.9,1569,2025-05-02 13:22:43,704.02,0.1
10,error,60.0,0.2,0,2025-05-02 13:22:43,695.46,0.1
1,running,300,0.9,0,2025-05-02 13:22:53,751.29,0.1
2,running,203.03,0.9,1351,2025-05-02 13:22:53,732.59,0.11
3,running,208.91,0.9,939,2025-05-02 13:22:53,748.0,0.1
4,running,177.76,0.9,0,2025-05-02 13:22:53,781.95,0.1
5,error,60.0,0.2,0,2025-05-02 13:22:53,692.51,0.11
6,running,188.86,0.9,781,2025-05-02 13:22:53,769.56,0.11
7,running,246.15,0.8,0,2025-05-02 13:22:53,678.93,0.11
8,idle,60.0,0.2,0,2025-05-02 13:22:53,674.93,0.1
9,running,121.74,0.86,1306,2025-05-02 13:22:53,704.02,0.1
10,running,60,0.32,0,2025-05-02 13:22:53,695.47,0.11
1,running,300,0.9,361,2025-05-02 13:23:03,751.3,0.11
2,running,179.33,0.9,2249,2025-05-02 13:23:03,732.59,0.11
3,running,193.86,0.9,556,2025-05-02 13:23:03,748.01,0.11
4,running,238.6,0.9,0,2025-05-02 13:23:03,781.95,0.1
5,running,101.31,0.69,0,2025-05-02 13:23:03,692.51,0.11
6,running,153.06,0.9,541,2025-05-02 13:23:03,769.56,0.11
7,running,300,0.9,282,2025-05-02 13:23:03,678.93,0.11
8,running,139.47,0.59,668,2025-05-02 13:23:03,674.93,0.1
9,running,92.55,0.9,1118,2025-05-02 13:23:03,704.02,0.1
10,running,60,0.53,0,2025-05-02 13:23:03,695.47,0.11
1,running,288.67,0.9,571,2025-05-02 13:23:13,751.3,0.11
2,idle,60.0,0.2,0,2025-05-02 13:23:13,732.59,0.11
3,running,252.41,0.9,434,2025-05-02 13:23:13,748.01,0.11
4,running,273.07,0.9,630,2025-05-02 13:23:13,781.96,0.11
5,running,67.82,0.9,420,2025-05-02 13:23:13,692.51,0.11
6,running,226.74,0.9,0,2025-05-02 13:23:13,769.56,0.11
7,running,254.06,0.9,1263,2025-05-02 13:23:13,678.93,0.11
8,running,164.73,0.89,1325,2025-05-02 13:23:13,674.93,0.1
9,running,183.64,0.9,237,2025-05-02 13:23:13,704.03,0.11
10,running,102.18,0.9,0,2025-05-02 13:23:13,695.47,0.11
1,running,300,0.9,550,2025-05-02 13:23:23,751.3,0.11
2,running,131.76,0.33,773,2025-05-02 13:23:23,732.6,0.12
3,running,285.56,0.9,813,2025-05-02 13:23:23,748.01,0.11
4,idle,60.0,0.2,0,2025-05-02 13:23:23,781.96,0.11
5,error,60.0,0.2,0,2025-05-02 13:23:23,692.51,0.11
6,running,180.85,0.9,0,2025-05-02 13:23:23,769.56,0.11
7,running,300,0.9,902,2025-05-02 13:23:23,678.93,0.11
8,running,254.64,0.9,371,2025-05-02 13:23:23,674.94,0.11
9,running,237.48,0.9,0,2025-05-02 13:23:23,704.03,0.11
10,error,60.0,0.2,0,2025-05-02 13:23:23,695.47,0.11
1,running,300,0.9,0,2025-05-02 13:23:34,751.3,0.11
2,idle,60.0,0.2,0,2025-05-02 13:23:34,732.6,0.12
3,idle,60.0,0.2,0,2025-05-02 13:23:34,748.01,0.11
4,running,127.36,0.39,411,2025-05-02 13:23:34,781.96,0.11
5,running,60,0.57,2,2025-05-02 13:23:34,692.51,0.11
6,running,241.72,0.9,0,2025-05-02 13:23:34,769.57,0.12
7,running,300,0.9,1810,2025-05-02 13:23:34,678.94,0.12
8,running,300,0.9,0,2025-05-02 13:23:34,674.94,0.11
9,running,300,0.9,0,2025-05-02 13:23:34,704.03,0.11
10,running,60,0.26,754,2025-05-02 13:23:34,695.47,0.11
1,running,252.02,0.9,0,2025-05-02 13:23:44,751.31,0.12
2,running,148.69,0.46,0,2025-05-02 13:23:44,732.6,0.12
3,running,144.49,0.66,294,2025-05-02 13:23:44,748.01,0.11
4,error,60.0,0.2,0,2025-05-02 13:23:44,781.96,0.11
5,running,60,0.9,0,2025-05-02 13:23:44,692.52,0.12
6,running,293.1,0.9,0,2025-05-02 13:23:44,769.57,0.12
7,running,300,0.87,1929,2025-05-02 13:23:44,678.94,0.12
8,running,300,0.9,0,2025-05-02 13:23:44,674.94,0.11
9,running,255.12,0.87,575,2025-05-02 13:23:44,704.03,0.11
10,idle,60.0,0.2,0,2025-05-02 13:23:44,695.47,0.11
1,running,300,0.9,0,2025-05-02 13:23:54,751.31,0.12
2,idle,60.0,0.2,0,2025-05-02 13:23:54,732.6,0.12
3,idle,60.0,0.2,0,2025-05-02 13:23:54,748.01,0.11
4,idle,60.0,0.2,0,2025-05-02 13:23:54,781.96,0.11
5,running,136.5,0.9,428,2025-05-02 13:23:54,692.52,0.12
6,running,300,0.9,255,2025-05-02 13:23:54,769.57,0.12
7,running,300,0.9,1627,2025-05-02 13:23:54,678.94,0.12
8,idle,60.0,0.2,0,2025-05-02 13:23:54,674.94,0.11
9,running,207.9,0.9,1557,2025-05-02 13:23:54,704.04,0.12
10,running,78.58,0.16,602,2025-05-02 13:23:54,695.48,0.12
1,running,300,0.9,0,2025-05-02 13:24:04,751.31,0.12
2,running,110.27,0.21,19,2025-05-02 13:24:04,732.6,0.12
3,running,142.85,0.37,868,2025-05-02 13:24:04,748.02,0.12
4,running,60,0.16,809,2025-05-02 13:24:04,781.96,0.11
5,running,223.59,0.9,0,2025-05-02 13:24:04,692.52,0.12
6,error,60.0,0.2,0,2025-05-02 13:24:04,769.57,0.12
7,idle,60.0,0.2,0,2025-05-02 13:24:04,678.94,0.12
8,idle,60.0,0.2,0,2025-05-02 13:24:04,674.94,0.11
9,idle,60.0,0.2,0,2025-05-02 13:24:04,704.04,0.12
10,running,139.39,0.42,0,2025-05-02 13:24:04,695.48,0.12
1,idle,60.0,0.2,0,2025-05-02 13:24:14,751.31,0.12
2,running,95.65,0.33,0,2025-05-02 13:24:14,732.6,0.13
3,idle,60.0,0.2,0,2025-05-02 13:24:14,748.02,0.12
4,idle,60.0,0.2,0,2025-05-02 13:24:14,781.96,0.11
5,running,300,0.9,539,2025-05-02 13:24:14,692.52,0.13
6,running,60,0.43,685,2025-05-02 13:24:14,769.57,0.13
7,running,60,0.46,454,2025-05-02 13:24:14,678.94,0.13
8,running,138.95,0.66,465,2025-05-02 13:24:14,674.94,0.11
9,running,60,0.32,0,2025-05-02 13:24:14,704.04,0.12
10,idle,60.0,0.2,0,2025-05-02 13:24:14,695.48,0.12
1,idle,60.0,0.2,0,2025-05-02 13:24:24,751.31,0.12
2,running,81.18,0.6,0,2025-05-02 13:24:24,732.61,0.13
3,running,82.45,0.25,0,2025-05-02 13:24:24,748.02,0.12
4,idle,60.0,0.2,0,2025-05-02 13:24:24,781.96,0.11
5,running,300,0.9,378,2025-05-02 13:24:24,692.53,0.13
6,running,134.89,0.39,499,2025-05-02 13:24:24,769.58,0.13
7,running,60,0.63,0,2025-05-02 13:24:24,678.95,0.13
8,running,102.07,0.9,875,2025-05-02 13:24:24,674.95,0.12
9,running,118.86,0.31,0,2025-05-02 13:24:24,704.04,0.12
10,running,131.59,0.39,474,2025-05-02 13:24:24,695.48,0.12
1,running,126.9,0.69,0,2025-05-02 13:24:34,751.31,0.13
2,running,108.12,0.82,389,2025-05-02 13:24:34,732.61,0.13
3,idle,60.0,0.2,0,2025-05-02 13:24:34,748.02,0.12
4,idle,60.0,0.2,0,2025-05-02 13:24:34,781.96,0.11
5,idle,60.0,0.2,0,2025-05-02 13:24:34,692.53,0.13
6,running,163.09,0.8,1435,2025-05-02 13:24:34,769.58,0.13
7,running,125.21,0.9,612,2025-05-02 13:24:34,678.95,0.13
8,idle,60.0,0.2,0,2025-05-02 13:24:34,674.95,0.12
9,idle,60.0,0.2,0,2025-05-02 13:24:34,704.04,0.12
10,running,152.58,0.36,0,2025-05-02 13:24:34,695.48,0.13
1,idle,60.0,0.2,0,2025-05-02 13:24:44,751.31,0.13
2,running,70.08,0.9,0,2025-05-02 13:24:44,732.61,0.13
3,idle,60.0,0.2,0,2025-05-02 13:24:44,748.02,0.12
4,running,60,0.27,65,2025-05-02 13:24:44,781.96,0.11
5,running,60,0.58,0,2025-05-02 13:24:44,692.53,0.13
6,running,157.91,0.83,1505,2025-05-02 13:24:44,769.58,0.13
7,running,143.77,0.9,1202,2025-05-02 13:24:44,678.95,0.13
8,idle,60.0,0.2,0,2025-05-02 13:24:44,674.95,0.12
9,running,154.57,0.58,788,2025-05-02 13:24:44,704.04,0.13
10,running,184.26,0.42,0,2025-05-02 13:24:44,695.49,0.13
1,running,155.8,0.55,663,2025-05-02 13:24:54,751.32,0.13
2,idle,60.0,0.2,0,2025-05-02 13:24:54,732.61,0.13
3,error,60.0,0.2,0,2025-05-02 13:24:54,748.02,0.12
4,running,112.1,0.77,0,2025-05-02 13:24:54,781.97,0.12
5,running,60,0.88,0,2025-05-02 13:24:54,692.53,0.13
6,running,109.81,0.88,1624,2025-05-02 13:24:54,769.59,0.14
7,idle,60.0,0.2,0,2025-05-02 13:24:54,678.95,0.13
8,idle,60.0,0.2,0,2025-05-02 13:24:54,674.95,0.12
9,idle,60.0,0.2,0,2025-05-02 13:24:54,704.04,0.13
10,error,60.0,0.2,0,2025-05-02 13:24:54,695.49,0.13
1,idle,60.0,0.2,0,2025-05-02 13:25:04,751.32,0.13
2,running,60,0.48,283,2025-05-02 13:25:04,732.62,0.14
3,running,60,0.47,0,2025-05-02 13:25:04,748.02,0.12
4,idle,60.0,0.2,0,2025-05-02 13:25:04,781.97,0.12
5,running,60,0.9,0,2025-05-02 13:25:04,692.54,0.14
6,running,168.58,0.9,2315,2025-05-02 13:25:04,769.59,0.14
7,running,63.05,0.64,0,2025-05-02 13:25:04,678.96,0.14
8,running,90.86,0.22,0,2025-05-02 13:25:04,674.95,0.12
9,error,60.0,0.2,0,2025-05-02 13:25:04,704.04,0.13
10,running,128.2,0.15,991,2025-05-02 13:25:04,695.49,0.13
1,running,60,0.26,385,2025-05-02 13:25:14,751.32,0.13
2,running,84.91,0.68,892,2025-05-02 13:25:14,732.62,0.14
3,running,99.91,0.9,711,2025-05-02 13:25:14,748.02,0.13
4,idle,60.0,0.2,0,2025-05-02 13:25:14,781.97,0.12
5,running,89.65,0.89,971,2025-05-02 13:25:14,692.54,0.14
6,running,140.6,0.9,1727,2025-05-02 13:25:14,769.59,0.14
7,running,162.95,0.9,0,2025-05-02 13:25:14,678.96,0.14
8,running,116.54,0.26,50,2025-05-02 13:25:14,674.95,0.12
9,running,143.35,0.28,0,2025-05-02 13:25:14,704.05,0.13
10,running,210.32,0.32,1330,2025-05-02 13:25:14,695.49,0.13
1,running,93.95,0.57,75,2025-05-02 13:25:24,751.32,0.13
2,error,60.0,0.2,0,2025-05-02 13:25:24,732.62,0.14
3,running,60,0.9,521,2025-05-02 13:25:24,748.03,0.13
4,running,60,0.66,973,2025-05-02 13:25:24,781.97,0.12
5,running,173.95,0.9,1459,2025-05-02 13:25:24,692.54,0.14
6,running,136.95,0.9,1432,2025-05-02 13:25:24,769.59,0.14
7,running,210.48,0.88,500,2025-05-02 13:25:24,678.96,0.14
8,running,153.91,0.74,0,2025-05-02 13:25:24,674.95,0.13
9,running,205.45,0.76,488,2025-05-02 13:25:24,704.05,0.13
10,running,177.31,0.37,1990,2025-05-02 13:25:24,695.5,0.14
1,running,169.61,0.9,925,2025-05-02 13:25:34,751.33,0.14
2,running,60,0.18,603,2025-05-02 13:25:34,732.62,0.14
3,running,60,0.9,646,2025-05-02 13:25:34,748.03,0.13
4,running,109.83,0.72,903,2025-05-02 13:25:34,781.97,0.12
5,running,200.94,0.9,1877,2025-05-02 13:25:34,692.54,0.14
6,running,197.44,0.9,883,2025-05-02 13:25:34,769.6,0.15
7,running,217.67,0.9,623,2025-05-02 13:25:34,678.96,0.14
8,idle,60.0,0.2,0,2025-05-02 13:25:34,674.95,0.13
9,running,185.94,0.9,1255,2025-05-02 13:25:34,704.05,0.13
10,idle,60.0,0.2,0,2025-05-02 13:25:34,695.5,0.14
1,running,138.27,0.9,701,2025-05-02 13:25:44,751.33,0.14
2,running,60,0.17,435,2025-05-02 13:25:44,732.62,0.14
3,running,60,0.9,277,2025-05-02 13:25:44,748.03,0.13
4,idle,60.0,0.2,0,2025-05-02 13:25:44,781.97,0.12
5,running,188.34,0.9,1824,2025-05-02 13:25:44,692.55,0.15
6,running,229.5,0.9,770,2025-05-02 13:25:44,769.6,0.15
7,idle,60.0,0.2,0,2025-05-02 13:25:44,678.96,0.14
8,idle,60.0,0.2,0,2025-05-02 13:25:44,674.95,0.13
9,running,255.24,0.9,701,2025-05-02 13:25:44,704.06,0.14
10,running,60,0.39,882,2025-05-02 13:25:44,695.5,0.14
1,running,163.9,0.89,0,2025-05-02 13:25:54,751.33,0.14
2,running,128.35,0.66,0,2025-05-02 13:25:54,732.63,0.15
3,running,102.36,0.9,0,2025-05-02 13:25:54,748.04,0.14
4,idle,60.0,0.2,0,2025-05-02 13:25:54,781.97,0.12
5,running,150.3,0.9,1189,2025-05-02 13:25:54,692.55,0.15
6,running,253.42,0.9,851,2025-05-02 13:25:54,769.6,0.15
7,idle,60.0,0.2,0,2025-05-02 13:25:54,678.96,0.14
8,running,60,0.57,960,2025-05-02 13:25:54,674.96,0.13
9,running,300,0.9,1600,2025-05-02 13:25:54,704.06,0.14
10,idle,60.0,0.2,0,2025-05-02 13:25:54,695.5,0.14
1,running,242.7,0.9,0,2025-05-02 13:26:04,751.33,0.14
2,running,84.87,0.9,577,2025-05-02 13:26:04,732.63,0.15
3,running,198.67,0.87,599,2025-05-02 13:26:04,748.04,0.14
4,running,60,0.7,574,2025-05-02 13:26:04,781.97,0.13
5,running,135.64,0.9,394,2025-05-02 13:26:04,692.55,0.15
6,running,260.37,0.9,63,2025-05-02 13:26:04,769.61,0.16
7,running,77.96,0.52,458,2025-05-02 13:26:04,678.97,0.15
8,running,60,0.9,1644,2025-05-02 13:26:04,674.96,0.13
9,running,300,0.9,1737,2025-05-02 13:26:04,704.06,0.14
10,running,135.16,0.52,0,2025-05-02 13:26:04,695.5,0.14
1,running,244.36,0.9,450,2025-05-02 13:26:14,751.34,0.15
2,running,157.91,0.9,199,2025-05-02 13:26:14,732.63,0.15
3,running,220.36,0.9,0,2025-05-02 13:26:14,748.04,0.14
4,idle,60.0,0.2,0,2025-05-02 13:26:14,781.97,0.13
5,running,194.44,0.9,0,2025-05-02 13:26:14,692.56,0.16
6,error,60.0,0.2,0,2025-05-02 13:26:14,769.61,0.16
7,running,131.04,0.8,93,2025-05-02 13:26:14,678.97,0.15
8,idle,60.0,0.2,0,2025-05-02 13:26:14,674.96,0.13
9,error,60.0,0.2,0,2025-05-02 13:26:14,704.06,0.14
10,running,217.92,0.9,692,2025-05-02 13:26:14,695.5,0.14
1,running,244.09,0.9,0,2025-05-02 13:26:24,751.34,0.15
2,running,150.82,0.9,322,2025-05-02 13:26:24,732.64,0.16
3,running,261.31,0.9,0,2025-05-02 13:26:24,748.04,0.14
4,running,60,0.25,931,2025-05-02 13:26:24,781.98,0.13
5,running,291.38,0.9,0,2025-05-02 13:26:24,692.56,0.16
6,running,60,0.36,0,2025-05-02 13:26:24,769.61,0.16
7,running,174.8,0.9,578,2025-05-02 13:26:24,678.97,0.15
8,running,118.4,0.66,843,2025-05-02 13:26:24,674.96,0.13
9,running,60,0.32,0,2025-05-02 13:26:24,704.06,0.14
10,running,250.35,0.9,261,2025-05-02 13:26:24,695.51,0.15
1,running,300,0.9,514,2025-05-02 13:26:34,751.34,0.15
2,running,202.88,0.9,0,2025-05-02 13:26:34,732.64,0.16
3,running,300,0.9,0,2025-05-02 13:26:34,748.05,0.15
4,running,100.54,0.45,525,2025-05-02 13:26:34,781.98,0.13
5,running,244.86,0.9,220,2025-05-02 13:26:34,692.56,0.16
6,running,60,0.62,17,2025-05-02 13:26:34,769.61,0.16
7,running,131.97,0.9,838,2025-05-02 13:26:34,678.98,0.16
8,running,153.22,0.74,76,2025-05-02 13:26:34,674.97,0.14
9,running,60,0.62,656,2025-05-02 13:26:34,704.07,0.15
10,running,300,0.89,973,2025-05-02 13:26:34,695.51,0.15
1,running,300,0.9,492,2025-05-02 13:26:44,751.35,0.16
2,running,257.24,0.9,0,2025-05-02 13:26:44,732.64,0.16
3,running,300,0.9,0,2025-05-02 13:26:44,748.05,0.15
4,running,197.44,0.66,1318,2025-05-02 13:26:44,781.98,0.13
5,running,283.17,0.9,977,2025-05-02 13:26:44,692.56,0.16
6,idle,60.0,0.2,0,2025-05-02 13:26:44,769.61,0.16
7,running,217.62,0.9,31,2025-05-02 13:26:44,678.98,0.16
8,running,150.31,0.72,832,2025-05-02 13:26:44,674.97,0.14
9,running,136.51,0.6,326,2025-05-02 13:26:44,704.07,0.15
10,running,274.69,0.9,856,2025-05-02 13:26:44,695.51,0.15
1,running,300,0.9,862,2025-05-02 13:26:54,751.35,0.16
2,running,232.05,0.9,556,2025-05-02 13:26:54,732.64,0.16
3,running,300,0.9,0,2025-05-02 13:26:54,748.05,0.15
4,running,266.84,0.72,1199,2025-05-02 13:26:54,781.99,0.14
5,running,300,0.87,655,2025-05-02 13:26:54,692.57,0.17
6,running,152.99,0.67,0,2025-05-02 13:26:54,769.61,0.16
7,running,300,0.9,0,2025-05-02 13:26:54,678.98,0.16
8,running,196.3,0.76,1003,2025-05-02 13:26:54,674.97,0.14
9,running,124.96,0.65,0,2025-05-02 13:26:54,704.07,0.15
10,running,300,0.9,1292,2025-05-02 13:26:54,695.52,0.16
1,idle,60.0,0.2,0,2025-05-02 13:27:04,751.35,0.16
2,running,243.87,0.9,1534,2025-05-02 13:27:04,732.65,0.17
3,running,300,0.9,0,2025-05-02 13:27:04,748.06,0.16
4,running,236.84,0.9,2016,2025-05-02 13:27:04,781.99,0.14
5,running,300,0.9,1313,2025-05-02 13:27:04,692.57,0.17
6,running,221.56,0.84,588,2025-05-02 13:27:04,769.62,0.17
7,running,289.31,0.9,0,2025-05-02 13:27:04,678.98,0.16
8,running,173.66,0.9,522,2025-05-02 13:27:04,674.97,0.14
9,running,78.21,0.9,365,2025-05-02 13:27:04,704.08,0.16
10,running,300,0.9,342,2025-05-02 13:27:04,695.52,0.16
1,running,60,0.45,0,2025-05-02 13:27:14,751.35,0.16
2,running,282.31,0.9,2254,2025-05-02 13:27:14,732.65,0.17
3,running,300,0.9,54,2025-05-02 13:27:14,748.06,0.16
4,running,269.44,0.9,2910,2025-05-02 13:27:14,781.99,0.14
5,running,300,0.9,1215,2025-05-02 13:27:14,692.57,0.17
6,running,251.3,0.9,146,2025-05-02 13:27:14,769.62,0.17
7,running,300,0.9,0,2025-05-02 13:27:14,678.99,0.17
8,running,251.17,0.9,1100,2025-05-02 13:27:14,674.98,0.15
9,running,60,0.9,622,2025-05-02 13:27:14,704.08,0.16
10,idle,60.0,0.2,0,2025-05-02 13:27:14,695.52,0.16
1,running,78.52,0.87,91,2025-05-02 13:27:24,751.35,0.16
2,running,272.63,0.9,1849,2025-05-02 13:27:24,732.65,0.17
3,running,300,0.9,909,2025-05-02 13:27:24,748.06,0.16
4,running,249.19,0.9,3511,2025-05-02 13:27:24,781.99,0.14
5,error,60.0,0.2,0,2025-05-02 13:27:24,692.57,0.17
6,running,300,0.9,963,2025-05-02 13:27:24,769.62,0.17
7,running,280.1,0.9,713,2025-05-02 13:27:24,678.99,0.17
8,running,300,0.9,415,2025-05-02 13:27:24,674.98,0.15
9,running,60,0.9,0,2025-05-02 13:27:24,704.08,0.16
10,running,60,0.5,700,2025-05-02 13:27:24,695.52,0.16
1,running,107.03,0.9,0,2025-05-02 13:27:34,751.36,0.17
2,running,300,0.9,1737,2025-05-02 13:27:34,732.65,0.17
3,running,300,0.9,1227,2025-05-02 13:27:34,748.06,0.16
4,running,295.85,0.9,4244,2025-05-02 13:27:34,782.0,0.15
5,running,148.21,0.56,0,2025-05-02 13:27:34,692.57,0.17
6,running,300,0.9,818,2025-05-02 13:27:34,769.62,0.17
7,running,300,0.9,1462,2025-05-02 13:27:34,678.99,0.17
8,running,276.07,0.9,201,2025-05-02 13:27:34,674.98,0.15
9,running,127.47,0.88,435,2025-05-02 13:27:34,704.08,0.16
10,running,91.75,0.54,1677,2025-05-02 13:27:34,695.52,0.16
1,idle,60.0,0.2,0,2025-05-02 13:27:44,751.36,0.17
2,running,300,0.9,2159,2025-05-02 13:27:44,732.66,0.18
3,running,253.31,0.9,958,2025-05-02 13:27:44,748.07,0.17
4,idle,60.0,0.2,0,2025-05-02 13:27:44,782.0,0.15
5,idle,60.0,0.2,0,2025-05-02 13:27:44,692.57,0.17
6,running,300,0.9,180,2025-05-02 13:27:44,769.63,0.18
7,idle,60.0,0.2,0,2025-05-02 13:27:44,678.99,0.17
8,running,280.19,0.9,811,2025-05-02 13:27:44,674.99,0.16
9,running,92.61,0.9,0,2025-05-02 13:27:44,704.09,0.17
10,running,147.32,0.82,2061,2025-05-02 13:27:44,695.53,0.17
1,running,81.65,0.4,0,2025-05-02 13:27:54,751.36,0.17
2,running,300,0.9,1552,2025-05-02 13:27:54,732.66,0.18
3,running,300,0.9,1476,2025-05-02 13:27:54,748.07,0.17
4,error,60.0,0.2,0,2025-05-02 13:27:54,782.0,0.15
5,error,60.0,0.2,0,2025-05-02 13:27:54,692.57,0.17
6,running,300,0.9,931,2025-05-02 13:27:54,769.63,0.18
7,running,60,0.67,924,2025-05-02 13:27:54,678.99,0.17
8,running,300,0.9,1184,2025-05-02 13:27:54,674.99,0.16
9,idle,60.0,0.2,0,2025-05-02 13:27:54,704.09,0.17
10,running,223.44,0.9,1100,2025-05-02 13:27:54,695.53,0.17
1,running,141.63,0.69,0,2025-05-02 13:28:04,751.36,0.17
2,running,300,0.9,860,2025-05-02 13:28:04,732.66,0.18
3,running,264.35,0.9,1800,2025-05-02 13:28:04,748.07,0.17
4,running,60,0.26,48,2025-05-02 13:28:04,782.0,0.15
5,running,89.82,0.15,0,2025-05-02 13:28:04,692.58,0.18
6,running,300,0.87,1524,2025-05-02 13:28:04,769.63,0.18
7,running,60,0.74,1587,2025-05-02 13:28:04,679.0,0.18
8,idle,60.0,0.2,0,2025-05-02 13:28:04,674.99,0.16
9,running,116.68,0.57,876,2025-05-02 13:28:04,704.09,0.17
10,running,237.93,0.9,217,2025-05-02 13:28:04,695.53,0.17
1,running,117.33,0.9,667,2025-05-02 13:28:14,751.36,0.17
2,running,270.82,0.9,1673,2025-05-02 13:28:14,732.67,0.19
3,running,300,0.9,2061,2025-05-02 13:28:14,748.07,0.17
4,idle,60.0,0.2,0,2025-05-02 13:28:14,782.0,0.15
5,error,60.0,0.2,0,2025-05-02 13:28:14,692.58,0.18
6,running,269.67,0.9,2152,2025-05-02 13:28:14,769.64,0.19
7,running,60,0.71,1959,2025-05-02 13:28:14,679.0,0.18
8,running,69.32,0.5,332,2025-05-02 13:28:14,674.99,0.16
9,idle,60.0,0.2,0,2025-05-02 13:28:14,704.09,0.17
10,error,60.0,0.2,0,2025-05-02 13:28:14,695.53,0.17
1,running,197.45,0.9,427,2025-05-02 13:28:24,751.37,0.18
2,idle,60.0,0.2,0,2025-05-02 13:28:24,732.67,0.19
3,running,300,0.89,1339,2025-05-02 13:28:24,748.08,0.18
4,running,60.85,0.23,0,2025-05-02 13:28:24,782.0,0.15
5,running,135.37,0.51,414,2025-05-02 13:28:24,692.58,0.18
6,running,300,0.9,2476,2025-05-02 13:28:24,769.64,0.19
7,running,60,0.9,2569,2025-05-02 13:28:24,679.0,0.18
8,running,104.53,0.9,595,2025-05-02 13:28:24,674.99,0.16
9,running,141.97,0.22,245,2025-05-02 13:28:24,704.09,0.17
10,running,60,0.36,489,2025-05-02 13:28:24,695.53,0.17
1,running,287.18,0.9,0,2025-05-02 13:28:34,751.37,0.18
2,running,60,0.69,0,2025-05-02 13:28:34,732.67,0.19
3,running,300,0.9,1950,2025-05-02 13:28:34,748.08,0.18
4,running,154.27,0.35,0,2025-05-02 13:28:34,782.01,0.16
5,idle,60.0,0.2,0,2025-05-02 13:28:34,692.58,0.18
6,running,287.96,0.89,2724,2025-05-02 13:28:34,769.64,0.19
7,idle,60.0,0.2,0,2025-05-02 13:28:34,679.0,0.18
8,running,60,0.9,0,2025-05-02 13:28:34,675.0,0.17
9,running,208.73,0.45,492,2025-05-02 13:28:34,704.09,0.17
10,running,60,0.62,1247,2025-05-02 13:28:34,695.54,0.18
1,idle,60.0,0.2,0,2025-05-02 13:28:44,751.37,0.18
2,running,60,0.65,507,2025-05-02 13:28:44,732.67,0.19
3,running,256.58,0.9,2893,2025-05-02 13:28:44,748.08,0.18
4,running,210.03,0.84,35,2025-05-02 13:28:44,782.01,0.16
5,running,96.71,0.54,0,2025-05-02 13:28:44,692.58,0.18
6,running,300,0.85,3610,2025-05-02 13:28:44,769.64,0.19
7,running,132.98,0.23,236,2025-05-02 13:28:44,679.01,0.19
8,running,151.7,0.9,38,2025-05-02 13:28:44,675.0,0.17
9,running,229.58,0.5,765,2025-05-02 13:28:44,704.1,0.18
10,idle,60.0,0.2,0,2025-05-02 13:28:44,695.54,0.18
1,running,101.64,0.34,267,2025-05-02 13:28:54,751.37,0.18
2,idle,60.0,0.2,0,2025-05-02 13:28:54,732.67,0.19
3,running,266.17,0.9,2977,2025-05-02 13:28:54,748.09,0.19
4,running,167.52,0.9,288,2025-05-02 13:28:54,782.01,0.16
5,running,176.59,0.69,315,2025-05-02 13:28:54,692.59,0.19
6,running,300,0.9,4159,2025-05-02 13:28:54,769.65,0.2
7,running,98.86,0.72,703,2025-05-02 13:28:54,679.01,0.19
8,idle,60.0,0.2,0,2025-05-02 13:28:54,675.0,0.17
9,running,291.47,0.9,1028,2025-05-02 13:28:54,704.1,0.18
10,running,100.13,0.62,13,2025-05-02 13:28:54,695.54,0.18
1,running,147.45,0.39,0,2025-05-02 13:29:04,751.38,0.19
2,running,91.6,0.55,41,2025-05-02 13:29:04,732.67,0.19
3,error,60.0,0.2,0,2025-05-02 13:29:04,748.09,0.19
4,running,196.24,0.9,411,2025-05-02 13:29:04,782.01,0.16
5,running,129.24,0.81,1065,2025-05-02 13:29:04,692.59,0.19
6,running,296.3,0.9,3262,2025-05-02 13:29:04,769.65,0.2
7,running,93.84,0.74,839,2025-05-02 13:29:04,679.01,0.19
8,running,103.07,0.38,0,2025-05-02 13:29:04,675.0,0.17
9,idle,60.0,0.2,0,2025-05-02 13:29:04,704.1,0.18
10,running,105.15,0.9,303,2025-05-02 13:29:04,695.54,0.18
1,running,217.77,0.76,831,2025-05-02 13:29:14,751.38,0.19
2,running,60,0.68,453,2025-05-02 13:29:14,732.68,0.2
3,idle,60.0,0.2,0,2025-05-02 13:29:14,748.09,0.19
4,running,278.47,0.9,0,2025-05-02 13:29:14,782.02,0.17
5,running,167.14,0.81,129,2025-05-02 13:29:14,692.59,0.19
6,idle,60.0,0.2,0,2025-05-02 13:29:14,769.65,0.2
7,running,167.57,0.9,0,2025-05-02 13:29:14,679.01,0.19
8,running,133.58,0.8,0,2025-05-02 13:29:14,675.0,0.17
9,running,69.36,0.68,415,2025-05-02 13:29:14,704.1,0.18
10,running,193.32,0.9,0,2025-05-02 13:29:14,695.55,0.19
1,running,274.56,0.9,0,2025-05-02 13:29:24,751.38,0.19
2,running,116.87,0.85,292,2025-05-02 13:29:24,732.68,0.2
3,running,72.5,0.54,0,2025-05-02 13:29:24,748.09,0.19
4,running,278.26,0.9,0,2025-05-02 13:29:24,782.02,0.17
5,error,60.0,0.2,0,2025-05-02 13:29:24,692.59,0.19
6,running,122.68,0.67,753,2025-05-02 13:29:24,769.65,0.2
7,idle,60.0,0.2,0,2025-05-02 13:29:24,679.01,0.19
8,running,117.79,0.9,360,2025-05-02 13:29:24,675.01,0.18
9,running,105.59,0.9,276,2025-05-02 13:29:24,704.11,0.19
10,running,257.47,0.9,0,2025-05-02 13:29:24,695.55,0.19
1,running,300,0.87,921,2025-05-02 13:29:34,751.38,0.19
2,running,163.33,0.9,671,2025-05-02 13:29:34,732.68,0.2
3,running,76.24,0.9,0,2025-05-02 13:29:34,748.09,0.19
4,running,265.81,0.9,0,2025-05-02 13:29:34,782.02,0.17
5,running,60,0.31,32,2025-05-02 13:29:34,692.59,0.19
6,running,153.63,0.65,65,2025-05-02 13:29:34,769.66,0.21
7,error,60.0,0.2,0,2025-05-02 13:29:34,679.01,0.19
8,running,91.96,0.9,219,2025-05-02 13:29:34,675.01,0.18
9,running,118.66,0.9,1272,2025-05-02 13:29:34,704.11,0.19
10,running,300,0.9,0,2025-05-02 13:29:34,695.55,0.19
1,running,300,0.9,1246,2025-05-02 13:29:44,751.39,0.2
2,idle,60.0,0.2,0,2025-05-02 13:29:44,732.68,0.2
3,running,90.88,0.9,516,2025-05-02 13:29:44,748.09,0.19
4,running,225.52,0.9,450,2025-05-02 13:29:44,782.02,0.17
5,running,85.66,0.64,0,2025-05-02 13:29:44,692.6,0.2
6,running,120.47,0.79,147,2025-05-02 13:29:44,769.66,0.21
7,running,142.41,0.45,622,2025-05-02 13:29:44,679.02,0.2
8,running,77.8,0.87,217,2025-05-02 13:29:44,675.01,0.18
9,running,158.4,0.9,1287,2025-05-02 13:29:44,704.11,0.19
10,running,296.99,0.9,0,2025-05-02 13:29:44,695.55,0.19
1,running,269.09,0.9,1342,2025-05-02 13:29:54,751.39,0.2
2,running,72.96,0.25,439,2025-05-02 13:29:54,732.69,0.21
3,running,161.16,0.9,1238,2025-05-02 13:29:54,748.1,0.2
4,running,207.85,0.88,860,2025-05-02 13:29:54,782.03,0.18
5,running,67.75,0.6,388,2025-05-02 13:29:54,692.6,0.2
6,idle,60.0,0.2,0,2025-05-02 13:29:54,769.66,0.21
7,running,193.11,0.88,0,2025-05-02 13:29:54,679.02,0.2
8,running,176.58,0.9,0,2025-05-02 13:29:54,675.02,0.19
9,running,176.07,0.9,485,2025-05-02 13:29:54,704.11,0.19
10,running,300,0.9,0,2025-05-02 13:29:54,695.56,0.2
1,running,222.79,0.9,1573,2025-05-02 13:30:04,751.39,0.2
2,running,117.96,0.53,0,2025-05-02 13:30:04,732.69,0.21
3,running,235.6,0.9,1370,2025-05-02 13:30:04,748.1,0.2
4,running,191.99,0.9,1052,2025-05-02 13:30:04,782.03,0.18
5,running,140.41,0.9,640,2025-05-02 13:30:04,692.6,0.2
6,idle,60.0,0.2,0,2025-05-02 13:30:04,769.66,0.21
7,running,182.35,0.9,948,2025-05-02 13:30:04,679.02,0.2
8,running,209.14,0.9,313,2025-05-02 13:30:04,675.02,0.19
9,running,218.32,0.9,536,2025-05-02 13:30:04,704.12,0.2
10,idle,60.0,0.2,0,2025-05-02 13:30:04,695.56,0.2
1,running,297.74,0.88,926,2025-05-02 13:30:14,751.4,0.21
2,running,74.28,0.9,625,2025-05-02 13:30:14,732.69,0.21
3,running,206.04,0.9,526,2025-05-02 13:30:14,748.1,0.2
4,running,146.93,0.9,372,2025-05-02 13:30:14,782.03,0.18
5,running,196.65,0.9,546,2025-05-02 13:30:14,692.61,0.21
6,running,149.82,0.37,309,2025-05-02 13:30:14,769.66,0.21
7,running,134.05,0.9,100,2025-05-02 13:30:14,679.03,0.21
8,running,276.32,0.9,0,2025-05-02 13:30:14,675.02,0.19
9,running,195.25,0.9,1095,2025-05-02 13:30:14,704.12,0.2
10,running,150.17,0.46,0,2025-05-02 13:30:14,695.56,0.2
1,running,300,0.87,1084,2025-05-02 13:30:24,751.4,0.21
2,idle,60.0,0.2,0,2025-05-02 13:30:24,732.69,0.21
3,running,248.45,0.9,880,2025-05-02 13:30:24,748.11,0.21
4,running,114.49,0.9,0,2025-05-02 13:30:24,782.04,0.19
5,running,194.46,0.9,0,2025-05-02 13:30:24,692.61,0.21
6,running,215.99,0.83,0,2025-05-02 13:30:24,769.66,0.21
7,running,205.86,0.9,0,2025-05-02 13:30:24,679.03,0.21
8,running,300,0.9,0,2025-05-02 13:30:24,675.02,0.19
9,error,60.0,0.2,0,2025-05-02 13:30:24,704.12,0.2
10,error,60.0,0.2,0,2025-05-02 13:30:24,695.56,0.2
1,running,252.46,0.9,590,2025-05-02 13:30:34,751.4,0.21
2,running,60,0.65,585,2025-05-02 13:30:34,732.69,0.21
3,running,200.77,0.9,897,2025-05-02 13:30:34,748.11,0.21
4,running,127.69,0.9,779,2025-05-02 13:30:34,782.04,0.19
5,running,262.57,0.9,314,2025-05-02 13:30:34,692.61,0.21
6,running,254.64,0.9,0,2025-05-02 13:30:34,769.67,0.22
7,idle,60.0,0.2,0,2025-05-02 13:30:34,679.03,0.21
8,running,300,0.9,0,2025-05-02 13:30:34,675.03,0.2
9,error,60.0,0.2,0,2025-05-02 13:30:34,704.12,0.2
10,running,150.07,0.16,763,2025-05-02 13:30:34,695.56,0.2
1,running,300,0.89,546,2025-05-02 13:30:44,751.4,0.21
2,running,60,0.66,1403,2025-05-02 13:30:44,732.7,0.22
3,running,250.87,0.9,1534,2025-05-02 13:30:44,748.11,0.21
4,running,183.63,0.9,795,2025-05-02 13:30:44,782.04,0.19
5,running,289.23,0.9,127,2025-05-02 13:30:44,692.61,0.21
6,running,300,0.9,0,2025-05-02 13:30:44,769.67,0.22
7,running,135.11,0.39,0,2025-05-02 13:30:44,679.03,0.21
8,running,300,0.9,32,2025-05-02 13:30:44,675.03,0.2
9,running,157.2,0.69,607,2025-05-02 13:30:44,704.12,0.2
10,running,199.96,0.35,977,2025-05-02 13:30:44,695.57,0.21
1,running,270.59,0.9,493,2025-05-02 13:30:54,751.41,0.22
2,running,102.78,0.89,482,2025-05-02 13:30:54,732.7,0.22
3,running,279.67,0.9,1351,2025-05-02 13:30:54,748.11,0.21
4,running,223.01,0.9,89,2025-05-02 13:30:54,782.04,0.19
5,running,300,0.86,4,2025-05-02 13:30:54,692.62,0.22
6,running,300,0.9,943,2025-05-02 13:30:54,769.67,0.22
7,running,186.3,0.44,0,2025-05-02 13:30:54,679.03,0.21
8,error,60.0,0.2,0,2025-05-02 13:30:54,675.03,0.2
9,running,172.97,0.9,1386,2025-05-02 13:30:54,704.13,0.21
10,idle,60.0,0.2,0,2025-05-02 13:30:54,695.57,0.21
1,idle,60.0,0.2,0,2025-05-02 13:31:04,751.41,0.22
2,running,196.8,0.89,230,2025-05-02 13:31:04,732.7,0.22
3,running,246.16,0.9,1966,2025-05-02 13:31:04,748.12,0.22
4,running,227.7,0.9,0,2025-05-02 13:31:04,782.05,0.2
5,running,261.28,0.9,600,2025-05-02 13:31:04,692.62,0.22
6,running,300,0.9,1067,2025-05-02 13:31:04,769.67,0.22
7,running,168.89,0.42,0,2025-05-02 13:31:04,679.04,0.22
8,running,108.53,0.26,907,2025-05-02 13:31:04,675.03,0.2
9,running,252.06,0.9,1408,2025-05-02 13:31:04,704.13,0.21
10,running,137.47,0.59,0,2025-05-02 13:31:04,695.57,0.21
1,idle,60.0,0.2,0,2025-05-02 13:31:14,751.41,0.22
2,running,216.2,0.9,608,2025-05-02 13:31:14,732.7,0.22
3,running,300,0.9,994,2025-05-02 13:31:14,748.12,0.22
4,running,245.83,0.9,0,2025-05-02 13:31:14,782.05,0.2
5,running,300,0.9,1285,2025-05-02 13:31:14,692.62,0.22
6,running,277.93,0.88,1345,2025-05-02 13:31:14,769.68,0.23
7,running,132.42,0.7,0,2025-05-02 13:31:14,679.04,0.22
8,running,71.07,0.48,83,2025-05-02 13:31:14,675.04,0.21
9,idle,60.0,0.2,0,2025-05-02 13:31:14,704.13,0.21
10,running,123.14,0.9,181,2025-05-02 13:31:14,695.57,0.21
1,running,60,0.47,0,2025-05-02 13:31:24,751.41,0.22
2,idle,60.0,0.2,0,2025-05-02 13:31:24,732.7,0.22
3,running,300,0.9,727,2025-05-02 13:31:24,748.12,0.22
4,running,278.87,0.9,0,2025-05-02 13:31:24,782.05,0.2
5,running,300,0.9,674,2025-05-02 13:31:24,692.62,0.22
6,running,290.6,0.9,1730,2025-05-02 13:31:24,769.68,0.23
7,idle,60.0,0.2,0,2025-05-02 13:31:24,679.04,0.22
8,idle,60.0,0.2,0,2025-05-02 13:31:24,675.04,0.21
9,running,98.07,0.53,417,2025-05-02 13:31:24,704.13,0.21
10,error,60.0,0.2,0,2025-05-02 13:31:24,695.57,0.21
1,running,118.53,0.71,206,2025-05-02 13:31:34,751.41,0.22
2,running,60,0.3,596,2025-05-02 13:31:34,732.71,0.23
3,running,252.01,0.9,17,2025-05-02 13:31:34,748.12,0.22
4,running,300,0.87,0,2025-05-02 13:31:34,782.06,0.21
5,error,60.0,0.2,0,2025-05-02 13:31:34,692.62,0.22
6,running,268.82,0.9,2097,2025-05-02 13:31:34,769.68,0.23
7,running,150.26,0.53,0,2025-05-02 13:31:34,679.04,0.22
8,running,134.4,0.34,0,2025-05-02 13:31:34,675.04,0.21
9,idle,60.0,0.2,0,2025-05-02 13:31:34,704.13,0.21
10,running,144.5,0.55,65,2025-05-02 13:31:34,695.57,0.21
1,running,203.83,0.9,288,2025-05-02 13:31:44,751.41,0.22
2,idle,60.0,0.2,0,2025-05-02 13:31:44,732.71,0.23
3,idle,60.0,0.2,0,2025-05-02 13:31:44,748.12,0.22
4,idle,60.0,0.2,0,2025-05-02 13:31:44,782.06,0.21
5,error,60.0,0.2,0,2025-05-02 13:31:44,692.62,0.22
6,running,223.83,0.9,1494,2025-05-02 13:31:44,769.69,0.24
7,running,159.36,0.76,0,2025-05-02 13:31:44,679.04,0.22
8,running,188.75,0.76,672,2025-05-02 13:31:44,675.04,0.21
9,running,60,0.4,228,2025-05-02 13:31:44,704.13,0.21
10,running,212.68,0.72,0,2025-05-02 13:31:44,695.58,0.22
1,running,297.85,0.9,147,2025-05-02 13:31:54,751.42,0.23
2,running,127.36,0.37,0,2025-05-02 13:31:54,732.71,0.23
3,running,81.8,0.49,0,2025-05-02 13:31:54,748.13,0.23
4,running,159.84,0.64,171,2025-05-02 13:31:54,782.06,0.21
5,running,60,0.63,151,2025-05-02 13:31:54,692.63,0.23
6,running,264.77,0.9,1728,2025-05-02 13:31:54,769.69,0.24
7,running,214.51,0.9,0,2025-05-02 13:31:54,679.05,0.23
8,running,140.42,0.9,1173,2025-05-02 13:31:54,675.04,0.21
9,running,106.86,0.45,0,2025-05-02 13:31:54,704.14,0.22
10,idle,60.0,0.2,0,2025-05-02 13:31:54,695.58,0.22
1,running,300,0.9,813,2025-05-02 13:32:04,751.42,0.23
2,idle,60.0,0.2,0,2025-05-02 13:32:04,732.71,0.23
3,running,82.57,0.9,912,2025-05-02 13:32:04,748.13,0.23
4,idle,60.0,0.2,0,2025-05-02 13:32:04,782.06,0.21
5,running,106.97,0.85,965,2025-05-02 13:32:04,692.63,0.23
6,idle,60.0,0.2,0,2025-05-02 13:32:04,769.69,0.24
7,running,203.23,0.9,0,2025-05-02 13:32:04,679.05,0.23
8,running,199.99,0.9,1838,2025-05-02 13:32:04,675.05,0.22
9,running,147.4,0.41,773,2025-05-02 13:32:04,704.14,0.22
10,error,60.0,0.2,0,2025-05-02 13:32:04,695.58,0.22
1,running,300,0.9,1332,2025-05-02 13:32:14,751.42,0.23
2,running,60,0.39,0,2025-05-02 13:32:14,732.71,0.23
3,running,111.77,0.86,600,2025-05-02 13:32:14,748.13,0.23
4,running,60,0.55,212,2025-05-02 13:32:14,782.06,0.21
5,running,160.35,0.9,266,2025-05-02 13:32:14,692.63,0.23
6,idle,60.0,0.2,0,2025-05-02 13:32:14,769.69,0.24
7,running,213.52,0.9,0,2025-05-02 13:32:14,679.05,0.23
8,running,206.55,0.88,1379,2025-05-02 13:32:14,675.05,0.22
9,running,168.23,0.4,749,2025-05-02 13:32:14,704.14,0.22
10,running,60,0.37,274,2025-05-02 13:32:14,695.58,0.22
1,running,270.88,0.9,616,2025-05-02 13:32:24,751.43,0.24
2,running,101.69,0.58,320,2025-05-02 13:32:24,732.72,0.24
3,running,175.79,0.9,305,2025-05-02 13:32:24,748.14,0.24
4,running,134.6,0.53,0,2025-05-02 13:32:24,782.06,0.21
5,running,252.24,0.9,0,2025-05-02 13:32:24,692.64,0.24
6,running,60,0.4,0,2025-05-02 13:32:24,769.69,0.24
7,running,233.5,0.9,917,2025-05-02 13:32:24,679.06,0.24
8,running,299.33,0.9,1292,2025-05-02 13:32:24,675.05,0.22
9,running,174.61,0.6,773,2025-05-02 13:32:24,704.14,0.22
10,running,76.75,0.8,730,2025-05-02 13:32:24,695.58,0.22
1,running,300,0.9,232,2025-05-02 13:32:34,751.43,0.24
2,running,175.42,0.76,0,2025-05-02 13:32:34,732.72,0.24
3,running,129.99,0.9,1024,2025-05-02 13:32:34,748.14,0.24
4,running,97.78,0.54,0,2025-05-02 13:32:34,782.07,0.22
5,running,274.98,0.9,0,2025-05-02 13:32:34,692.64,0.24
6,running,60,0.42,445,2025-05-02 13:32:34,769.69,0.24
7,running,250.95,0.9,777,2025-05-02 13:32:34,679.06,0.24
8,error,60.0,0.2,0,2025-05-02 13:32:34,675.05,0.22
9,running,199.64,0.87,1617,2025-05-02 13:32:34,704.15,0.23
10,running,166.88,0.9,542,2025-05-02 13:32:34,695.58,0.22
1,running,260.24,0.9,807,2025-05-02 13:32:44,751.43,0.24
2,running,147.1,0.9,774,2025-05-02 13:32:44,732.72,0.24
3,running,114.68,0.9,1943,2025-05-02 13:32:44,748.14,0.24
4,running,105.3,0.58,673,2025-05-02 13:32:44,782.07,0.22
5,running,300,0.9,0,2025-05-02 13:32:44,692.64,0.24
6,error,60.0,0.2,0,2025-05-02 13:32:44,769.69,0.24
7,idle,60.0,0.2,0,2025-05-02 13:32:44,679.06,0.24
8,running,134.87,0.64,574,2025-05-02 13:32:44,675.05,0.22
9,running,211.53,0.9,2150,2025-05-02 13:32:44,704.15,0.23
10,running,265.18,0.9,1029,2025-05-02 13:32:44,695.59,0.23
1,running,234.77,0.9,1037,2025-05-02 13:32:54,751.43,0.24
2,idle,60.0,0.2,0,2025-05-02 13:32:54,732.72,0.24
3,running,202.4,0.9,1162,2025-05-02 13:32:54,748.14,0.24
4,running,184.19,0.58,1076,2025-05-02 13:32:54,782.07,0.22
5,running,300,0.9,168,2025-05-02 13:32:54,692.64,0.24
6,running,71.33,0.69,0,2025-05-02 13:32:54,769.7,0.25
7,running,123.74,0.45,717,2025-05-02 13:32:54,679.06,0.24
8,running,110.11,0.9,680,2025-05-02 13:32:54,675.06,0.23
9,running,286.78,0.87,2228,2025-05-02 13:32:54,704.15,0.23
10,running,300,0.9,650,2025-05-02 13:32:54,695.59,0.23
1,running,197.4,0.9,385,2025-05-02 13:33:04,751.44,0.25
2,running,60,0.68,2,2025-05-02 13:33:04,732.72,0.24
3,running,217.86,0.9,1123,2025-05-02 13:33:04,748.15,0.25
4,running,173.65,0.61,425,2025-05-02 13:33:04,782.07,0.22
5,running,300,0.9,0,2025-05-02 13:33:04,692.65,0.25
6,running,131.21,0.9,212,2025-05-02 13:33:04,769.7,0.25
7,idle,60.0,0.2,0,2025-05-02 13:33:04,679.06,0.24
8,idle,60.0,0.2,0,2025-05-02 13:33:04,675.06,0.23
9,running,300,0.9,2519,2025-05-02 13:33:04,704.16,0.24
10,running,300,0.9,1627,2025-05-02 13:33:04,695.59,0.23
1,idle,60.0,0.2,0,2025-05-02 13:33:14,751.44,0.25
2,idle,60.0,0.2,0,2025-05-02 13:33:14,732.72,0.24
3,running,299.82,0.9,1469,2025-05-02 13:33:14,748.15,0.25
4,idle,60.0,0.2,0,2025-05-02 13:33:14,782.07,0.22
5,running,300,0.9,630,2025-05-02 13:33:14,692.65,0.25
6,running,88.58,0.9,0,2025-05-02 13:33:14,769.7,0.25
7,running,60,0.59,0,2025-05-02 13:33:14,679.06,0.24
8,running,140.19,0.38,52,2025-05-02 13:33:14,675.06,0.23
9,idle,60.0,0.2,0,2025-05-02 13:33:14,704.16,0.24
10,idle,60.0,0.2,0,2025-05-02 13:33:14,695.59,0.23
1,running,88.0,0.54,0,2025-05-02 13:33:24,751.44,0.25
2,running,60,0.21,0,2025-05-02 13:33:24,732.73,0.25
3,running,300,0.9,1478,2025-05-02 13:33:24,748.15,0.25
4,running,159.56,0.27,0,2025-05-02 13:33:24,782.08,0.23
5,running,300,0.9,0,2025-05-02 13:33:24,692.65,0.25
6,running,172.17,0.87,263,2025-05-02 13:33:24,769.71,0.26
7,idle,60.0,0.2,0,2025-05-02 13:33:24,679.06,0.24
8,running,118.12,0.45,738,2025-05-02 13:33:24,675.06,0.23
9,running,147.46,0.25,0,2025-05-02 13:33:24,704.16,0.24
10,error,60.0,0.2,0,2025-05-02 13:33:24,695.59,0.23
1,running,65.21,0.9,0,2025-05-02 13:33:34,751.44,0.25
2,running,107.66,0.16,457,2025-05-02 13:33:34,732.73,0.25
3,running,271.58,0.85,1194,2025-05-02 13:33:34,748.16,0.26
4,idle,60.0,0.2,0,2025-05-02 13:33:34,782.08,0.23
5,running,255.7,0.9,116,2025-05-02 13:33:34,692.66,0.26
6,running,158.93,0.9,1055,2025-05-02 13:33:34,769.71,0.26
7,running,99.66,0.51,0,2025-05-02 13:33:34,679.07,0.25
8,running,164.97,0.73,803,2025-05-02 13:33:34,675.07,0.24
9,idle,60.0,0.2,0,2025-05-02 13:33:34,704.16,0.24
10,running,128.4,0.7,0,2025-05-02 13:33:34,695.6,0.24
1,running,95.23,0.9,0,2025-05-02 16:09:37,751.44,0.25
2,error,60.0,0.2,0,2025-05-02 16:09:37,732.73,0.25
3,running,300,0.9,367,2025-05-02 16:09:37,748.16,0.26
4,running,118.52,0.5,0,2025-05-02 16:09:37,782.08,0.23
5,running,248.34,0.9,205,2025-05-02 16:09:37,692.66,0.26
6,running,208.92,0.9,378,2025-05-02 16:09:37,769.71,0.26
7,running,138.91,0.64,551,2025-05-02 16:09:37,679.07,0.25
8,idle,60.0,0.2,0,2025-05-02 16:09:37,675.07,0.24
9,running,87.15,0.41,0,2025-05-02 16:09:37,704.16,0.24
10,running,187.86,0.9,293,2025-05-02 16:09:37,695.6,0.24
1,running,71.88,0.9,970,2025-05-02 16:09:47,751.45,0.26
2,idle,60.0,0.2,0,2025-05-02 16:09:47,732.73,0.25
3,idle,60.0,0.2,0,2025-05-02 16:09:47,748.16,0.26
4,running,134.85,0.84,71,2025-05-02 16:09:47,782.09,0.24
5,running,295.72,0.9,0,2025-05-02 16:09:47,692.67,0.27
6,running,300,0.9,659,2025-05-02 16:09:47,769.72,0.27
7,running,194.31,0.9,370,2025-05-02 16:09:47,679.08,0.26
8,running,126.83,0.49,0,2025-05-02 16:09:47,675.07,0.24
9,running,88.52,0.9,772,2025-05-02 16:09:47,704.17,0.25
10,running,227.35,0.9,114,2025-05-02 16:09:47,695.61,0.25
1,idle,60.0,0.2,0,2025-05-02 16:09:57,751.45,0.26
2,running,153.91,0.44,0,2025-05-02 16:09:57,732.73,0.25
3,running,99.77,0.58,617,2025-05-02 16:09:57,748.17,0.27
4,idle,60.0,0.2,0,2025-05-02 16:09:57,782.09,0.24
5,running,282.33,0.9,936,2025-05-02 16:09:57,692.67,0.27
6,running,300,0.9,1474,2025-05-02 16:09:57,769.72,0.27
7,idle,60.0,0.2,0,2025-05-02 16:09:57,679.08,0.26
8,running,139.05,0.65,0,2025-05-02 16:09:57,675.08,0.25
9,running,91.51,0.9,375,2025-05-02 16:09:57,704.17,0.25
10,running,248.41,0.86,0,2025-05-02 16:09:57,695.61,0.25
1,error,60.0,0.2,0,2025-05-02 16:10:07,751.45,0.26
2,idle,60.0,0.2,0,2025-05-02 16:10:07,732.73,0.25
3,running,165.89,0.54,531,2025-05-02 16:10:07,748.17,0.27
4,idle,60.0,0.2,0,2025-05-02 16:10:07,782.09,0.24
5,running,300,0.9,0,2025-05-02 16:10:07,692.67,0.27
6,running,300,0.9,1711,2025-05-02 16:10:07,769.72,0.27
7,running,72.78,0.16,0,2025-05-02 16:10:07,679.08,0.26
8,running,214.18,0.65,83,2025-05-02 16:10:07,675.08,0.25
9,running,188.57,0.9,1330,2025-05-02 16:10:07,704.17,0.25
10,running,225.4,0.87,443,2025-05-02 16:10:07,695.61,0.25
1,running,89.44,0.37,44,2025-05-02 16:10:17,751.45,0.26
2,running,123.86,0.58,0,2025-05-02 16:10:17,732.74,0.26
3,running,234.4,0.86,1342,2025-05-02 16:10:17,748.17,0.27
4,running,142.76,0.17,0,2025-05-02 16:10:17,782.09,0.24
5,running,259.57,0.9,185,2025-05-02 16:10:17,692.67,0.27
6,running,291.46,0.9,2385,2025-05-02 16:10:17,769.72,0.27
7,idle,60.0,0.2,0,2025-05-02 16:10:17,679.08,0.26
8,running,256.83,0.78,0,2025-05-02 16:10:17,675.08,0.25
9,running,234.29,0.9,2074,2025-05-02 16:10:17,704.17,0.25
10,idle,60.0,0.2,0,2025-05-02 16:10:17,695.61,0.25
1,running,146.48,0.65,1028,2025-05-02 16:10:27,751.45,0.26
2,error,60.0,0.2,0,2025-05-02 16:10:27,732.74,0.26
3,running,299.93,0.9,411,2025-05-02 16:10:27,748.17,0.27
4,error,60.0,0.2,0,2025-05-02 16:10:27,782.09,0.24
5,running,300,0.87,0,2025-05-02 16:10:27,692.68,0.28
6,running,300,0.87,2768,2025-05-02 16:10:27,769.73,0.28
7,running,60,0.27,0,2025-05-02 16:10:27,679.08,0.26
8,idle,60.0,0.2,0,2025-05-02 16:10:27,675.08,0.25
9,running,188.74,0.9,1971,2025-05-02 16:10:27,704.18,0.26
10,running,118.16,0.44,404,2025-05-02 16:10:27,695.61,0.25
1,error,60.0,0.2,0,2025-05-02 16:10:37,751.45,0.26
2,running,130.14,0.57,279,2025-05-02 16:10:37,732.74,0.26
3,idle,60.0,0.2,0,2025-05-02 16:10:37,748.17,0.27
4,running,159.98,0.21,560,2025-05-02 16:10:37,782.09,0.24
5,running,300,0.9,930,2025-05-02 16:10:37,692.68,0.28
6,idle,60.0,0.2,0,2025-05-02 16:10:37,769.73,0.28
7,running,60,0.37,522,2025-05-02 16:10:37,679.08,0.26
8,running,110.7,0.34,402,2025-05-02 16:10:37,675.08,0.25
9,idle,60.0,0.2,0,2025-05-02 16:10:37,704.18,0.26
10,idle,60.0,0.2,0,2025-05-02 16:10:37,695.61,0.25
1,running,60,0.35,0,2025-05-02 16:10:47,751.45,0.26
2,running,113.61,0.81,788,2025-05-02 16:10:47,732.74,0.26
3,running,128.17,0.37,757,2025-05-02 16:10:47,748.18,0.28
4,running,135.83,0.33,0,2025-05-02 16:10:47,782.09,0.24
5,running,300,0.9,47,2025-05-02 16:10:47,692.68,0.28
6,running,142.31,0.31,0,2025-05-02 16:10:47,769.73,0.28
7,running,60,0.78,779,2025-05-02 16:10:47,679.09,0.27
8,error,60.0,0.2,0,2025-05-02 16:10:47,675.08,0.25
9,running,95.21,0.44,0,2025-05-02 16:10:47,704.18,0.26
10,error,60.0,0.2,0,2025-05-02 16:10:47,695.61,0.25
1,running,158.71,0.82,171,2025-05-02 16:10:57,751.46,0.27
2,running,160.3,0.9,1503,2025-05-02 16:10:57,732.74,0.26
3,running,182.58,0.45,484,2025-05-02 16:10:57,748.18,0.28
4,running,108.61,0.52,732,2025-05-02 16:10:57,782.1,0.25
5,running,254.97,0.9,498,2025-05-02 16:10:57,692.68,0.28
6,running,190.27,0.63,850,2025-05-02 16:10:57,769.73,0.28
7,running,60,0.9,847,2025-05-02 16:10:57,679.09,0.27
8,running,108.19,0.23,847,2025-05-02 16:10:57,675.09,0.26
9,running,60,0.66,222,2025-05-02 16:10:57,704.18,0.26
10,running,68.25,0.54,142,2025-05-02 16:10:57,695.62,0.26
1,running,245.89,0.9,881,2025-05-02 16:11:07,751.46,0.27
2,running,218.88,0.9,2437,2025-05-02 16:11:07,732.75,0.27
3,idle,60.0,0.2,0,2025-05-02 16:11:07,748.18,0.28
4,running,141.86,0.74,1575,2025-05-02 16:11:07,782.1,0.25
5,running,221.89,0.9,1328,2025-05-02 16:11:07,692.69,0.29
6,running,207.9,0.79,69,2025-05-02 16:11:07,769.73,0.28
7,running,128.18,0.9,897,2025-05-02 16:11:07,679.09,0.27
8,running,121.5,0.65,339,2025-05-02 16:11:07,675.09,0.26
9,running,79.54,0.76,1191,2025-05-02 16:11:07,704.18,0.26
10,running,60,0.77,123,2025-05-02 16:11:07,695.62,0.26
1,running,212.22,0.9,1832,2025-05-02 16:11:17,751.46,0.27
2,running,300,0.9,2933,2025-05-02 16:11:17,732.75,0.27
3,running,61.6,0.69,0,2025-05-02 16:11:17,748.18,0.28
4,idle,60.0,0.2,0,2025-05-02 16:11:17,782.1,0.25
5,running,230.55,0.9,420,2025-05-02 16:11:17,692.69,0.29
6,running,271.21,0.9,70,2025-05-02 16:11:17,769.74,0.29
7,running,112.97,0.9,206,2025-05-02 16:11:17,679.09,0.27
8,running,156.36,0.9,188,2025-05-02 16:11:17,675.09,0.26
9,running,158.84,0.82,891,2025-05-02 16:11:17,704.19,0.27
10,idle,60.0,0.2,0,2025-05-02 16:11:17,695.62,0.26
1,idle,60.0,0.2,0,2025-05-02 16:11:27,751.46,0.27
2,idle,60.0,0.2,0,2025-05-02 16:11:27,732.75,0.27
3,idle,60.0,0.2,0,2025-05-02 16:11:27,748.18,0.28
4,running,60,0.55,0,2025-05-02 16:11:27,782.1,0.25
5,idle,60.0,0.2,0,2025-05-02 16:11:27,692.69,0.29
6,running,300,0.9,0,2025-05-02 16:11:27,769.74,0.29
7,running,67.09,0.86,844,2025-05-02 16:11:27,679.1,0.28
8,running,225.61,0.9,0,2025-05-02 16:11:27,675.09,0.26
9,running,117.93,0.9,1266,2025-05-02 16:11:27,704.19,0.27
10,running,60,0.61,969,2025-05-02 16:11:27,695.62,0.26
1,running,60,0.42,0,2025-05-02 16:11:37,751.46,0.27
2,running,120.58,0.25,808,2025-05-02 16:11:37,732.75,0.27
3,running,106.91,0.61,0,2025-05-02 16:11:37,748.18,0.28
4,running,79.44,0.9,0,2025-05-02 16:11:37,782.1,0.25
5,idle,60.0,0.2,0,2025-05-02 16:11:37,692.69,0.29
6,running,300,0.9,63,2025-05-02 16:11:37,769.74,0.29
7,running,60,0.9,1326,2025-05-02 16:11:37,679.1,0.28
8,running,300,0.9,723,2025-05-02 16:11:37,675.1,0.27
9,running,154.41,0.87,456,2025-05-02 16:11:37,704.19,0.27
10,running,60,0.84,262,2025-05-02 16:11:37,695.62,0.26
1,running,152.13,0.43,793,2025-05-02 16:11:47,751.47,0.28
2,idle,60.0,0.2,0,2025-05-02 16:11:47,732.75,0.27
3,idle,60.0,0.2,0,2025-05-02 16:11:47,748.18,0.28
4,running,60,0.9,503,2025-05-02 16:11:47,782.11,0.26
5,running,109.15,0.4,0,2025-05-02 16:11:47,692.69,0.29
6,running,300,0.9,825,2025-05-02 16:11:47,769.75,0.3
7,running,60,0.9,676,2025-05-02 16:11:47,679.1,0.28
8,running,300,0.9,1589,2025-05-02 16:11:47,675.1,0.27
9,running,140.16,0.9,444,2025-05-02 16:11:47,704.2,0.28
10,running,146.14,0.84,1175,2025-05-02 16:11:47,695.63,0.27
1,running,133.35,0.57,1456,2025-05-02 16:11:57,751.47,0.28
2,running,82.77,0.68,264,2025-05-02 16:11:57,732.75,0.27
3,running,60,0.53,230,2025-05-02 16:11:57,748.19,0.29
4,running,133.4,0.9,915,2025-05-02 16:11:57,782.11,0.26
5,running,203.17,0.41,457,2025-05-02 16:11:57,692.7,0.3
6,running,289.61,0.9,561,2025-05-02 16:11:57,769.75,0.3
7,running,72.95,0.9,557,2025-05-02 16:11:57,679.11,0.29
8,running,300,0.9,2159,2025-05-02 16:11:57,675.1,0.27
9,running,171.51,0.9,840,2025-05-02 16:11:57,704.2,0.28
10,running,106.14,0.9,415,2025-05-02 16:11:57,695.63,0.27
1,running,152.69,0.83,1028,2025-05-02 16:12:07,751.47,0.28
2,idle,60.0,0.2,0,2025-05-02 16:12:07,732.75,0.27
3,running,60,0.52,143,2025-05-02 16:12:07,748.19,0.29
4,running,151.52,0.89,1762,2025-05-02 16:12:07,782.11,0.26
5,running,182.57,0.52,289,2025-05-02 16:12:07,692.7,0.3
6,idle,60.0,0.2,0,2025-05-02 16:12:07,769.75,0.3
7,running,145.45,0.9,938,2025-05-02 16:12:07,679.11,0.29
8,running,300,0.9,2812,2025-05-02 16:12:07,675.11,0.28
9,idle,60.0,0.2,0,2025-05-02 16:12:07,704.2,0.28
10,idle,60.0,0.2,0,2025-05-02 16:12:07,695.63,0.27
1,running,114.6,0.9,845,2025-05-02 16:12:17,751.48,0.29
2,running,107.33,0.64,0,2025-05-02 16:12:17,732.76,0.28
3,running,60,0.57,0,2025-05-02 16:12:17,748.19,0.29
4,running,188.74,0.9,813,2025-05-02 16:12:17,782.12,0.27
5,running,172.12,0.62,397,2025-05-02 16:12:17,692.7,0.3
6,running,60,0.45,919,2025-05-02 16:12:17,769.75,0.3
7,running,215.44,0.9,1598,2025-05-02 16:12:17,679.11,0.29
8,running,287.92,0.9,3332,2025-05-02 16:12:17,675.11,0.28
9,running,136.59,0.28,0,2025-05-02 16:12:17,704.2,0.28
10,running,153.29,0.7,0,2025-05-02 16:12:17,695.63,0.27
1,running,132.59,0.85,509,2025-05-02 16:12:27,751.48,0.29
2,running,162.78,0.61,0,2025-05-02 16:12:27,732.76,0.28
3,running,149.45,0.9,0,2025-05-02 16:12:27,748.2,0.3
4,running,144.41,0.9,1672,2025-05-02 16:12:27,782.12,0.27
5,running,207.18,0.9,0,2025-05-02 16:12:27,692.7,0.3
6,running,60,0.49,41,2025-05-02 16:12:27,769.75,0.3
7,running,296.1,0.9,1025,2025-05-02 16:12:27,679.11,0.29
8,idle,60.0,0.2,0,2025-05-02 16:12:27,675.11,0.28
9,running,207.78,0.4,0,2025-05-02 16:12:27,704.2,0.28
10,running,124.43,0.9,0,2025-05-02 16:12:27,695.64,0.28
1,running,159.79,0.9,0,2025-05-02 16:12:37,751.48,0.29
2,running,222.45,0.77,0,2025-05-02 16:12:37,732.76,0.28
3,running,184.16,0.9,0,2025-05-02 16:12:37,748.2,0.3
4,running,244.04,0.9,1697,2025-05-02 16:12:37,782.12,0.27
5,running,243.07,0.9,0,2025-05-02 16:12:37,692.71,0.31
6,running,95.23,0.63,353,2025-05-02 16:12:37,769.76,0.31
7,running,300,0.9,1525,2025-05-02 16:12:37,679.12,0.3
8,running,156.61,0.53,0,2025-05-02 16:12:37,675.11,0.28
9,running,193.47,0.37,0,2025-05-02 16:12:37,704.21,0.29
10,running,153.26,0.9,661,2025-05-02 16:12:37,695.64,0.28
1,idle,60.0,0.2,0,2025-05-02 16:12:47,751.48,0.29
2,running,300,0.84,0,2025-05-02 16:12:47,732.77,0.29
3,running,272.01,0.9,945,2025-05-02 16:12:47,748.2,0.3
4,error,60.0,0.2,0,2025-05-02 16:12:47,782.12,0.27
5,running,256.29,0.9,0,2025-05-02 16:12:47,692.71,0.31
6,running,60,0.61,842,2025-05-02 16:12:47,769.76,0.31
7,error,60.0,0.2,0,2025-05-02 16:12:47,679.12,0.3
8,running,151.07,0.9,0,2025-05-02 16:12:47,675.11,0.28
9,running,165.01,0.6,0,2025-05-02 16:12:47,704.21,0.29
10,idle,60.0,0.2,0,2025-05-02 16:12:47,695.64,0.28
1,running,146.92,0.23,0,2025-05-02 16:12:57,751.48,0.29
2,running,300,0.9,0,2025-05-02 16:12:57,732.77,0.29
3,running,237.23,0.9,227,2025-05-02 16:12:57,748.2,0.3
4,running,60,0.59,469,2025-05-02 16:12:57,782.12,0.27
5,running,300,0.9,801,2025-05-02 16:12:57,692.71,0.31
6,running,60,0.68,463,2025-05-02 16:12:57,769.76,0.31
7,running,60,0.64,0,2025-05-02 16:12:57,679.12,0.3
8,idle,60.0,0.2,0,2025-05-02 16:12:57,675.11,0.28
9,running,149.33,0.67,0,2025-05-02 16:12:57,704.21,0.29
10,idle,60.0,0.2,0,2025-05-02 16:12:57,695.64,0.28
1,idle,60.0,0.2,0,2025-05-02 16:13:07,751.48,0.29
2,running,300,0.9,324,2025-05-02 16:13:07,732.77,0.29
3,running,300,0.9,281,2025-05-02 16:13:07,748.21,0.31
4,running,120.44,0.59,1365,2025-05-02 16:13:07,782.13,0.28
5,running,273.51,0.9,157,2025-05-02 16:13:07,692.72,0.32
6,running,129.61,0.9,1118,2025-05-02 16:13:07,769.77,0.32
7,running,141.23,0.9,834,2025-05-02 16:13:07,679.12,0.3
8,running,114.84,0.68,0,2025-05-02 16:13:07,675.12,0.29
9,running,104.91,0.9,505,2025-05-02 16:13:07,704.22,0.3
10,running,134.24,0.51,0,2025-05-02 16:13:07,695.64,0.28
1,running,147.26,0.52,396,2025-05-02 16:13:17,751.49,0.3
2,running,300,0.9,874,2025-05-02 16:13:17,732.77,0.29
3,running,300,0.9,622,2025-05-02 16:13:17,748.21,0.31
4,running,142.41,0.68,944,2025-05-02 16:13:17,782.13,0.28
5,running,247.89,0.9,173,2025-05-02 16:13:17,692.72,0.32
6,running,150.89,0.9,135,2025-05-02 16:13:17,769.77,0.32
7,running,129.32,0.9,1231,2025-05-02 16:13:17,679.13,0.31
8,running,99.45,0.9,828,2025-05-02 16:13:17,675.12,0.29
9,running,195.37,0.9,1281,2025-05-02 16:13:17,704.22,0.3
10,running,209.83,0.83,0,2025-05-02 16:13:17,695.64,0.28
1,idle,60.0,0.2,0,2025-05-02 16:13:27,751.49,0.3
2,running,300,0.9,200,2025-05-02 16:13:27,732.78,0.3
3,running,300,0.9,1431,2025-05-02 16:13:27,748.21,0.31
4,running,121.46,0.84,745,2025-05-02 16:13:27,782.13,0.28
5,running,300,0.9,0,2025-05-02 16:13:27,692.72,0.32
6,running,207.59,0.9,0,2025-05-02 16:13:27,769.77,0.32
7,running,82.74,0.9,1206,2025-05-02 16:13:27,679.13,0.31
8,running,136.93,0.9,417,2025-05-02 16:13:27,675.12,0.29
9,running,145.45,0.9,1985,2025-05-02 16:13:27,704.22,0.3
10,idle,60.0,0.2,0,2025-05-02 16:13:27,695.64,0.28
1,running,60,0.64,461,2025-05-02 16:13:37,751.49,0.3
2,running,300,0.9,0,2025-05-02 16:13:37,732.78,0.3
3,idle,60.0,0.2,0,2025-05-02 16:13:37,748.21,0.31
4,running,211.68,0.9,1631,2025-05-02 16:13:37,782.14,0.29
5,running,300,0.9,0,2025-05-02 16:13:37,692.72,0.32
6,running,188.63,0.9,0,2025-05-02 16:13:37,769.77,0.32
7,running,128.96,0.9,1729,2025-05-02 16:13:37,679.13,0.31
8,running,232.69,0.9,544,2025-05-02 16:13:37,675.13,0.3
9,running,114.9,0.9,1715,2025-05-02 16:13:37,704.22,0.3
10,running,60,0.45,0,2025-05-02 16:13:37,695.65,0.29
1,running,60,0.9,237,2025-05-02 16:13:47,751.49,0.3
2,running,300,0.9,0,2025-05-02 16:13:47,732.78,0.3
3,running,84.45,0.4,9,2025-05-02 16:13:47,748.22,0.32
4,running,263.06,0.89,858,2025-05-02 16:13:47,782.14,0.29
5,running,257.38,0.9,0,2025-05-02 16:13:47,692.73,0.33
6,running,284.67,0.9,0,2025-05-02 16:13:47,769.78,0.33
7,running,213.28,0.9,1083,2025-05-02 16:13:47,679.13,0.31
8,running,280.8,0.9,1450,2025-05-02 16:13:47,675.13,0.3
9,running,142.49,0.9,856,2025-05-02 16:13:47,704.23,0.31
10,running,119.69,0.88,0,2025-05-02 16:13:47,695.65,0.29
1,running,60,0.88,328,2025-05-02 16:13:57,751.5,0.31
2,running,277.22,0.9,924,2025-05-02 16:13:57,732.79,0.31
3,idle,60.0,0.2,0,2025-05-02 16:13:57,748.22,0.32
4,running,280.84,0.9,0,2025-05-02 16:13:57,782.14,0.29
5,running,300,0.9,630,2025-05-02 16:13:57,692.73,0.33
6,running,300,0.9,555,2025-05-02 16:13:57,769.78,0.33
7,idle,60.0,0.2,0,2025-05-02 16:13:57,679.13,0.31
8,running,300,0.9,1320,2025-05-02 16:13:57,675.13,0.3
9,running,159.37,0.9,190,2025-05-02 16:13:57,704.23,0.31
10,running,138.6,0.9,895,2025-05-02 16:13:57,695.65,0.29
1,running,140.41,0.9,1052,2025-05-02 16:14:07,751.5,0.31
2,running,300,0.9,356,2025-05-02 16:14:07,732.79,0.31
3,running,60,0.29,432,2025-05-02 16:14:07,748.22,0.32
4,running,300,0.9,205,2025-05-02 16:14:07,782.14,0.29
5,running,300,0.9,988,2025-05-02 16:14:07,692.73,0.33
6,running,300,0.9,211,2025-05-02 16:14:07,769.78,0.33
7,running,64.61,0.42,306,2025-05-02 16:14:07,679.14,0.32
8,idle,60.0,0.2,0,2025-05-02 16:14:07,675.13,0.3
9,running,250.79,0.9,515,2025-05-02 16:14:07,704.23,0.31
10,running,209.36,0.9,1725,2025-05-02 16:14:07,695.66,0.3
1,running,149.01,0.9,1462,2025-05-02 16:14:17,751.5,0.31
2,running,300,0.9,0,2025-05-02 16:14:17,732.79,0.31
3,running,159.13,0.58,793,2025-05-02 16:14:17,748.22,0.32
4,running,264.37,0.9,0,2025-05-02 16:14:17,782.15,0.3
5,running,300,0.87,813,2025-05-02 16:14:17,692.73,0.33
6,idle,60.0,0.2,0,2025-05-02 16:14:17,769.78,0.33
7,running,60,0.41,1176,2025-05-02 16:14:17,679.14,0.32
8,running,98.68,0.2,0,2025-05-02 16:14:17,675.13,0.3
9,running,259.57,0.9,161,2025-05-02 16:14:17,704.23,0.31
10,running,223.88,0.9,1352,2025-05-02 16:14:17,695.66,0.3
1,running,145.64,0.9,825,2025-05-02 16:14:27,751.5,0.31
2,running,300,0.9,934,2025-05-02 16:14:27,732.79,0.31
3,running,117.07,0.9,1699,2025-05-02 16:14:27,748.22,0.32
4,running,300,0.9,776,2025-05-02 16:14:27,782.15,0.3
5,error,60.0,0.2,0,2025-05-02 16:14:27,692.73,0.33
6,running,159.7,0.34,218,2025-05-02 16:14:27,769.78,0.33
7,running,109.6,0.81,687,2025-05-02 16:14:27,679.14,0.32
8,running,187.95,0.17,0,2025-05-02 16:14:27,675.14,0.31
9,running,300,0.9,1095,2025-05-02 16:14:27,704.24,0.32
10,running,300,0.9,774,2025-05-02 16:14:27,695.66,0.3
1,running,140.52,0.9,1725,2025-05-02 16:14:37,751.51,0.32
2,running,300,0.9,0,2025-05-02 16:14:37,732.8,0.32
3,running,131.79,0.87,1174,2025-05-02 16:14:37,748.23,0.33
4,idle,60.0,0.2,0,2025-05-02 16:14:37,782.15,0.3
5,running,149.07,0.62,391,2025-05-02 16:14:37,692.74,0.34
6,error,60.0,0.2,0,2025-05-02 16:14:37,769.78,0.33
7,running,78.12,0.9,1435,2025-05-02 16:14:37,679.14,0.32
8,running,156.32,0.56,347,2025-05-02 16:14:37,675.14,0.31
9,running,300,0.9,1648,2025-05-02 16:14:37,704.24,0.32
10,running,281.85,0.9,1137,2025-05-02 16:14:37,695.66,0.3
1,running,190.12,0.9,839,2025-05-02 16:14:47,751.51,0.32
2,running,264.4,0.9,0,2025-05-02 16:14:47,732.8,0.32
3,running,178.72,0.9,1386,2025-05-02 16:14:47,748.23,0.33
4,running,64.08,0.63,641,2025-05-02 16:14:47,782.15,0.3
5,running,160.16,0.58,508,2025-05-02 16:14:47,692.74,0.34
6,running,102.53,0.67,975,2025-05-02 16:14:47,769.79,0.34
7,running,69.67,0.9,2313,2025-05-02 16:14:47,679.15,0.33
8,running,152.02,0.87,0,2025-05-02 16:14:47,675.14,0.31
9,running,300,0.9,1725,2025-05-02 16:14:47,704.24,0.32
10,running,300,0.9,732,2025-05-02 16:14:47,695.67,0.31
1,running,257.54,0.9,160,2025-05-02 16:14:57,751.51,0.32
2,running,300,0.9,338,2025-05-02 16:14:57,732.8,0.32
3,idle,60.0,0.2,0,2025-05-02 16:14:57,748.23,0.33
4,running,132.87,0.87,677,2025-05-02 16:14:57,782.15,0.3
5,running,154.46,0.9,0,2025-05-02 16:14:57,692.74,0.34
6,running,95.11,0.74,1661,2025-05-02 16:14:57,769.79,0.34
7,running,98.9,0.9,3270,2025-05-02 16:14:57,679.15,0.33
8,running,183.18,0.9,0,2025-05-02 16:14:57,675.14,0.31
9,running,276.23,0.9,1213,2025-05-02 16:14:57,704.25,0.33
10,idle,60.0,0.2,0,2025-05-02 16:14:57,695.67,0.31
1,running,261.18,0.9,419,2025-05-02 16:15:07,751.51,0.32
2,running,300,0.9,529,2025-05-02 16:15:07,732.8,0.32
3,running,83.6,0.58,77,2025-05-02 16:15:07,748.23,0.33
4,running,230.45,0.9,738,2025-05-02 16:15:07,782.16,0.31
5,idle,60.0,0.2,0,2025-05-02 16:15:07,692.74,0.34
6,running,148.92,0.9,2324,2025-05-02 16:15:07,769.79,0.34
7,error,60.0,0.2,0,2025-05-02 16:15:07,679.15,0.33
8,running,161.95,0.9,697,2025-05-02 16:15:07,675.15,0.32
9,running,239.29,0.9,1525,2025-05-02 16:15:07,704.25,0.33
10,running,94.96,0.46,234,2025-05-02 16:15:07,695.67,0.31
1,running,300,0.9,1276,2025-05-02 16:15:17,751.52,0.33
2,running,300,0.88,755,2025-05-02 16:15:17,732.81,0.33
3,idle,60.0,0.2,0,2025-05-02 16:15:17,748.23,0.33
4,running,300,0.9,921,2025-05-02 16:15:17,782.16,0.31
5,running,63.14,0.69,0,2025-05-02 16:15:17,692.75,0.35
6,running,133.01,0.9,2063,2025-05-02 16:15:17,769.8,0.35
7,idle,60.0,0.2,0,2025-05-02 16:15:17,679.15,0.33
8,running,189.13,0.9,1196,2025-05-02 16:15:17,675.15,0.32
9,running,292.41,0.9,2451,2025-05-02 16:15:17,704.25,0.33
10,running,61.16,0.41,699,2025-05-02 16:15:17,695.67,0.31
1,running,279.1,0.9,2217,2025-05-02 16:15:27,751.52,0.33
2,running,300,0.9,0,2025-05-02 16:15:27,732.81,0.33
3,running,111.66,0.15,378,2025-05-02 16:15:27,748.23,0.33
4,error,60.0,0.2,0,2025-05-02 16:15:27,782.16,0.31
5,running,95.65,0.78,0,2025-05-02 16:15:27,692.75,0.35
6,running,180.07,0.9,2082,2025-05-02 16:15:27,769.8,0.35
7,error,60.0,0.2,0,2025-05-02 16:15:27,679.15,0.33
8,running,190.93,0.9,1320,2025-05-02 16:15:27,675.15,0.32
9,running,245.19,0.9,1738,2025-05-02 16:15:27,704.25,0.33
10,idle,60.0,0.2,0,2025-05-02 16:15:27,695.67,0.31
1,running,245.59,0.9,2119,2025-05-02 16:15:37,751.52,0.33
2,running,300,0.9,0,2025-05-02 16:15:37,732.81,0.33
3,running,161.68,0.47,92,2025-05-02 16:15:37,748.24,0.34
4,running,60,0.63,0,2025-05-02 16:15:37,782.16,0.31
5,running,69.65,0.9,0,2025-05-02 16:15:37,692.75,0.35
6,running,259.45,0.9,2240,2025-05-02 16:15:37,769.8,0.35
7,idle,60.0,0.2,0,2025-05-02 16:15:37,679.15,0.33
8,running,152.53,0.9,656,2025-05-02 16:15:37,675.16,0.33
9,running,206.39,0.9,2139,2025-05-02 16:15:37,704.26,0.34
10,running,73.94,0.37,893,2025-05-02 16:15:37,695.67,0.31
1,running,217.9,0.9,2787,2025-05-02 16:15:47,751.53,0.34
2,running,300,0.9,0,2025-05-02 16:15:47,732.82,0.34
3,running,215.96,0.86,0,2025-05-02 16:15:47,748.24,0.34
4,running,60,0.9,652,2025-05-02 16:15:47,782.17,0.32
5,running,124.61,0.9,0,2025-05-02 16:15:47,692.75,0.35
6,running,209.72,0.9,2777,2025-05-02 16:15:47,769.8,0.35
7,idle,60.0,0.2,0,2025-05-02 16:15:47,679.15,0.33
8,running,230.7,0.9,1334,2025-05-02 16:15:47,675.16,0.33
9,running,182.16,0.9,1188,2025-05-02 16:15:47,704.26,0.34
10,running,130.25,0.4,1761,2025-05-02 16:15:47,695.68,0.32
1,running,213.23,0.9,1807,2025-05-02 16:15:57,751.53,0.34
2,running,300,0.9,663,2025-05-02 16:15:57,732.82,0.34
3,running,245.58,0.89,697,2025-05-02 16:15:57,748.24,0.34
4,running,60,0.9,0,2025-05-02 16:15:57,782.17,0.32
5,running,196.9,0.9,859,2025-05-02 16:15:57,692.76,0.36
6,running,265.35,0.9,3471,2025-05-02 16:15:57,769.81,0.36
7,running,141.05,0.54,0,2025-05-02 16:15:57,679.15,0.33
8,idle,60.0,0.2,0,2025-05-02 16:15:57,675.16,0.33
9,running,260.39,0.9,247,2025-05-02 16:15:57,704.26,0.34
10,running,119.74,0.46,1746,2025-05-02 16:15:57,695.68,0.32
1,running,292.82,0.9,2420,2025-05-02 16:16:07,751.53,0.34
2,idle,60.0,0.2,0,2025-05-02 16:16:07,732.82,0.34
3,running,293.07,0.9,1530,2025-05-02 16:16:07,748.25,0.35
4,idle,60.0,0.2,0,2025-05-02 16:16:07,782.17,0.32
5,running,251.58,0.9,600,2025-05-02 16:16:07,692.76,0.36
6,running,234.97,0.9,3150,2025-05-02 16:16:07,769.81,0.36
7,running,95.85,0.9,895,2025-05-02 16:16:07,679.16,0.34
8,running,154.85,0.4,455,2025-05-02 16:16:07,675.16,0.33
9,running,300,0.9,0,2025-05-02 16:16:07,704.27,0.35
10,running,193.3,0.47,2689,2025-05-02 16:16:07,695.68,0.32
1,running,300,0.9,2784,2025-05-02 16:16:17,751.53,0.34
2,idle,60.0,0.2,0,2025-05-02 16:16:17,732.82,0.34
3,running,300,0.9,1753,2025-05-02 16:16:17,748.25,0.35
4,running,93.29,0.22,0,2025-05-02 16:16:17,782.17,0.32
5,running,232.49,0.9,1105,2025-05-02 16:16:17,692.76,0.36
6,running,300,0.86,2686,2025-05-02 16:16:17,769.81,0.36
7,running,62.05,0.9,793,2025-05-02 16:16:17,679.16,0.34
8,running,128.09,0.9,0,2025-05-02 16:16:17,675.16,0.33
9,running,300,0.9,0,2025-05-02 16:16:17,704.27,0.35
10,running,245.94,0.62,1966,2025-05-02 16:16:17,695.69,0.33
1,error,60.0,0.2,0,2025-05-02 16:16:27,751.53,0.34
2,idle,60.0,0.2,0,2025-05-02 16:16:27,732.82,0.34
3,idle,60.0,0.2,0,2025-05-02 16:16:27,748.25,0.35
4,running,80.32,0.67,385,2025-05-02 16:16:27,782.17,0.32
5,idle,60.0,0.2,0,2025-05-02 16:16:27,692.76,0.36
6,running,300,0.9,2073,2025-05-02 16:16:27,769.82,0.37
7,running,60,0.9,634,2025-05-02 16:16:27,679.16,0.34
8,running,119.19,0.9,987,2025-05-02 16:16:27,675.17,0.34
9,running,255.15,0.9,589,2025-05-02 16:16:27,704.27,0.35
10,idle,60.0,0.2,0,2025-05-02 16:16:27,695.69,0.33
1,running,60,0.3,0,2025-05-02 16:16:37,751.54,0.35
2,running,60,0.51,848,2025-05-02 16:16:37,732.82,0.34
3,running,93.97,0.2,0,2025-05-02 16:16:37,748.25,0.35
4,running,165.19,0.63,669,2025-05-02 16:16:37,782.18,0.33
5,running,132.48,0.62,19,2025-05-02 16:16:37,692.77,0.37
6,running,300,0.86,2199,2025-05-02 16:16:37,769.82,0.37
7,running,97.35,0.9,156,2025-05-02 16:16:37,679.16,0.34
8,running,111.46,0.89,1735,2025-05-02 16:16:37,675.17,0.34
9,running,298.49,0.9,75,2025-05-02 16:16:37,704.27,0.35
10,running,105.63,0.5,0,2025-05-02 16:16:37,695.69,0.33
1,idle,60.0,0.2,0,2025-05-02 16:16:47,751.54,0.35
2,running,148.51,0.65,963,2025-05-02 16:16:47,732.82,0.34
3,running,183.66,0.41,902,2025-05-02 16:16:47,748.25,0.35
4,running,184.11,0.67,860,2025-05-02 16:16:47,782.18,0.33
5,idle,60.0,0.2,0,2025-05-02 16:16:47,692.77,0.37
6,running,254.68,0.9,2938,2025-05-02 16:16:47,769.82,0.37
7,running,109.99,0.9,0,2025-05-02 16:16:47,679.17,0.35
8,running,68.03,0.9,1803,2025-05-02 16:16:47,675.17,0.34
9,error,60.0,0.2,0,2025-05-02 16:16:47,704.27,0.35
10,running,60,0.66,0,2025-05-02 16:16:47,695.69,0.33
1,running,81.83,0.19,0,2025-05-02 16:16:57,751.54,0.35
2,running,245.59,0.85,114,2025-05-02 16:16:57,732.83,0.35
3,running,164.98,0.9,1719,2025-05-02 16:16:57,748.26,0.36
4,idle,60.0,0.2,0,2025-05-02 16:16:57,782.18,0.33
5,running,60,0.4,999,2025-05-02 16:16:57,692.77,0.37
6,running,300,0.9,2190,2025-05-02 16:16:57,769.82,0.37
7,running,115.46,0.9,0,2025-05-02 16:16:57,679.17,0.35
8,running,60,0.9,2386,2025-05-02 16:16:57,675.18,0.35
9,error,60.0,0.2,0,2025-05-02 16:16:57,704.27,0.35
10,running,64.64,0.76,0,2025-05-02 16:16:57,695.69,0.33
1,running,173.61,0.47,387,2025-05-02 16:17:07,751.54,0.35
2,running,221.3,0.9,0,2025-05-02 16:17:07,732.83,0.35
3,error,60.0,0.2,0,2025-05-02 16:17:07,748.26,0.36
4,running,60,0.23,127,2025-05-02 16:17:07,782.18,0.33
5,running,155.43,0.44,1669,2025-05-02 16:17:07,692.77,0.37
6,running,282.02,0.9,2495,2025-05-02 16:17:07,769.83,0.38
7,running,97.29,0.9,0,2025-05-02 16:17:07,679.17,0.35
8,running,107.13,0.9,2436,2025-05-02 16:17:07,675.18,0.35
9,running,149.86,0.33,0,2025-05-02 16:17:07,704.28,0.36
10,running,67.87,0.86,905,2025-05-02 16:17:07,695.7,0.34
1,running,190.25,0.56,0,2025-05-02 16:17:17,751.55,0.36
2,idle,60.0,0.2,0,2025-05-02 16:17:17,732.83,0.35
3,running,95.58,0.63,0,2025-05-02 16:17:17,748.26,0.36
4,running,60,0.49,0,2025-05-02 16:17:17,782.19,0.34
5,running,244.63,0.48,1879,2025-05-02 16:17:17,692.77,0.37
6,running,234.94,0.9,3210,2025-05-02 16:17:17,769.83,0.38
7,running,106.08,0.9,0,2025-05-02 16:17:17,679.18,0.36
8,running,166.05,0.9,1899,2025-05-02 16:17:17,675.18,0.35
9,running,114.4,0.81,153,2025-05-02 16:17:17,704.28,0.36
10,running,60,0.9,0,2025-05-02 16:17:17,695.7,0.34
1,running,206.34,0.9,627,2025-05-02 16:17:27,751.55,0.36
2,idle,60.0,0.2,0,2025-05-02 16:17:27,732.83,0.35
3,running,124.47,0.9,63,2025-05-02 16:17:27,748.26,0.36
4,running,88.54,0.85,0,2025-05-02 16:17:27,782.19,0.34
5,running,275.94,0.56,2140,2025-05-02 16:17:27,692.78,0.38
6,running,300,0.9,2789,2025-05-02 16:17:27,769.83,0.38
7,idle,60.0,0.2,0,2025-05-02 16:17:27,679.18,0.36
8,running,228.3,0.9,1113,2025-05-02 16:17:27,675.18,0.35
9,running,184.54,0.9,438,2025-05-02 16:17:27,704.28,0.36
10,idle,60.0,0.2,0,2025-05-02 16:17:27,695.7,0.34
1,running,188.8,0.9,1162,2025-05-02 16:17:37,751.55,0.36
2,error,60.0,0.2,0,2025-05-02 16:17:37,732.83,0.35
3,running,93.08,0.9,0,2025-05-02 16:17:37,748.27,0.37
4,running,60,0.9,0,2025-05-02 16:17:37,782.19,0.34
5,running,300,0.9,2129,2025-05-02 16:17:37,692.78,0.38
6,error,60.0,0.2,0,2025-05-02 16:17:37,769.83,0.38
7,error,60.0,0.2,0,2025-05-02 16:17:37,679.18,0.36
8,running,227.03,0.88,345,2025-05-02 16:17:37,675.19,0.36
9,running,190.35,0.9,0,2025-05-02 16:17:37,704.28,0.36
10,running,63.73,0.26,0,2025-05-02 16:17:37,695.7,0.34
1,running,223.15,0.9,1072,2025-05-02 16:17:47,751.55,0.36
2,running,148.74,0.28,0,2025-05-02 16:17:47,732.83,0.35
3,running,66.91,0.87,188,2025-05-02 16:17:47,748.27,0.37
4,running,132.37,0.9,0,2025-05-02 16:17:47,782.19,0.34
5,running,300,0.9,1694,2025-05-02 16:17:47,692.78,0.38
6,idle,60.0,0.2,0,2025-05-02 16:17:47,769.83,0.38
7,running,145.57,0.51,8,2025-05-02 16:17:47,679.18,0.36
8,running,187.62,0.9,514,2025-05-02 16:17:47,675.19,0.36
9,error,60.0,0.2,0,2025-05-02 16:17:47,704.28,0.36
10,running,110.7,0.33,156,2025-05-02 16:17:47,695.71,0.35
1,running,290.54,0.9,110,2025-05-02 16:17:57,751.56,0.37
2,running,223.99,0.27,309,2025-05-02 16:17:57,732.84,0.36
3,running,60,0.9,254,2025-05-02 16:17:57,748.27,0.37
4,running,115.51,0.87,0,2025-05-02 16:17:57,782.2,0.35
5,running,300,0.86,961,2025-05-02 16:17:57,692.78,0.38
6,running,141.76,0.63,0,2025-05-02 16:17:57,769.83,0.38
7,error,60.0,0.2,0,2025-05-02 16:17:57,679.18,0.36
8,running,188.01,0.9,123,2025-05-02 16:17:57,675.19,0.36
9,idle,60.0,0.2,0,2025-05-02 16:17:57,704.28,0.36
10,running,120.96,0.67,0,2025-05-02 16:17:57,695.71,0.35
1,running,245.64,0.9,0,2025-05-02 16:18:07,751.56,0.37
2,running,277.33,0.62,654,2025-05-02 16:18:07,732.84,0.36
3,idle,60.0,0.2,0,2025-05-02 16:18:07,748.27,0.37
4,running,145.3,0.9,0,2025-05-02 16:18:07,782.2,0.35
5,running,300,0.9,1286,2025-05-02 16:18:07,692.79,0.39
6,error,60.0,0.2,0,2025-05-02 16:18:07,769.83,0.38
7,running,60,0.41,0,2025-05-02 16:18:07,679.18,0.36
8,idle,60.0,0.2,0,2025-05-02 16:18:07,675.19,0.36
9,running,151.48,0.47,0,2025-05-02 16:18:07,704.29,0.37
10,running,112.9,0.63,0,2025-05-02 16:18:07,695.71,0.35
1,idle,60.0,0.2,0,2025-05-02 16:18:18,751.56,0.37
2,running,300,0.6,0,2025-05-02 16:18:18,732.84,0.36
3,running,145.94,0.31,0,2025-05-02 16:18:18,748.27,0.37
4,running,212.2,0.88,398,2025-05-02 16:18:18,782.2,0.35
5,running,300,0.9,1861,2025-05-02 16:18:18,692.79,0.39
6,running,139.69,0.24,0,2025-05-02 16:18:18,769.84,0.39
7,running,107.78,0.52,0,2025-05-02 16:18:18,679.18,0.36
8,idle,60.0,0.2,0,2025-05-02 16:18:18,675.19,0.36
9,idle,60.0,0.2,0,2025-05-02 16:18:18,704.29,0.37
10,running,135.92,0.79,295,2025-05-02 16:18:18,695.71,0.35
1,running,60,0.36,0,2025-05-02 16:18:28,751.56,0.37
2,running,300,0.9,658,2025-05-02 16:18:28,732.84,0.36
3,idle,60.0,0.2,0,2025-05-02 16:18:28,748.27,0.37
4,running,224.05,0.9,0,2025-05-02 16:18:28,782.2,0.35
5,running,300,0.9,1672,2025-05-02 16:18:28,692.79,0.39
6,running,193.21,0.58,0,2025-05-02 16:18:28,769.84,0.39
7,running,205.9,0.58,751,2025-05-02 16:18:28,679.19,0.37
8,running,122.42,0.33,862,2025-05-02 16:18:28,675.19,0.36
9,idle,60.0,0.2,0,2025-05-02 16:18:28,704.29,0.37
10,running,125.0,0.9,192,2025-05-02 16:18:28,695.72,0.36
1,running,142.66,0.68,619,2025-05-02 16:18:38,751.56,0.37
2,running,257.82,0.9,567,2025-05-02 16:18:38,732.85,0.37
3,running,118.58,0.44,717,2025-05-02 16:18:38,748.28,0.38
4,idle,60.0,0.2,0,2025-05-02 16:18:38,782.2,0.35
5,running,300,0.9,2335,2025-05-02 16:18:38,692.8,0.4
6,running,275.76,0.9,773,2025-05-02 16:18:38,769.84,0.39
7,running,158.18,0.89,0,2025-05-02 16:18:38,679.19,0.37
8,running,216.13,0.44,1500,2025-05-02 16:18:38,675.2,0.37
9,idle,60.0,0.2,0,2025-05-02 16:18:38,704.29,0.37
10,idle,60.0,0.2,0,2025-05-02 16:18:38,695.72,0.36
1,running,107.25,0.9,0,2025-05-02 16:18:48,751.57,0.38
2,running,300,0.9,698,2025-05-02 16:18:48,732.85,0.37
3,idle,60.0,0.2,0,2025-05-02 16:18:48,748.28,0.38
4,running,60,0.5,231,2025-05-02 16:18:48,782.21,0.36
5,running,300,0.9,2330,2025-05-02 16:18:48,692.8,0.4
6,running,300,0.9,584,2025-05-02 16:18:48,769.85,0.4
7,running,205.32,0.9,129,2025-05-02 16:18:48,679.19,0.37
8,running,222.39,0.56,797,2025-05-02 16:18:48,675.2,0.37
9,running,143.08,0.49,683,2025-05-02 16:18:48,704.29,0.37
10,running,144.34,0.52,0,2025-05-02 16:18:48,695.72,0.36
1,running,142.35,0.9,0,2025-05-02 16:18:58,751.57,0.38
2,idle,60.0,0.2,0,2025-05-02 16:18:58,732.85,0.37
3,error,60.0,0.2,0,2025-05-02 16:18:58,748.28,0.38
4,running,60.98,0.68,0,2025-05-02 16:18:58,782.21,0.36
5,running,300,0.9,1823,2025-05-02 16:18:58,692.8,0.4
6,idle,60.0,0.2,0,2025-05-02 16:18:58,769.85,0.4
7,running,247.73,0.9,0,2025-05-02 16:18:58,679.19,0.37
8,running,191.18,0.9,369,2025-05-02 16:18:58,675.2,0.37
9,error,60.0,0.2,0,2025-05-02 16:18:58,704.29,0.37
10,running,194.06,0.9,0,2025-05-02 16:18:58,695.72,0.36
1,running,215.04,0.9,530,2025-05-02 16:19:08,751.57,0.38
2,idle,60.0,0.2,0,2025-05-02 16:19:08,732.85,0.37
3,idle,60.0,0.2,0,2025-05-02 16:19:08,748.28,0.38
4,running,60,0.65,735,2025-05-02 16:19:08,782.21,0.36
5,running,300,0.9,2049,2025-05-02 16:19:08,692.8,0.4
6,running,138.51,0.62,279,2025-05-02 16:19:08,769.85,0.4
7,running,264.88,0.88,175,2025-05-02 16:19:08,679.2,0.38
8,running,146.41,0.9,266,2025-05-02 16:19:08,675.21,0.38
9,running,60,0.52,0,2025-05-02 16:19:08,704.29,0.37
10,running,188.14,0.9,0,2025-05-02 16:19:08,695.72,0.36
1,running,198.24,0.9,0,2025-05-02 16:19:18,751.58,0.39
2,idle,60.0,0.2,0,2025-05-02 16:19:18,732.85,0.37
3,running,96.89,0.67,325,2025-05-02 16:19:18,748.28,0.38
4,running,132.08,0.62,1630,2025-05-02 16:19:18,782.22,0.37
5,running,300,0.9,1239,2025-05-02 16:19:18,692.81,0.41
6,running,200.78,0.9,803,2025-05-02 16:19:18,769.85,0.4
7,running,300,0.9,0,2025-05-02 16:19:18,679.2,0.38
8,running,106.58,0.9,0,2025-05-02 16:19:18,675.21,0.38
9,running,60,0.61,788,2025-05-02 16:19:18,704.3,0.38
10,running,169.86,0.9,460,2025-05-02 16:19:18,695.73,0.37
1,running,155.8,0.9,0,2025-05-02 16:19:28,751.58,0.39
2,running,125.14,0.28,185,2025-05-02 16:19:28,732.85,0.37
3,running,179.11,0.76,0,2025-05-02 16:19:28,748.28,0.38
4,running,154.23,0.9,1690,2025-05-02 16:19:28,782.22,0.37
5,running,300,0.85,883,2025-05-02 16:19:28,692.81,0.41
6,running,178.03,0.9,680,2025-05-02 16:19:28,769.85,0.4
7,running,291.29,0.9,0,2025-05-02 16:19:28,679.2,0.38
8,running,187.96,0.9,0,2025-05-02 16:19:28,675.21,0.38
9,running,66.0,0.67,1070,2025-05-02 16:19:28,704.3,0.38
10,error,60.0,0.2,0,2025-05-02 16:19:28,695.73,0.37
1,idle,60.0,0.2,0,2025-05-02 16:19:38,751.58,0.39
2,running,203.75,0.53,934,2025-05-02 16:19:38,732.85,0.37
3,idle,60.0,0.2,0,2025-05-02 16:19:38,748.28,0.38
4,running,156.66,0.9,1117,2025-05-02 16:19:38,782.22,0.37
5,running,300,0.88,1244,2025-05-02 16:19:38,692.81,0.41
6,running,183.32,0.9,1399,2025-05-02 16:19:38,769.86,0.41
7,running,263.33,0.9,0,2025-05-02 16:19:38,679.21,0.39
8,running,152.42,0.9,872,2025-05-02 16:19:38,675.21,0.38
9,running,107.5,0.9,127,2025-05-02 16:19:38,704.3,0.38
10,running,153.58,0.25,0,2025-05-02 16:19:38,695.73,0.37
1,running,60,0.5,0,2025-05-02 16:19:48,751.58,0.39
2,running,190.47,0.5,1166,2025-05-02 16:19:48,732.86,0.38
3,running,60,0.56,0,2025-05-02 16:19:48,748.28,0.38
4,running,131.72,0.9,1106,2025-05-02 16:19:48,782.22,0.37
5,running,300,0.9,726,2025-05-02 16:19:48,692.82,0.42
6,running,228.61,0.89,992,2025-05-02 16:19:48,769.86,0.41
7,idle,60.0,0.2,0,2025-05-02 16:19:48,679.21,0.39
8,running,243.38,0.9,1700,2025-05-02 16:19:48,675.22,0.39
9,running,113.82,0.88,939,2025-05-02 16:19:48,704.3,0.38
10,running,150.86,0.62,0,2025-05-02 16:19:48,695.73,0.37
1,idle,60.0,0.2,0,2025-05-02 16:19:58,751.58,0.39
2,idle,60.0,0.2,0,2025-05-02 16:19:58,732.86,0.38
3,running,116.75,0.57,0,2025-05-02 16:19:58,748.29,0.39
4,running,153.21,0.9,446,2025-05-02 16:19:58,782.23,0.38
5,running,300,0.9,290,2025-05-02 16:19:58,692.82,0.42
6,running,268.95,0.9,812,2025-05-02 16:19:58,769.86,0.41
7,running,60,0.31,0,2025-05-02 16:19:58,679.21,0.39
8,running,300,0.9,1269,2025-05-02 16:19:58,675.22,0.39
9,running,165.36,0.9,1588,2025-05-02 16:19:58,704.31,0.39
10,running,201.74,0.85,430,2025-05-02 16:19:58,695.74,0.38
1,running,60,0.46,956,2025-05-02 18:52:25,751.58,0.39
2,running,95.67,0.53,426,2025-05-02 18:52:25,732.86,0.38
3,running,211.76,0.9,0,2025-05-02 18:52:25,748.29,0.39
4,running,125.32,0.9,341,2025-05-02 18:52:25,782.23,0.38
5,running,300,0.9,1110,2025-05-02 18:52:25,692.82,0.42
6,running,300,0.9,1013,2025-05-02 18:52:25,769.86,0.41
7,running,76.53,0.42,0,2025-05-02 18:52:25,679.21,0.39
8,running,300,0.9,1028,2025-05-02 18:52:25,675.22,0.39
9,idle,60.0,0.2,0,2025-05-02 18:52:25,704.31,0.39
10,running,210.56,0.9,0,2025-05-02 18:52:25,695.74,0.38
1,running,69.89,0.89,1375,2025-05-02 18:52:35,751.59,0.4
2,running,156.07,0.82,0,2025-05-02 18:52:35,732.87,0.39
3,idle,60.0,0.2,0,2025-05-02 18:52:35,748.29,0.39
4,running,98.21,0.89,689,2025-05-02 18:52:35,782.24,0.39
5,running,300,0.9,364,2025-05-02 18:52:35,692.83,0.43
6,running,300,0.9,888,2025-05-02 18:52:35,769.87,0.42
7,running,153.3,0.78,411,2025-05-02 18:52:35,679.22,0.4
8,running,300,0.9,1447,2025-05-02 18:52:35,675.23,0.4
9,running,60.67,0.33,0,2025-05-02 18:52:35,704.31,0.39
10,idle,60.0,0.2,0,2025-05-02 18:52:35,695.74,0.38
1,running,122.57,0.9,1841,2025-05-02 18:52:45,751.59,0.4
2,running,182.33,0.9,0,2025-05-02 18:52:45,732.87,0.39
3,running,60,0.31,179,2025-05-02 18:52:45,748.3,0.4
4,running,60.53,0.9,64,2025-05-02 18:52:45,782.24,0.39
5,running,252.17,0.9,153,2025-05-02 18:52:45,692.83,0.43
6,running,300,0.9,1316,2025-05-02 18:52:45,769.87,0.42
7,running,177.69,0.79,1197,2025-05-02 18:52:45,679.22,0.4
8,running,277.26,0.89,2068,2025-05-02 18:52:45,675.23,0.4
9,idle,60.0,0.2,0,2025-05-02 18:52:45,704.31,0.39
10,running,147.45,0.25,0,2025-05-02 18:52:45,695.75,0.39
1,idle,60.0,0.2,0,2025-05-02 18:52:55,751.59,0.4
2,running,219.05,0.9,164,2025-05-02 18:52:55,732.87,0.39
3,idle,60.0,0.2,0,2025-05-02 18:52:55,748.3,0.4
4,error,60.0,0.2,0,2025-05-02 18:52:55,782.24,0.39
5,idle,60.0,0.2,0,2025-05-02 18:52:55,692.83,0.43
6,running,254.89,0.9,2231,2025-05-02 18:52:55,769.87,0.42
7,idle,60.0,0.2,0,2025-05-02 18:52:55,679.22,0.4
8,running,253.93,0.9,3063,2025-05-02 18:52:55,675.23,0.4
9,running,102.89,0.49,0,2025-05-02 18:52:55,704.32,0.4
10,running,200.92,0.26,271,2025-05-02 18:52:55,695.75,0.39
1,running,60,0.56,0,2025-05-02 18:53:05,751.59,0.4
2,running,252.12,0.9,0,2025-05-02 18:53:05,732.87,0.39
3,idle,60.0,0.2,0,2025-05-02 18:53:05,748.3,0.4
4,running,60,0.28,525,2025-05-02 18:53:05,782.24,0.39
5,running,60,0.17,0,2025-05-02 18:53:05,692.83,0.43
6,running,300,0.9,2540,2025-05-02 18:53:05,769.87,0.42
7,running,118.97,0.67,731,2025-05-02 18:53:05,679.22,0.4
8,idle,60.0,0.2,0,2025-05-02 18:53:05,675.23,0.4
9,idle,60.0,0.2,0,2025-05-02 18:53:05,704.32,0.4
10,running,185.88,0.34,0,2025-05-02 18:53:05,695.75,0.39
1,running,149.35,0.71,369,2025-05-02 18:53:15,751.59,0.4
2,running,210.35,0.9,0,2025-05-02 18:53:15,732.88,0.4
3,running,127.23,0.43,288,2025-05-02 18:53:15,748.3,0.4
4,running,130.65,0.53,816,2025-05-02 18:53:15,782.24,0.39
5,idle,60.0,0.2,0,2025-05-02 18:53:15,692.83,0.43
6,running,300,0.9,2897,2025-05-02 18:53:15,769.88,0.43
7,running,202.8,0.9,824,2025-05-02 18:53:15,679.22,0.4
8,running,99.92,0.58,0,2025-05-02 18:53:15,675.23,0.4
9,running,125.01,0.69,146,2025-05-02 18:53:15,704.32,0.4
10,idle,60.0,0.2,0,2025-05-02 18:53:15,695.75,0.39
1,running,161.14,0.9,182,2025-05-02 18:53:25,751.6,0.41
2,running,239.91,0.9,0,2025-05-02 18:53:25,732.88,0.4
3,running,124.12,0.87,39,2025-05-02 18:53:25,748.3,0.4
4,running,198.81,0.66,438,2025-05-02 18:53:25,782.25,0.4
5,running,60,0.56,0,2025-05-02 18:53:25,692.83,0.43
6,running,300,0.9,3886,2025-05-02 18:53:25,769.88,0.43
7,idle,60.0,0.2,0,2025-05-02 18:53:25,679.22,0.4
8,running,116.42,0.8,949,2025-05-02 18:53:25,675.24,0.41
9,idle,60.0,0.2,0,2025-05-02 18:53:25,704.32,0.4
10,running,60,0.59,0,2025-05-02 18:53:25,695.75,0.39
1,idle,60.0,0.2,0,2025-05-02 18:53:35,751.6,0.41
2,running,253.48,0.9,0,2025-05-02 18:53:35,732.88,0.4
3,running,223.97,0.9,737,2025-05-02 18:53:35,748.3,0.4
4,running,215.41,0.9,1201,2025-05-02 18:53:35,782.25,0.4
5,running,152.73,0.77,873,2025-05-02 18:53:35,692.84,0.44
6,running,300,0.9,4207,2025-05-02 18:53:35,769.88,0.43
7,running,60,0.51,767,2025-05-02 18:53:35,679.23,0.41
8,running,123.32,0.9,1913,2025-05-02 18:53:35,675.24,0.41
9,running,60,0.56,276,2025-05-02 18:53:35,704.32,0.4
10,error,60.0,0.2,0,2025-05-02 18:53:35,695.75,0.39
1,idle,60.0,0.2,0,2025-05-02 18:53:45,751.6,0.41
2,running,300,0.9,652,2025-05-02 18:53:45,732.88,0.4
3,running,208.78,0.9,0,2025-05-02 18:53:45,748.31,0.41
4,running,300,0.9,1898,2025-05-02 18:53:45,782.25,0.4
5,running,110.76,0.9,474,2025-05-02 18:53:45,692.84,0.44
6,idle,60.0,0.2,0,2025-05-02 18:53:45,769.88,0.43
7,running,64.31,0.72,1584,2025-05-02 18:53:45,679.23,0.41
8,running,140.33,0.9,1066,2025-05-02 18:53:45,675.24,0.41
9,idle,60.0,0.2,0,2025-05-02 18:53:45,704.32,0.4
10,running,110.31,0.16,0,2025-05-02 18:53:45,695.76,0.4
1,running,60,0.44,600,2025-05-02 18:53:55,751.6,0.41
2,running,300,0.9,1064,2025-05-02 18:53:55,732.89,0.41
3,running,280.57,0.88,945,2025-05-02 18:53:55,748.31,0.41
4,running,259.98,0.9,1111,2025-05-02 18:53:55,782.25,0.4
5,running,98.08,0.9,0,2025-05-02 18:53:55,692.84,0.44
6,running,60,0.66,956,2025-05-02 18:53:55,769.88,0.43
7,running,60,0.9,1687,2025-05-02 18:53:55,679.23,0.41
8,running,96.07,0.9,1711,2025-05-02 18:53:55,675.24,0.41
9,running,60,0.62,756,2025-05-02 18:53:55,704.32,0.4
10,running,101.86,0.38,202,2025-05-02 18:53:55,695.76,0.4
1,running,60,0.49,213,2025-05-02 18:54:05,751.6,0.41
2,running,278.67,0.9,2032,2025-05-02 18:54:05,732.89,0.41
3,running,300,0.89,1893,2025-05-02 18:54:05,748.31,0.41
4,running,258.44,0.9,1073,2025-05-02 18:54:05,782.26,0.41
5,running,127.67,0.9,0,2025-05-02 18:54:05,692.84,0.44
6,running,60,0.9,1654,2025-05-02 18:54:05,769.89,0.44
7,error,60.0,0.2,0,2025-05-02 18:54:05,679.23,0.41
8,running,156.73,0.9,1721,2025-05-02 18:54:05,675.25,0.42
9,running,60,0.69,823,2025-05-02 18:54:05,704.33,0.41
10,running,125.71,0.58,180,2025-05-02 18:54:05,695.76,0.4
1,idle,60.0,0.2,0,2025-05-02 18:54:15,751.6,0.41
2,running,300,0.9,1072,2025-05-02 18:54:15,732.89,0.41
3,running,300,0.9,913,2025-05-02 18:54:15,748.31,0.41
4,running,300,0.88,601,2025-05-02 18:54:15,782.26,0.41
5,running,84.21,0.9,0,2025-05-02 18:54:15,692.85,0.45
6,running,60,0.9,898,2025-05-02 18:54:15,769.89,0.44
7,running,158.67,0.48,0,2025-05-02 18:54:15,679.23,0.41
8,running,191.23,0.9,2495,2025-05-02 18:54:15,675.25,0.42
9,running,60,0.9,1388,2025-05-02 18:54:15,704.33,0.41
10,running,216.02,0.9,0,2025-05-02 18:54:15,695.76,0.4
1,running,118.52,0.5,101,2025-05-02 18:54:25,751.6,0.41
2,idle,60.0,0.2,0,2025-05-02 18:54:25,732.89,0.41
3,running,300,0.9,1581,2025-05-02 18:54:25,748.32,0.42
4,running,300,0.9,1189,2025-05-02 18:54:25,782.26,0.41
5,running,145.17,0.9,0,2025-05-02 18:54:25,692.85,0.45
6,running,151.14,0.9,1862,2025-05-02 18:54:25,769.89,0.44
7,running,155.57,0.84,784,2025-05-02 18:54:25,679.24,0.42
8,running,190.48,0.9,3259,2025-05-02 18:54:25,675.25,0.42
9,running,123.33,0.9,1806,2025-05-02 18:54:25,704.33,0.41
10,running,300,0.9,0,2025-05-02 18:54:25,695.77,0.41
1,running,158.3,0.61,0,2025-05-02 18:54:35,751.61,0.42
2,idle,60.0,0.2,0,2025-05-02 18:54:35,732.89,0.41
3,running,300,0.9,1579,2025-05-02 18:54:35,748.32,0.42
4,running,300,0.88,1230,2025-05-02 18:54:35,782.27,0.42
5,running,164.72,0.9,771,2025-05-02 18:54:35,692.85,0.45
6,running,190.85,0.9,2015,2025-05-02 18:54:35,769.9,0.45
7,idle,60.0,0.2,0,2025-05-02 18:54:35,679.24,0.42
8,running,260.8,0.9,3244,2025-05-02 18:54:35,675.26,0.43
9,idle,60.0,0.2,0,2025-05-02 18:54:35,704.33,0.41
10,idle,60.0,0.2,0,2025-05-02 18:54:35,695.77,0.41
1,running,236.76,0.89,0,2025-05-02 18:54:45,751.61,0.42
2,running,93.69,0.27,0,2025-05-02 18:54:45,732.9,0.42
3,idle,60.0,0.2,0,2025-05-02 18:54:45,748.32,0.42
4,running,300,0.9,2014,2025-05-02 18:54:45,782.27,0.42
5,running,166.15,0.9,671,2025-05-02 18:54:45,692.86,0.46
6,running,194.97,0.9,2575,2025-05-02 18:54:45,769.9,0.45
7,running,60,0.54,0,2025-05-02 18:54:45,679.24,0.42
8,running,278.21,0.9,2541,2025-05-02 18:54:45,675.26,0.43
9,error,60.0,0.2,0,2025-05-02 18:54:45,704.33,0.41
10,running,60,0.39,437,2025-05-02 18:54:45,695.77,0.41
1,running,291.79,0.9,0,2025-05-02 18:54:55,751.61,0.42
2,running,75.84,0.28,183,2025-05-02 18:54:55,732.9,0.42
3,running,75.73,0.5,359,2025-05-02 18:54:55,748.32,0.42
4,idle,60.0,0.2,0,2025-05-02 18:54:55,782.27,0.42
5,idle,60.0,0.2,0,2025-05-02 18:54:55,692.86,0.46
6,running,279.26,0.9,1742,2025-05-02 18:54:55,769.9,0.45
7,running,126.96,0.5,163,2025-05-02 18:54:55,679.24,0.42
8,running,239.64,0.9,2565,2025-05-02 18:54:55,675.26,0.43
9,running,130.95,0.22,0,2025-05-02 18:54:55,704.33,0.41
10,running,137.49,0.85,0,2025-05-02 18:54:55,695.77,0.41
1,running,300,0.9,641,2025-05-02 18:55:05,751.62,0.43
2,running,60,0.5,0,2025-05-02 18:55:05,732.9,0.42
3,running,60,0.55,736,2025-05-02 18:55:05,748.33,0.43
4,running,60,0.38,97,2025-05-02 18:55:05,782.27,0.42
5,running,60,0.66,509,2025-05-02 18:55:05,692.86,0.46
6,idle,60.0,0.2,0,2025-05-02 18:55:05,769.9,0.45
7,running,148.55,0.48,0,2025-05-02 18:55:05,679.25,0.43
8,running,300,0.9,3228,2025-05-02 18:55:05,675.26,0.43
9,running,152.08,0.41,0,2025-05-02 18:55:05,704.34,0.42
10,running,137.32,0.9,505,2025-05-02 18:55:05,695.78,0.42
1,running,300,0.9,184,2025-05-02 18:55:15,751.62,0.43
2,running,66.29,0.86,0,2025-05-02 18:55:15,732.9,0.42
3,running,98.25,0.74,0,2025-05-02 18:55:15,748.33,0.43
4,running,127.99,0.65,801,2025-05-02 18:55:15,782.27,0.42
5,running,108.88,0.9,0,2025-05-02 18:55:15,692.86,0.46
6,running,65.67,0.18,0,2025-05-02 18:55:15,769.9,0.45
7,running,105.13,0.48,0,2025-05-02 18:55:15,679.25,0.43
8,running,257.21,0.9,3024,2025-05-02 18:55:15,675.27,0.44
9,idle,60.0,0.2,0,2025-05-02 18:55:15,704.34,0.42
10,running,204.29,0.9,750,2025-05-02 18:55:15,695.78,0.42
1,running,300,0.9,0,2025-05-02 18:55:25,751.62,0.43
2,idle,60.0,0.2,0,2025-05-02 18:55:25,732.9,0.42
3,running,126.68,0.74,0,2025-05-02 18:55:25,748.33,0.43
4,running,96.11,0.9,346,2025-05-02 18:55:25,782.28,0.43
5,running,106.86,0.9,705,2025-05-02 18:55:25,692.86,0.46
6,running,67.98,0.54,0,2025-05-02 18:55:25,769.91,0.46
7,running,197.58,0.86,466,2025-05-02 18:55:25,679.25,0.43
8,running,211.91,0.9,2495,2025-05-02 18:55:25,675.27,0.44
9,idle,60.0,0.2,0,2025-05-02 18:55:25,704.34,0.42
10,error,60.0,0.2,0,2025-05-02 18:55:25,695.78,0.42
1,error,60.0,0.2,0,2025-05-02 18:55:35,751.62,0.43
2,running,60,0.44,0,2025-05-02 18:55:35,732.91,0.43
3,running,174.16,0.75,0,2025-05-02 18:55:35,748.33,0.43
4,idle,60.0,0.2,0,2025-05-02 18:55:35,782.28,0.43
5,running,60.55,0.9,400,2025-05-02 18:55:35,692.87,0.47
6,running,60,0.78,324,2025-05-02 18:55:35,769.91,0.46
7,running,199.34,0.9,919,2025-05-02 18:55:35,679.25,0.43
8,running,234.68,0.9,2951,2025-05-02 18:55:35,675.27,0.44
9,running,60,0.36,228,2025-05-02 18:55:35,704.34,0.42
10,running,154.5,0.2,0,2025-05-02 18:55:35,695.78,0.42
1,running,63.23,0.53,626,2025-05-02 18:55:45,751.62,0.43
2,idle,60.0,0.2,0,2025-05-02 18:55:45,732.91,0.43
3,running,202.27,0.71,0,2025-05-02 18:55:45,748.34,0.44
4,idle,60.0,0.2,0,2025-05-02 18:55:45,782.28,0.43
5,idle,60.0,0.2,0,2025-05-02 18:55:45,692.87,0.47
6,running,60,0.9,323,2025-05-02 18:55:45,769.91,0.46
7,running,252.83,0.86,1428,2025-05-02 18:55:45,679.26,0.44
8,running,300,0.9,3044,2025-05-02 18:55:45,675.28,0.45
9,idle,60.0,0.2,0,2025-05-02 18:55:45,704.34,0.42
10,running,185.83,0.55,0,2025-05-02 18:55:45,695.78,0.42
1,running,87.9,0.9,30,2025-05-02 18:55:55,751.63,0.44
2,running,60,0.63,282,2025-05-02 18:55:55,732.91,0.43
3,running,299.21,0.9,0,2025-05-02 18:55:55,748.34,0.44
4,running,156.2,0.33,738,2025-05-02 18:55:55,782.28,0.43
5,running,60,0.52,360,2025-05-02 18:55:55,692.87,0.47
6,running,75.76,0.9,433,2025-05-02 18:55:55,769.92,0.47
7,running,211.97,0.9,485,2025-05-02 18:55:55,679.26,0.44
8,running,300,0.9,2432,2025-05-02 18:55:55,675.28,0.45
9,running,83.53,0.6,290,2025-05-02 18:55:55,704.34,0.42
10,running,216.53,0.9,0,2025-05-02 18:55:55,695.79,0.43
1,running,139.67,0.9,845,2025-05-02 18:56:06,751.63,0.44
2,running,66.61,0.9,1184,2025-05-02 18:56:06,732.91,0.43
3,running,300,0.88,0,2025-05-02 18:56:06,748.34,0.44
4,running,132.59,0.63,1459,2025-05-02 18:56:06,782.28,0.43
5,idle,60.0,0.2,0,2025-05-02 18:56:06,692.87,0.47
6,running,152.72,0.9,0,2025-05-02 18:56:06,769.92,0.47
7,running,256.86,0.9,1074,2025-05-02 18:56:06,679.26,0.44
8,idle,60.0,0.2,0,2025-05-02 18:56:06,675.28,0.45
9,running,108.2,0.79,0,2025-05-02 18:56:06,704.35,0.43
10,running,272.41,0.9,0,2025-05-02 18:56:06,695.79,0.43
1,running,221.49,0.9,275,2025-05-02 18:56:16,751.63,0.44
2,running,60,0.9,1790,2025-05-02 18:56:16,732.92,0.44
3,running,300,0.87,785,2025-05-02 18:56:16,748.35,0.45
4,running,220.66,0.9,2212,2025-05-02 18:56:16,782.29,0.44
5,running,66.93,0.49,0,2025-05-02 18:56:16,692.87,0.47
6,running,161.6,0.9,921,2025-05-02 18:56:16,769.92,0.47
7,running,269.25,0.9,1566,2025-05-02 18:56:16,679.27,0.45
8,running,60,0.39,959,2025-05-02 18:56:16,675.28,0.45
9,running,93.29,0.9,0,2025-05-02 18:56:16,704.35,0.43
10,running,300,0.9,871,2025-05-02 18:56:16,695.79,0.43
1,running,270.48,0.9,0,2025-05-02 18:56:26,751.64,0.45
2,running,155.63,0.9,807,2025-05-02 18:56:26,732.92,0.44
3,idle,60.0,0.2,0,2025-05-02 18:56:26,748.35,0.45
4,running,259.27,0.87,1956,2025-05-02 18:56:26,782.29,0.44
5,idle,60.0,0.2,0,2025-05-02 18:56:26,692.87,0.47
6,error,60.0,0.2,0,2025-05-02 18:56:26,769.92,0.47
7,running,260.3,0.9,1320,2025-05-02 18:56:26,679.27,0.45
8,running,60,0.81,147,2025-05-02 18:56:26,675.28,0.45
9,running,135.05,0.9,0,2025-05-02 18:56:26,704.35,0.43
10,running,255.19,0.9,418,2025-05-02 18:56:26,695.8,0.44
1,idle,60.0,0.2,0,2025-05-02 18:56:36,751.64,0.45
2,idle,60.0,0.2,0,2025-05-02 18:56:36,732.92,0.44
3,running,137.22,0.44,808,2025-05-02 18:56:36,748.35,0.45
4,running,243.5,0.9,1710,2025-05-02 18:56:36,782.29,0.44
5,running,127.98,0.66,0,2025-05-02 18:56:36,692.88,0.48
6,running,83.51,0.55,0,2025-05-02 18:56:36,769.92,0.47
7,running,300,0.9,1571,2025-05-02 18:56:36,679.27,0.45
8,running,60,0.79,0,2025-05-02 18:56:36,675.29,0.46
9,running,114.55,0.9,827,2025-05-02 18:56:36,704.35,0.43
10,running,300,0.9,1188,2025-05-02 18:56:36,695.8,0.44
1,running,100.51,0.48,499,2025-05-02 18:56:46,751.64,0.45
2,running,154.63,0.45,0,2025-05-02 18:56:46,732.92,0.44
3,running,195.79,0.43,0,2025-05-02 18:56:46,748.35,0.45
4,idle,60.0,0.2,0,2025-05-02 18:56:46,782.29,0.44
5,running,219.67,0.9,0,2025-05-02 18:56:46,692.88,0.48
6,running,60,0.78,0,2025-05-02 18:56:46,769.93,0.48
7,running,300,0.9,2288,2025-05-02 18:56:46,679.27,0.45
8,running,94.46,0.9,0,2025-05-02 18:56:46,675.29,0.46
9,running,208.54,0.9,948,2025-05-02 18:56:46,704.36,0.44
10,running,300,0.9,1882,2025-05-02 18:56:46,695.8,0.44
1,running,165.16,0.62,1209,2025-05-02 18:56:56,751.64,0.45
2,running,241.16,0.61,887,2025-05-02 18:56:56,732.92,0.44
3,idle,60.0,0.2,0,2025-05-02 18:56:56,748.35,0.45
4,running,66.16,0.2,0,2025-05-02 18:56:56,782.29,0.44
5,running,252.46,0.89,446,2025-05-02 18:56:56,692.88,0.48
6,running,60,0.89,924,2025-05-02 18:56:56,769.93,0.48
7,running,300,0.9,2424,2025-05-02 18:56:56,679.28,0.46
8,running,83.21,0.9,0,2025-05-02 18:56:56,675.29,0.46
9,running,267.84,0.86,1227,2025-05-02 18:56:56,704.36,0.44
10,running,280.03,0.9,928,2025-05-02 18:56:56,695.8,0.44
1,running,211.85,0.9,1622,2025-05-02 18:57:06,751.64,0.45
2,idle,60.0,0.2,0,2025-05-02 18:57:06,732.92,0.44
3,running,60,0.3,0,2025-05-02 18:57:06,748.35,0.45
4,running,134.41,0.67,0,2025-05-02 18:57:06,782.3,0.45
5,idle,60.0,0.2,0,2025-05-02 18:57:06,692.88,0.48
6,running,60,0.9,388,2025-05-02 18:57:06,769.93,0.48
7,running,300,0.9,2572,2025-05-02 18:57:06,679.28,0.46
8,running,60,0.9,0,2025-05-02 18:57:06,675.29,0.46
9,running,298.97,0.9,402,2025-05-02 18:57:06,704.36,0.44
10,running,258.37,0.9,1915,2025-05-02 18:57:06,695.81,0.45
1,running,296.76,0.9,1669,2025-05-02 18:57:16,751.65,0.46
2,idle,60.0,0.2,0,2025-05-02 18:57:16,732.92,0.44
3,idle,60.0,0.2,0,2025-05-02 18:57:16,748.35,0.45
4,running,204.26,0.68,0,2025-05-02 18:57:16,782.3,0.45
5,running,149.98,0.32,0,2025-05-02 18:57:16,692.88,0.48
6,running,133.98,0.9,1123,2025-05-02 18:57:16,769.93,0.48
7,running,300,0.9,3474,2025-05-02 18:57:16,679.28,0.46
8,running,60,0.9,706,2025-05-02 18:57:16,675.3,0.47
9,idle,60.0,0.2,0,2025-05-02 18:57:16,704.36,0.44
10,running,216.83,0.9,1515,2025-05-02 18:57:16,695.81,0.45
1,running,261.29,0.9,2314,2025-05-02 18:57:26,751.65,0.46
2,running,149.77,0.54,0,2025-05-02 18:57:26,732.93,0.45
3,idle,60.0,0.2,0,2025-05-02 18:57:26,748.35,0.45
4,running,243.57,0.9,0,2025-05-02 18:57:26,782.3,0.45
5,running,209.06,0.68,445,2025-05-02 18:57:26,692.89,0.49
6,running,104.28,0.9,1553,2025-05-02 18:57:26,769.94,0.49
7,running,263.94,0.9,2881,2025-05-02 18:57:26,679.28,0.46
8,running,60,0.9,1588,2025-05-02 18:57:26,675.3,0.47
9,idle,60.0,0.2,0,2025-05-02 18:57:26,704.36,0.44
10,running,298.27,0.9,1230,2025-05-02 18:57:26,695.81,0.45
1,running,266.81,0.9,3227,2025-05-02 18:57:36,751.65,0.46
2,idle,60.0,0.2,0,2025-05-02 18:57:36,732.93,0.45
3,idle,60.0,0.2,0,2025-05-02 18:57:36,748.35,0.45
4,running,239.27,0.9,0,2025-05-02 18:57:36,782.3,0.45
5,idle,60.0,0.2,0,2025-05-02 18:57:36,692.89,0.49
6,idle,60.0,0.2,0,2025-05-02 18:57:36,769.94,0.49
7,running,277.39,0.9,3111,2025-05-02 18:57:36,679.29,0.47
8,running,148.19,0.9,1450,2025-05-02 18:57:36,675.3,0.47
9,running,60,0.26,0,2025-05-02 18:57:36,704.37,0.45
10,running,287.7,0.9,1603,2025-05-02 18:57:36,695.81,0.45
1,running,280.54,0.9,3447,2025-05-02 18:57:46,751.65,0.46
2,running,159.48,0.56,0,2025-05-02 18:57:46,732.93,0.45
3,running,60,0.6,0,2025-05-02 18:57:46,748.36,0.46
4,running,246.1,0.9,0,2025-05-02 18:57:46,782.31,0.46
5,running,123.63,0.23,0,2025-05-02 18:57:46,692.89,0.49
6,running,123.55,0.69,0,2025-05-02 18:57:46,769.94,0.49
7,running,300,0.9,2524,2025-05-02 18:57:46,679.29,0.47
8,error,60.0,0.2,0,2025-05-02 18:57:46,675.3,0.47
9,idle,60.0,0.2,0,2025-05-02 18:57:46,704.37,0.45
10,running,300,0.89,1427,2025-05-02 18:57:46,695.82,0.46
1,running,266.36,0.9,2586,2025-05-02 18:57:56,751.66,0.47
2,running,231.65,0.65,170,2025-05-02 18:57:56,732.93,0.45
3,running,60,0.9,0,2025-05-02 18:57:56,748.36,0.46
4,running,234.36,0.9,0,2025-05-02 18:57:56,782.31,0.46
5,idle,60.0,0.2,0,2025-05-02 18:57:56,692.89,0.49
6,running,177.31,0.87,938,2025-05-02 18:57:56,769.94,0.49
7,running,291.84,0.9,2200,2025-05-02 18:57:56,679.29,0.47
8,running,129.66,0.22,0,2025-05-02 18:57:56,675.31,0.48
9,idle,60.0,0.2,0,2025-05-02 18:57:56,704.37,0.45
10,idle,60.0,0.2,0,2025-05-02 18:57:56,695.82,0.46
1,idle,60.0,0.2,0,2025-05-02 18:58:06,751.66,0.47
2,error,60.0,0.2,0,2025-05-02 18:58:06,732.93,0.45
3,running,60,0.9,0,2025-05-02 18:58:06,748.36,0.46
4,running,295.88,0.9,0,2025-05-02 18:58:06,782.31,0.46
5,running,119.69,0.57,0,2025-05-02 18:58:06,692.89,0.49
6,running,263.88,0.9,575,2025-05-02 18:58:06,769.95,0.5
7,running,300,0.9,2150,2025-05-02 18:58:06,679.3,0.48
8,running,201.82,0.56,0,2025-05-02 18:58:06,675.31,0.48
9,running,120.46,0.53,713,2025-05-02 18:58:06,704.37,0.45
10,running,108.93,0.22,0,2025-05-02 18:58:06,695.82,0.46
1,running,60,0.57,261,2025-05-02 18:58:16,751.66,0.47
2,running,111.25,0.38,365,2025-05-02 18:58:16,732.93,0.45
3,idle,60.0,0.2,0,2025-05-02 18:58:16,748.36,0.46
4,running,265.54,0.9,0,2025-05-02 18:58:16,782.32,0.47
5,running,71.77,0.8,192,2025-05-02 18:58:16,692.89,0.49
6,running,300,0.9,0,2025-05-02 18:58:16,769.95,0.5
7,running,300,0.9,1446,2025-05-02 18:58:16,679.3,0.48
8,running,222.29,0.78,893,2025-05-02 18:58:16,675.31,0.48
9,running,187.15,0.9,0,2025-05-02 18:58:16,704.37,0.45
10,running,105.34,0.22,257,2025-05-02 18:58:16,695.82,0.46
1,running,60,0.9,0,2025-05-02 18:58:26,751.66,0.47
2,running,158.29,0.71,511,2025-05-02 18:58:26,732.94,0.46
3,running,63.24,0.17,55,2025-05-02 18:58:26,748.36,0.46
4,idle,60.0,0.2,0,2025-05-02 18:58:26,782.32,0.47
5,running,60,0.84,180,2025-05-02 18:58:26,692.9,0.5
6,running,300,0.9,537,2025-05-02 18:58:26,769.95,0.5
7,running,300,0.9,2329,2025-05-02 18:58:26,679.3,0.48
8,running,230.41,0.9,1864,2025-05-02 18:58:26,675.31,0.48
9,running,182.57,0.9,0,2025-05-02 18:58:26,704.37,0.45
10,running,60,0.36,0,2025-05-02 18:58:26,695.83,0.47
1,running,80.89,0.9,774,2025-05-02 18:58:36,751.67,0.48
2,running,210.56,0.9,149,2025-05-02 18:58:36,732.94,0.46
3,running,105.68,0.23,162,2025-05-02 18:58:36,748.37,0.47
4,running,60,0.28,106,2025-05-02 18:58:36,782.32,0.47
5,running,108.6,0.9,744,2025-05-02 18:58:36,692.9,0.5
6,running,300,0.87,934,2025-05-02 18:58:36,769.95,0.5
7,running,285.09,0.88,3314,2025-05-02 18:58:36,679.3,0.48
8,running,195.69,0.88,2557,2025-05-02 18:58:36,675.32,0.49
9,running,162.68,0.9,968,2025-05-02 18:58:36,704.38,0.46
10,running,60,0.62,0,2025-05-02 18:58:36,695.83,0.47
1,running,60,0.9,1707,2025-05-02 18:58:46,751.67,0.48
2,running,300,0.9,591,2025-05-02 18:58:46,732.94,0.46
3,idle,60.0,0.2,0,2025-05-02 18:58:46,748.37,0.47
4,running,122.23,0.26,531,2025-05-02 18:58:46,782.32,0.47
5,running,68.58,0.9,1547,2025-05-02 18:58:46,692.9,0.5
6,running,300,0.84,695,2025-05-02 18:58:46,769.96,0.51
7,running,300,0.9,3561,2025-05-02 18:58:46,679.31,0.49
8,running,159.58,0.89,2516,2025-05-02 18:58:46,675.32,0.49
9,running,236.83,0.9,323,2025-05-02 18:58:46,704.38,0.46
10,running,132.13,0.71,0,2025-05-02 18:58:46,695.83,0.47
1,idle,60.0,0.2,0,2025-05-02 18:58:56,751.67,0.48
2,running,300,0.9,190,2025-05-02 18:58:56,732.95,0.47
3,running,60,0.34,482,2025-05-02 18:58:56,748.37,0.47
4,idle,60.0,0.2,0,2025-05-02 18:58:56,782.32,0.47
5,idle,60.0,0.2,0,2025-05-02 18:58:56,692.9,0.5
6,running,300,0.9,573,2025-05-02 18:58:56,769.96,0.51
7,running,300,0.86,3102,2025-05-02 18:58:56,679.31,0.49
8,running,258.11,0.9,2331,2025-05-02 18:58:56,675.32,0.49
9,running,296.35,0.9,0,2025-05-02 18:58:56,704.38,0.46
10,running,138.47,0.73,575,2025-05-02 18:58:56,695.83,0.47
1,running,127.15,0.42,659,2025-05-02 18:59:06,751.67,0.48
2,running,300,0.9,1186,2025-05-02 18:59:06,732.95,0.47
3,running,122.85,0.62,0,2025-05-02 18:59:06,748.37,0.47
4,running,151.92,0.25,670,2025-05-02 18:59:06,782.32,0.47
5,running,157.59,0.15,0,2025-05-02 18:59:06,692.91,0.51
6,running,300,0.9,0,2025-05-02 18:59:06,769.96,0.51
7,running,300,0.9,2152,2025-05-02 18:59:06,679.31,0.49
8,running,210.45,0.9,1675,2025-05-02 18:59:06,675.33,0.5
9,running,259.29,0.9,0,2025-05-02 18:59:06,704.38,0.46
10,running,218.73,0.88,0,2025-05-02 18:59:06,695.84,0.48
1,running,186.72,0.49,0,2025-05-02 18:59:16,751.67,0.48
2,idle,60.0,0.2,0,2025-05-02 18:59:16,732.95,0.47
3,running,174.16,0.9,0,2025-05-02 18:59:16,748.38,0.48
4,running,139.49,0.45,1255,2025-05-02 18:59:16,782.33,0.48
5,running,247.34,0.29,0,2025-05-02 18:59:16,692.91,0.51
6,idle,60.0,0.2,0,2025-05-02 18:59:16,769.96,0.51
7,running,300,0.9,1313,2025-05-02 18:59:16,679.32,0.5
8,running,297.33,0.9,1879,2025-05-02 18:59:16,675.33,0.5
9,running,231.56,0.9,617,2025-05-02 18:59:16,704.39,0.47
10,running,244.42,0.9,738,2025-05-02 18:59:16,695.84,0.48
1,running,206.96,0.45,0,2025-05-02 18:59:26,751.68,0.49
2,running,60,0.56,0,2025-05-02 18:59:26,732.95,0.47
3,running,222.56,0.9,0,2025-05-02 18:59:26,748.38,0.48
4,idle,60.0,0.2,0,2025-05-02 18:59:26,782.33,0.48
5,idle,60.0,0.2,0,2025-05-02 18:59:26,692.91,0.51
6,idle,60.0,0.2,0,2025-05-02 18:59:26,769.96,0.51
7,running,300,0.9,1200,2025-05-02 18:59:26,679.32,0.5
8,running,300,0.9,1736,2025-05-02 18:59:26,675.33,0.5
9,running,257.79,0.9,1025,2025-05-02 18:59:26,704.39,0.47
10,running,300,0.9,1642,2025-05-02 18:59:26,695.84,0.48
1,idle,60.0,0.2,0,2025-05-02 18:59:36,751.68,0.49
2,running,60,0.59,849,2025-05-02 18:59:36,732.95,0.47
3,running,298.32,0.9,0,2025-05-02 18:59:36,748.38,0.48
4,running,133.81,0.24,0,2025-05-02 18:59:36,782.33,0.48
5,running,107.38,0.62,653,2025-05-02 18:59:36,692.91,0.51
6,idle,60.0,0.2,0,2025-05-02 18:59:36,769.96,0.51
7,running,300,0.9,2024,2025-05-02 18:59:36,679.32,0.5
8,running,300,0.9,2498,2025-05-02 18:59:36,675.33,0.5
9,running,300,0.9,1578,2025-05-02 18:59:36,704.39,0.47
10,running,290.03,0.9,1416,2025-05-02 18:59:36,695.85,0.49
1,running,153.19,0.36,0,2025-05-02 18:59:46,751.68,0.49
2,running,60,0.73,1472,2025-05-02 18:59:46,732.96,0.48
3,running,300,0.87,777,2025-05-02 18:59:46,748.38,0.48
4,running,208.76,0.38,0,2025-05-02 18:59:46,782.33,0.48
5,running,144.91,0.9,259,2025-05-02 18:59:46,692.91,0.51
6,running,62.3,0.62,79,2025-05-02 18:59:46,769.97,0.52
7,running,300,0.9,1891,2025-05-02 18:59:46,679.32,0.5
8,running,300,0.9,2537,2025-05-02 18:59:46,675.34,0.51
9,idle,60.0,0.2,0,2025-05-02 18:59:46,704.39,0.47
10,running,300,0.9,2206,2025-05-02 18:59:46,695.85,0.49
1,running,197.0,0.81,759,2025-05-02 18:59:56,751.68,0.49
2,running,133.03,0.9,1708,2025-05-02 18:59:56,732.96,0.48
3,running,300,0.9,785,2025-05-02 18:59:56,748.39,0.49
4,running,300,0.69,0,2025-05-02 18:59:56,782.34,0.49
5,running,98.3,0.9,399,2025-05-02 18:59:56,692.92,0.52
6,running,60,0.9,0,2025-05-02 18:59:56,769.97,0.52
7,running,300,0.9,2677,2025-05-02 18:59:56,679.33,0.51
8,running,300,0.9,2267,2025-05-02 18:59:56,675.34,0.51
9,idle,60.0,0.2,0,2025-05-02 18:59:56,704.39,0.47
10,running,300,0.9,2591,2025-05-02 18:59:56,695.85,0.49
1,running,254.74,0.9,939,2025-05-02 19:00:06,751.69,0.5
2,running,215.61,0.89,2294,2025-05-02 19:00:06,732.96,0.48
3,running,300,0.9,1158,2025-05-02 19:00:06,748.39,0.49
4,running,300,0.76,733,2025-05-02 19:00:06,782.34,0.49
5,running,103.04,0.9,0,2025-05-02 19:00:06,692.92,0.52
6,running,60,0.9,730,2025-05-02 19:00:06,769.97,0.52
7,running,300,0.9,3170,2025-05-02 19:00:06,679.33,0.51
8,idle,60.0,0.2,0,2025-05-02 19:00:06,675.34,0.51
9,running,60,0.37,0,2025-05-02 19:00:06,704.4,0.48
10,running,300,0.9,1870,2025-05-02 19:00:06,695.85,0.49
1,running,218.2,0.88,1445,2025-05-02 19:00:16,751.69,0.5
2,running,225.92,0.9,2688,2025-05-02 19:00:16,732.97,0.49
3,running,300,0.9,829,2025-05-02 19:00:16,748.39,0.49
4,idle,60.0,0.2,0,2025-05-02 19:00:16,782.34,0.49
5,running,90.62,0.9,0,2025-05-02 19:00:16,692.92,0.52
6,running,91.87,0.9,1129,2025-05-02 19:00:16,769.97,0.52
7,idle,60.0,0.2,0,2025-05-02 19:00:16,679.33,0.51
8,running,60,0.54,821,2025-05-02 19:00:16,675.34,0.51
9,running,65.27,0.37,875,2025-05-02 19:00:16,704.4,0.48
10,error,60.0,0.2,0,2025-05-02 19:00:16,695.85,0.49
1,running,176.64,0.9,940,2025-05-02 19:00:26,751.69,0.5
2,error,60.0,0.2,0,2025-05-02 19:00:26,732.97,0.49
3,idle,60.0,0.2,0,2025-05-02 19:00:26,748.39,0.49
4,running,151.33,0.42,0,2025-05-02 19:00:26,782.34,0.49
5,running,134.96,0.9,0,2025-05-02 19:00:26,692.93,0.53
6,running,147.4,0.9,314,2025-05-02 19:00:26,769.98,0.53
7,running,124.47,0.25,0,2025-05-02 19:00:26,679.33,0.51
8,running,128.06,0.54,541,2025-05-02 19:00:26,675.34,0.51
9,running,60,0.42,1684,2025-05-02 19:00:26,704.4,0.48
10,running,60,0.2,0,2025-05-02 19:00:26,695.86,0.5
1,idle,60.0,0.2,0,2025-05-02 19:00:36,751.69,0.5
2,idle,60.0,0.2,0,2025-05-02 19:00:36,732.97,0.49
3,running,121.01,0.65,0,2025-05-02 19:00:36,748.4,0.5
4,running,241.7,0.47,0,2025-05-02 19:00:36,782.34,0.49
5,running,202.81,0.9,223,2025-05-02 19:00:36,692.93,0.53
6,running,211.09,0.9,44,2025-05-02 19:00:36,769.98,0.53
7,running,121.08,0.44,574,2025-05-02 19:00:36,679.33,0.51
8,running,205.66,0.84,1283,2025-05-02 19:00:36,675.35,0.52
9,running,109.09,0.47,763,2025-05-02 19:00:36,704.4,0.48
10,error,60.0,0.2,0,2025-05-02 19:00:36,695.86,0.5
1,running,156.18,0.28,0,2025-05-02 19:00:46,751.69,0.5
2,running,121.38,0.29,0,2025-05-02 19:00:46,732.97,0.49
3,running,79.16,0.9,0,2025-05-02 19:00:46,748.4,0.5
4,running,215.65,0.7,651,2025-05-02 19:00:46,782.35,0.5
5,running,198.5,0.9,984,2025-05-02 19:00:46,692.93,0.53
6,idle,60.0,0.2,0,2025-05-02 19:00:46,769.98,0.53
7,running,206.01,0.64,1253,2025-05-02 19:00:46,679.34,0.52
8,running,202.09,0.9,1836,2025-05-02 19:00:46,675.35,0.52
9,running,71.39,0.48,655,2025-05-02 19:00:46,704.41,0.49
10,running,60,0.36,321,2025-05-02 19:00:46,695.86,0.5
1,running,120.0,0.57,279,2025-05-02 19:00:56,751.7,0.51
2,running,108.59,0.59,957,2025-05-02 19:00:56,732.97,0.49
3,running,104.87,0.9,537,2025-05-02 19:00:56,748.4,0.5
4,running,293.73,0.77,1297,2025-05-02 19:00:56,782.35,0.5
5,running,215.0,0.9,133,2025-05-02 19:00:56,692.93,0.53
6,running,60,0.41,0,2025-05-02 19:00:56,769.98,0.53
7,running,187.88,0.8,1123,2025-05-02 19:00:56,679.34,0.52
8,running,281.2,0.85,2061,2025-05-02 19:00:56,675.35,0.52
9,running,60,0.66,1176,2025-05-02 19:00:56,704.41,0.49
10,idle,60.0,0.2,0,2025-05-02 19:00:56,695.86,0.5
1,running,152.24,0.77,0,2025-05-02 19:01:06,751.7,0.51
2,running,135.34,0.72,1557,2025-05-02 19:01:06,732.97,0.49
3,running,165.3,0.9,0,2025-05-02 19:01:06,748.4,0.5
4,running,297.52,0.88,415,2025-05-02 19:01:06,782.35,0.5
5,running,222.23,0.9,0,2025-05-02 19:01:06,692.94,0.54
6,idle,60.0,0.2,0,2025-05-02 19:01:06,769.98,0.53
7,running,181.16,0.9,749,2025-05-02 19:01:06,679.34,0.52
8,running,274.12,0.9,1362,2025-05-02 19:01:06,675.36,0.53
9,idle,60.0,0.2,0,2025-05-02 19:01:06,704.41,0.49
10,running,60,0.26,741,2025-05-02 19:01:06,695.86,0.5
1,running,140.06,0.83,0,2025-05-02 19:01:16,751.7,0.51
2,running,199.05,0.9,1095,2025-05-02 19:01:16,732.98,0.5
3,running,152.39,0.9,310,2025-05-02 19:01:16,748.41,0.51
4,running,300,0.9,759,2025-05-02 19:01:16,782.35,0.5
5,running,245.57,0.86,434,2025-05-02 19:01:16,692.94,0.54
6,error,60.0,0.2,0,2025-05-02 19:01:16,769.98,0.53
7,running,140.59,0.9,1173,2025-05-02 19:01:16,679.35,0.53
8,idle,60.0,0.2,0,2025-05-02 19:01:16,675.36,0.53
9,running,97.99,0.21,0,2025-05-02 19:01:16,704.41,0.49
10,running,60,0.47,1687,2025-05-02 19:01:16,695.86,0.5
1,running,204.77,0.9,983,2025-05-02 19:01:26,751.7,0.51
2,running,222.21,0.9,1441,2025-05-02 19:01:26,732.98,0.5
3,idle,60.0,0.2,0,2025-05-02 19:01:26,748.41,0.51
4,running,300,0.9,711,2025-05-02 19:01:26,782.36,0.51
5,running,300,0.9,1139,2025-05-02 19:01:26,692.94,0.54
6,running,60,0.43,994,2025-05-02 19:01:26,769.98,0.53
7,running,150.81,0.9,757,2025-05-02 19:01:26,679.35,0.53
8,running,60,0.19,0,2025-05-02 19:01:26,675.36,0.53
9,running,66.54,0.27,945,2025-05-02 19:01:26,704.42,0.5
10,running,60,0.85,1945,2025-05-02 19:01:26,695.87,0.51
1,running,199.04,0.9,17,2025-05-02 19:01:36,751.71,0.52
2,idle,60.0,0.2,0,2025-05-02 19:01:36,732.98,0.5
3,running,60,0.36,0,2025-05-02 19:01:36,748.41,0.51
4,running,300,0.9,1101,2025-05-02 19:01:36,782.36,0.51
5,running,277.44,0.85,1559,2025-05-02 19:01:36,692.94,0.54
6,running,97.17,0.9,101,2025-05-02 19:01:36,769.99,0.54
7,running,173.88,0.9,0,2025-05-02 19:01:36,679.35,0.53
8,running,114.86,0.54,0,2025-05-02 19:01:36,675.36,0.53
9,idle,60.0,0.2,0,2025-05-02 19:01:36,704.42,0.5
10,running,60,0.9,1930,2025-05-02 19:01:36,695.87,0.51
1,running,251.66,0.9,82,2025-05-02 19:01:46,751.71,0.52
2,running,102.54,0.47,0,2025-05-02 19:01:46,732.98,0.5
3,running,60,0.54,83,2025-05-02 19:01:46,748.41,0.51
4,idle,60.0,0.2,0,2025-05-02 19:01:46,782.36,0.51
5,idle,60.0,0.2,0,2025-05-02 19:01:46,692.94,0.54
6,error,60.0,0.2,0,2025-05-02 19:01:46,769.99,0.54
7,running,167.35,0.9,0,2025-05-02 19:01:46,679.35,0.53
8,running,130.83,0.78,857,2025-05-02 19:01:46,675.36,0.53
9,idle,60.0,0.2,0,2025-05-02 19:01:46,704.42,0.5
10,idle,60.0,0.2,0,2025-05-02 19:01:46,695.87,0.51
1,running,236.67,0.9,0,2025-05-02 19:01:56,751.71,0.52
2,running,121.65,0.56,850,2025-05-02 19:01:56,732.98,0.5
3,running,127.31,0.87,0,2025-05-02 19:01:56,748.41,0.51
4,running,60,0.36,0,2025-05-02 19:01:56,782.36,0.51
5,running,105.23,0.33,0,2025-05-02 19:01:56,692.95,0.55
6,running,69.53,0.44,904,2025-05-02 19:01:56,769.99,0.54
7,running,240.0,0.9,152,2025-05-02 19:01:56,679.36,0.54
8,running,225.39,0.9,278,2025-05-02 19:01:56,675.37,0.54
9,running,159.29,0.45,0,2025-05-02 19:01:56,704.42,0.5
10,error,60.0,0.2,0,2025-05-02 19:01:56,695.87,0.51
1,idle,60.0,0.2,0,2025-05-02 19:02:06,751.71,0.52
2,running,177.41,0.54,91,2025-05-02 19:02:06,732.99,0.51
3,running,216.42,0.9,42,2025-05-02 19:02:06,748.42,0.52
4,running,66.05,0.41,0,2025-05-02 19:02:06,782.37,0.52
5,running,156.05,0.73,866,2025-05-02 19:02:06,692.95,0.55
6,running,60,0.49,13,2025-05-02 19:02:06,769.99,0.54
7,running,241.04,0.87,0,2025-05-02 19:02:06,679.36,0.54
8,idle,60.0,0.2,0,2025-05-02 19:02:06,675.37,0.54
9,running,217.91,0.42,0,2025-05-02 19:02:06,704.42,0.5
10,idle,60.0,0.2,0,2025-05-02 19:02:06,695.87,0.51
1,idle,60.0,0.2,0,2025-05-02 19:02:16,751.71,0.52
2,running,158.97,0.59,0,2025-05-02 19:02:16,732.99,0.51
3,error,60.0,0.2,0,2025-05-02 19:02:16,748.42,0.52
4,running,60,0.4,0,2025-05-02 19:02:16,782.37,0.52
5,running,149.46,0.86,353,2025-05-02 19:02:16,692.95,0.55
6,running,117.81,0.8,0,2025-05-02 19:02:16,770.0,0.55
7,running,300,0.9,89,2025-05-02 19:02:16,679.36,0.54
8,idle,60.0,0.2,0,2025-05-02 19:02:16,675.37,0.54
9,running,208.94,0.55,0,2025-05-02 19:02:16,704.42,0.5
10,running,137.69,0.22,474,2025-05-02 19:02:16,695.87,0.51
1,running,60,0.57,0,2025-05-02 19:02:26,751.72,0.53
2,idle,60.0,0.2,0,2025-05-02 19:02:26,732.99,0.51
3,running,60,0.25,741,2025-05-02 19:02:26,748.42,0.52
4,running,120.8,0.85,0,2025-05-02 19:02:26,782.37,0.52
5,running,126.17,0.9,0,2025-05-02 19:02:26,692.96,0.56
6,running,145.63,0.82,691,2025-05-02 19:02:26,770.0,0.55
7,running,300,0.9,546,2025-05-02 19:02:26,679.37,0.55
8,running,60,0.36,429,2025-05-02 19:02:26,675.37,0.54
9,idle,60.0,0.2,0,2025-05-02 19:02:26,704.42,0.5
10,idle,60.0,0.2,0,2025-05-02 19:02:26,695.87,0.51
1,idle,60.0,0.2,0,2025-05-02 19:02:36,751.72,0.53
2,idle,60.0,0.2,0,2025-05-02 19:02:36,732.99,0.51
3,running,60,0.31,1256,2025-05-02 19:02:36,748.42,0.52
4,running,218.64,0.9,894,2025-05-02 19:02:36,782.37,0.52
5,running,80.82,0.9,46,2025-05-02 19:02:36,692.96,0.56
6,running,166.56,0.82,2,2025-05-02 19:02:36,770.0,0.55
7,running,281.21,0.9,941,2025-05-02 19:02:36,679.37,0.55
8,running,60,0.62,0,2025-05-02 19:02:36,675.37,0.54
9,running,105.3,0.21,729,2025-05-02 19:02:36,704.43,0.51
10,running,60,0.3,489,2025-05-02 19:02:36,695.88,0.52
1,running,148.38,0.4,409,2025-05-02 19:02:46,751.72,0.53
2,running,60,0.47,406,2025-05-02 19:02:46,732.99,0.51
3,running,60,0.34,1435,2025-05-02 19:02:46,748.43,0.53
4,idle,60.0,0.2,0,2025-05-02 19:02:46,782.37,0.52
5,running,60,0.9,0,2025-05-02 19:02:46,692.96,0.56
6,running,169.72,0.9,300,2025-05-02 19:02:46,770.0,0.55
7,running,274.0,0.9,783,2025-05-02 19:02:46,679.37,0.55
8,running,137.17,0.58,166,2025-05-02 19:02:46,675.38,0.55
9,running,81.0,0.58,548,2025-05-02 19:02:46,704.43,0.51
10,running,142.22,0.76,0,2025-05-02 19:02:46,695.88,0.52
1,running,153.79,0.62,0,2025-05-02 19:02:56,751.72,0.53
2,running,136.83,0.71,316,2025-05-02 19:02:56,733.0,0.52
3,running,110.53,0.46,2283,2025-05-02 19:02:56,748.43,0.53
4,running,60,0.4,0,2025-05-02 19:02:56,782.38,0.53
5,idle,60.0,0.2,0,2025-05-02 19:02:56,692.96,0.56
6,running,249.53,0.86,0,2025-05-02 19:02:56,770.01,0.56
7,running,300,0.9,1608,2025-05-02 19:02:56,679.37,0.55
8,running,185.88,0.56,308,2025-05-02 19:02:56,675.38,0.55
9,running,156.67,0.79,53,2025-05-02 19:02:56,704.43,0.51
10,running,236.57,0.9,148,2025-05-02 19:02:56,695.88,0.52
1,idle,60.0,0.2,0,2025-05-02 19:03:06,751.72,0.53
2,running,168.79,0.72,307,2025-05-02 19:03:06,733.0,0.52
3,running,84.65,0.67,1418,2025-05-02 19:03:06,748.43,0.53
4,running,75.15,0.79,697,2025-05-02 19:03:06,782.38,0.53
5,running,131.64,0.17,405,2025-05-02 19:03:06,692.96,0.56
6,running,300,0.9,0,2025-05-02 19:03:06,770.01,0.56
7,running,300,0.85,2033,2025-05-02 19:03:06,679.38,0.56
8,running,215.24,0.75,1110,2025-05-02 19:03:06,675.38,0.55
9,running,161.69,0.9,0,2025-05-02 19:03:06,704.43,0.51
10,idle,60.0,0.2,0,2025-05-02 19:03:06,695.88,0.52
1,error,60.0,0.2,0,2025-05-02 19:03:16,751.72,0.53
2,running,252.26,0.82,994,2025-05-02 19:03:16,733.0,0.52
3,running,142.96,0.9,2384,2025-05-02 19:03:16,748.43,0.53
4,running,60,0.83,1439,2025-05-02 19:03:16,782.38,0.53
5,running,86.77,0.31,67,2025-05-02 19:03:16,692.97,0.57
6,running,300,0.9,470,2025-05-02 19:03:16,770.01,0.56
7,running,300,0.9,2409,2025-05-02 19:03:16,679.38,0.56
8,running,258.6,0.9,834,2025-05-02 19:03:16,675.38,0.55
9,running,201.49,0.9,131,2025-05-02 19:03:16,704.44,0.52
10,running,132.99,0.52,407,2025-05-02 19:03:16,695.88,0.52
1,running,105.96,0.34,0,2025-05-02 19:03:26,751.72,0.53
2,idle,60.0,0.2,0,2025-05-02 19:03:26,733.0,0.52
3,running,115.11,0.9,3170,2025-05-02 19:03:26,748.44,0.54
4,idle,60.0,0.2,0,2025-05-02 19:03:26,782.38,0.53
5,running,60,0.62,579,2025-05-02 19:03:26,692.97,0.57
6,running,279.15,0.9,0,2025-05-02 19:03:26,770.02,0.57
7,running,300,0.9,2754,2025-05-02 19:03:26,679.38,0.56
8,error,60.0,0.2,0,2025-05-02 19:03:26,675.38,0.55
9,idle,60.0,0.2,0,2025-05-02 19:03:26,704.44,0.52
10,running,153.22,0.6,1149,2025-05-02 19:03:26,695.89,0.53
1,running,117.27,0.44,0,2025-05-02 19:03:36,751.73,0.54
2,running,112.61,0.27,513,2025-05-02 19:03:36,733.0,0.52
3,error,60.0,0.2,0,2025-05-02 19:03:36,748.44,0.54
4,running,60,0.44,0,2025-05-02 19:03:36,782.39,0.54
5,running,60,0.9,0,2025-05-02 19:03:36,692.97,0.57
6,running,300,0.9,0,2025-05-02 19:03:36,770.02,0.57
7,running,300,0.87,2993,2025-05-02 19:03:36,679.38,0.56
8,running,151.56,0.28,149,2025-05-02 19:03:36,675.39,0.56
9,running,60.03,0.34,815,2025-05-02 19:03:36,704.44,0.52
10,running,183.43,0.9,1616,2025-05-02 19:03:36,695.89,0.53
1,running,67.87,0.45,0,2025-05-02 19:03:46,751.73,0.54
2,running,173.38,0.29,1124,2025-05-02 19:03:46,733.01,0.53
3,idle,60.0,0.2,0,2025-05-02 19:03:46,748.44,0.54
4,running,62.6,0.69,0,2025-05-02 19:03:46,782.39,0.54
5,error,60.0,0.2,0,2025-05-02 19:03:46,692.97,0.57
6,running,300,0.9,388,2025-05-02 19:03:46,770.02,0.57
7,idle,60.0,0.2,0,2025-05-02 19:03:46,679.38,0.56
8,running,228.38,0.62,883,2025-05-02 19:03:46,675.39,0.56
9,running,115.9,0.34,1024,2025-05-02 19:03:46,704.44,0.52
10,running,204.53,0.9,1788,2025-05-02 19:03:46,695.89,0.53
1,running,60,0.89,765,2025-05-02 19:03:56,751.73,0.54
2,running,224.55,0.52,544,2025-05-02 19:03:56,733.01,0.53
3,idle,60.0,0.2,0,2025-05-02 19:03:56,748.44,0.54
4,idle,60.0,0.2,0,2025-05-02 19:03:56,782.39,0.54
5,running,63.61,0.16,284,2025-05-02 19:03:56,692.98,0.58
6,running,278.27,0.9,951,2025-05-02 19:03:56,770.02,0.57
7,running,159.92,0.47,473,2025-05-02 19:03:56,679.39,0.57
8,running,256.97,0.81,1746,2025-05-02 19:03:56,675.39,0.56
9,idle,60.0,0.2,0,2025-05-02 19:03:56,704.44,0.52
10,running,178.01,0.9,2723,2025-05-02 19:03:56,695.9,0.54
1,running,122.17,0.9,26,2025-05-02 19:04:06,751.74,0.55
2,running,273.07,0.86,809,2025-05-02 19:04:06,733.01,0.53
3,running,127.75,0.28,372,2025-05-02 19:04:06,748.44,0.54
4,running,84.03,0.46,0,2025-05-02 19:04:06,782.39,0.54
5,running,60,0.33,708,2025-05-02 19:04:06,692.98,0.58
6,running,300,0.9,1239,2025-05-02 19:04:06,770.03,0.58
7,idle,60.0,0.2,0,2025-05-02 19:04:06,679.39,0.57
8,running,300,0.9,1559,2025-05-02 19:04:06,675.39,0.56
9,running,60,0.18,0,2025-05-02 19:04:06,704.45,0.53
10,running,225.59,0.9,2468,2025-05-02 19:04:06,695.9,0.54
1,idle,60.0,0.2,0,2025-05-02 19:04:16,751.74,0.55
2,running,230.59,0.9,984,2025-05-02 19:04:16,733.02,0.54
3,running,80.76,0.45,0,2025-05-02 19:04:16,748.44,0.54
4,idle,60.0,0.2,0,2025-05-02 19:04:16,782.39,0.54
5,running,129.77,0.46,1581,2025-05-02 19:04:16,692.98,0.58
6,running,300,0.9,545,2025-05-02 19:04:16,770.03,0.58
7,running,77.02,0.67,316,2025-05-02 19:04:16,679.39,0.57
8,running,273.05,0.9,862,2025-05-02 19:04:16,675.4,0.57
9,running,60,0.64,683,2025-05-02 19:04:16,704.45,0.53
10,error,60.0,0.2,0,2025-05-02 19:04:16,695.9,0.54
1,running,60,0.48,0,2025-05-02 19:04:26,751.74,0.55
2,running,290.61,0.9,386,2025-05-02 19:04:26,733.02,0.54
3,running,62.8,0.55,616,2025-05-02 19:04:26,748.45,0.55
4,running,79.11,0.62,432,2025-05-02 19:04:26,782.39,0.54
5,running,207.27,0.42,964,2025-05-02 19:04:26,692.98,0.58
6,idle,60.0,0.2,0,2025-05-02 19:04:26,770.03,0.58
7,running,60,0.9,0,2025-05-02 19:04:26,679.39,0.57
8,running,261.98,0.9,565,2025-05-02 19:04:26,675.4,0.57
9,running,97.45,0.9,551,2025-05-02 19:04:26,704.45,0.53
10,idle,60.0,0.2,0,2025-05-02 19:04:26,695.9,0.54
1,error,60.0,0.2,0,2025-05-02 19:04:36,751.74,0.55
2,running,300,0.9,733,2025-05-02 19:04:36,733.02,0.54
3,running,60,0.64,765,2025-05-02 19:04:36,748.45,0.55
4,running,141.95,0.89,322,2025-05-02 19:04:36,782.4,0.55
5,running,281.01,0.52,908,2025-05-02 19:04:36,692.99,0.59
6,running,119.97,0.27,0,2025-05-02 19:04:36,770.03,0.58
7,running,141.76,0.9,0,2025-05-02 19:04:36,679.4,0.58
8,running,298.11,0.9,1203,2025-05-02 19:04:36,675.4,0.57
9,running,115.75,0.9,265,2025-05-02 19:04:36,704.45,0.53
10,running,60,0.27,0,2025-05-02 19:04:36,695.9,0.54
1,running,126.47,0.58,252,2025-05-02 19:04:46,751.74,0.55
2,running,277.88,0.9,0,2025-05-02 19:04:46,733.02,0.54
3,running,126.46,0.73,1159,2025-05-02 19:04:46,748.45,0.55
4,running,238.77,0.9,0,2025-05-02 19:04:46,782.4,0.55
5,running,263.49,0.74,755,2025-05-02 19:04:46,692.99,0.59
6,running,160.5,0.64,337,2025-05-02 19:04:46,770.03,0.58
7,idle,60.0,0.2,0,2025-05-02 19:04:46,679.4,0.58
8,error,60.0,0.2,0,2025-05-02 19:04:46,675.4,0.57
9,running,92.57,0.9,401,2025-05-02 19:04:46,704.46,0.54
10,running,68.47,0.39,0,2025-05-02 19:04:46,695.9,0.54
1,error,60.0,0.2,0,2025-05-02 19:04:56,751.74,0.55
2,running,264.47,0.86,15,2025-05-02 19:04:56,733.03,0.55
3,idle,60.0,0.2,0,2025-05-02 19:04:56,748.45,0.55
4,running,201.8,0.9,301,2025-05-02 19:04:56,782.4,0.55
5,running,300,0.7,740,2025-05-02 19:04:56,692.99,0.59
6,running,127.78,0.8,481,2025-05-02 19:04:56,770.04,0.59
7,running,75.03,0.7,0,2025-05-02 19:04:56,679.4,0.58
8,running,157.83,0.48,133,2025-05-02 19:04:56,675.41,0.58
9,error,60.0,0.2,0,2025-05-02 19:04:56,704.46,0.54
10,running,134.56,0.68,998,2025-05-02 19:04:56,695.91,0.55
1,running,60,0.31,0,2025-05-02 19:05:06,751.74,0.55
2,running,261.62,0.9,911,2025-05-02 19:05:06,733.03,0.55
3,running,132.54,0.27,637,2025-05-02 19:05:06,748.45,0.55
4,running,196.18,0.9,1165,2025-05-02 19:05:06,782.4,0.55
5,running,300,0.9,576,2025-05-02 19:05:06,692.99,0.59
6,idle,60.0,0.2,0,2025-05-02 19:05:06,770.04,0.59
7,running,79.18,0.9,0,2025-05-02 19:05:06,679.4,0.58
8,running,204.22,0.77,345,2025-05-02 19:05:06,675.41,0.58
9,running,82.63,0.55,152,2025-05-02 19:05:06,704.46,0.54
10,running,134.2,0.76,90,2025-05-02 19:05:06,695.91,0.55
1,running,131.37,0.61,0,2025-05-02 19:05:16,751.75,0.56
2,running,215.56,0.9,461,2025-05-02 19:05:16,733.03,0.55
3,running,185.83,0.36,336,2025-05-02 19:05:16,748.46,0.56
4,idle,60.0,0.2,0,2025-05-02 19:05:16,782.4,0.55
5,running,300,0.9,90,2025-05-02 19:05:16,693.0,0.6
6,running,86.49,0.62,960,2025-05-02 19:05:16,770.04,0.59
7,running,118.03,0.9,0,2025-05-02 19:05:16,679.4,0.58
8,running,176.08,0.9,0,2025-05-02 19:05:16,675.41,0.58
9,running,153.86,0.69,0,2025-05-02 19:05:16,704.46,0.54
10,running,171.83,0.9,505,2025-05-02 19:05:16,695.91,0.55
1,running,110.17,0.9,0,2025-05-02 19:05:26,751.75,0.56
2,running,273.24,0.9,0,2025-05-02 19:05:26,733.03,0.55
3,running,256.59,0.69,0,2025-05-02 19:05:26,748.46,0.56
4,running,117.41,0.25,0,2025-05-02 19:05:26,782.41,0.56
5,running,300,0.9,210,2025-05-02 19:05:26,693.0,0.6
6,running,120.54,0.9,98,2025-05-02 19:05:26,770.04,0.59
7,running,87.62,0.9,423,2025-05-02 19:05:26,679.41,0.59
8,running,248.78,0.9,857,2025-05-02 19:05:26,675.41,0.58
9,running,219.54,0.78,0,2025-05-02 19:05:26,704.47,0.55
10,running,158.02,0.9,837,2025-05-02 19:05:26,695.91,0.55
1,running,192.73,0.9,0,2025-05-02 19:05:36,751.75,0.56
2,running,300,0.9,0,2025-05-02 19:05:36,733.04,0.56
3,running,300,0.9,726,2025-05-02 19:05:36,748.46,0.56
4,running,132.24,0.42,157,2025-05-02 19:05:36,782.41,0.56
5,running,300,0.9,0,2025-05-02 19:05:36,693.0,0.6
6,running,150.07,0.9,730,2025-05-02 19:05:36,770.05,0.6
7,running,133.59,0.9,1285,2025-05-02 19:05:36,679.41,0.59
8,idle,60.0,0.2,0,2025-05-02 19:05:36,675.41,0.58
9,idle,60.0,0.2,0,2025-05-02 19:05:36,704.47,0.55
10,running,250.56,0.9,617,2025-05-02 19:05:36,695.92,0.56
1,idle,60.0,0.2,0,2025-05-02 19:05:46,751.75,0.56
2,running,300,0.9,432,2025-05-02 19:05:46,733.04,0.56
3,running,300,0.9,678,2025-05-02 19:05:46,748.46,0.56
4,running,133.53,0.61,0,2025-05-02 19:05:46,782.41,0.56
5,running,300,0.9,207,2025-05-02 19:05:46,693.01,0.61
6,running,119.02,0.88,1652,2025-05-02 19:05:46,770.05,0.6
7,running,131.73,0.9,1972,2025-05-02 19:05:46,679.41,0.59
8,running,96.66,0.34,118,2025-05-02 19:05:46,675.42,0.59
9,running,104.36,0.46,0,2025-05-02 19:05:46,704.47,0.55
10,running,300,0.9,1147,2025-05-02 19:05:46,695.92,0.56
1,running,114.77,0.32,353,2025-05-02 19:05:56,751.75,0.56
2,running,300,0.9,0,2025-05-02 19:05:56,733.04,0.56
3,idle,60.0,0.2,0,2025-05-02 19:05:56,748.46,0.56
4,running,160.22,0.69,0,2025-05-02 19:05:56,782.42,0.57
5,running,300,0.9,0,2025-05-02 19:05:56,693.01,0.61
6,running,86.47,0.9,1578,2025-05-02 19:05:56,770.05,0.6
7,idle,60.0,0.2,0,2025-05-02 19:05:56,679.41,0.59
8,running,60,0.56,982,2025-05-02 19:05:56,675.42,0.59
9,running,97.24,0.67,248,2025-05-02 19:05:56,704.47,0.55
10,running,300,0.9,1873,2025-05-02 19:05:56,695.92,0.56
1,running,86.18,0.78,494,2025-05-02 19:06:06,751.76,0.57
2,running,300,0.88,158,2025-05-02 19:06:06,733.05,0.57
3,running,72.04,0.38,351,2025-05-02 19:06:06,748.47,0.57
4,error,60.0,0.2,0,2025-05-02 19:06:06,782.42,0.57
5,running,300,0.9,0,2025-05-02 19:06:06,693.01,0.61
6,running,169.16,0.9,659,2025-05-02 19:06:06,770.05,0.6
7,running,136.04,0.16,0,2025-05-02 19:06:06,679.42,0.6
8,running,149.36,0.54,896,2025-05-02 19:06:06,675.42,0.59
9,running,88.05,0.9,768,2025-05-02 19:06:06,704.47,0.55
10,error,60.0,0.2,0,2025-05-02 19:06:06,695.92,0.56
1,idle,60.0,0.2,0,2025-05-02 19:06:16,751.76,0.57
2,running,300,0.9,699,2025-05-02 19:06:16,733.05,0.57
3,running,130.5,0.87,0,2025-05-02 19:06:16,748.47,0.57
4,error,60.0,0.2,0,2025-05-02 19:06:16,782.42,0.57
5,running,300,0.9,164,2025-05-02 19:06:16,693.01,0.61
6,running,201.87,0.9,770,2025-05-02 19:06:16,770.06,0.61
7,running,163.58,0.54,349,2025-05-02 19:06:16,679.42,0.6
8,running,139.55,0.76,1244,2025-05-02 19:06:16,675.43,0.6
9,running,178.14,0.9,1314,2025-05-02 19:06:16,704.48,0.56
10,running,114.8,0.25,0,2025-05-02 19:06:16,695.93,0.57
1,running,60,0.64,810,2025-05-02 19:06:26,751.76,0.57
2,idle,60.0,0.2,0,2025-05-02 19:06:26,733.05,0.57
3,idle,60.0,0.2,0,2025-05-02 19:06:26,748.47,0.57
4,running,115.97,0.17,153,2025-05-02 19:06:26,782.42,0.57
5,running,300,0.9,500,2025-05-02 19:06:26,693.02,0.62
6,running,289.02,0.89,741,2025-05-02 19:06:26,770.06,0.61
7,idle,60.0,0.2,0,2025-05-02 19:06:26,679.42,0.6
8,idle,60.0,0.2,0,2025-05-02 19:06:26,675.43,0.6
9,running,216.96,0.9,2272,2025-05-02 19:06:26,704.48,0.56
10,running,88.9,0.53,914,2025-05-02 19:06:26,695.93,0.57
1,idle,60.0,0.2,0,2025-05-02 19:06:36,751.76,0.57
2,running,147.17,0.43,968,2025-05-02 19:06:36,733.05,0.57
3,running,119.87,0.43,975,2025-05-02 19:06:36,748.47,0.57
4,running,188.57,0.48,0,2025-05-02 19:06:36,782.42,0.57
5,running,300,0.9,0,2025-05-02 19:06:36,693.02,0.62
6,running,300,0.9,54,2025-05-02 19:06:36,770.06,0.61
7,running,96.34,0.23,0,2025-05-02 19:06:36,679.42,0.6
8,running,146.05,0.56,53,2025-05-02 19:06:36,675.43,0.6
9,running,196.76,0.9,2046,2025-05-02 19:06:36,704.48,0.56
10,running,136.11,0.7,278,2025-05-02 19:06:36,695.93,0.57
1,running,60,0.51,962,2025-05-02 19:06:46,751.76,0.57
2,running,153.35,0.8,559,2025-05-02 19:06:46,733.05,0.57
3,running,167.42,0.51,1332,2025-05-02 19:06:46,748.48,0.58
4,running,153.59,0.71,226,2025-05-02 19:06:46,782.42,0.57
5,running,256.51,0.9,0,2025-05-02 19:06:46,693.02,0.62
6,running,300,0.9,0,2025-05-02 19:06:46,770.07,0.62
7,running,195.77,0.69,0,2025-05-02 19:06:46,679.42,0.6
8,idle,60.0,0.2,0,2025-05-02 19:06:46,675.43,0.6
9,running,267.0,0.9,2977,2025-05-02 19:06:46,704.48,0.56
10,running,92.81,0.88,324,2025-05-02 19:06:46,695.93,0.57
1,running,156.63,0.53,387,2025-05-02 19:06:56,751.77,0.58
2,idle,60.0,0.2,0,2025-05-02 19:06:56,733.05,0.57
3,idle,60.0,0.2,0,2025-05-02 19:06:56,748.48,0.58
4,running,193.07,0.9,880,2025-05-02 19:06:56,782.43,0.58
5,idle,60.0,0.2,0,2025-05-02 19:06:56,693.02,0.62
6,running,300,0.9,0,2025-05-02 19:06:56,770.07,0.62
7,running,153.8,0.9,0,2025-05-02 19:06:56,679.43,0.61
8,running,60,0.17,860,2025-05-02 19:06:56,675.43,0.6
9,running,273.22,0.9,2447,2025-05-02 19:06:56,704.49,0.57
10,running,82.84,0.9,235,2025-05-02 19:06:56,695.94,0.58
1,running,250.68,0.71,0,2025-05-02 19:07:06,751.77,0.58
2,running,60,0.17,72,2025-05-02 19:07:06,733.06,0.58
3,running,131.51,0.16,679,2025-05-02 19:07:06,748.48,0.58
4,running,228.59,0.9,1348,2025-05-02 19:07:06,782.43,0.58
5,running,65.18,0.2,0,2025-05-02 19:07:06,693.03,0.63
6,running,269.21,0.9,0,2025-05-02 19:07:06,770.07,0.62
7,running,120.9,0.9,0,2025-05-02 19:07:06,679.43,0.61
8,running,79.37,0.18,624,2025-05-02 19:07:06,675.43,0.6
9,running,300,0.9,2700,2025-05-02 19:07:06,704.49,0.57
10,running,135.29,0.9,80,2025-05-02 19:07:06,695.94,0.58
1,error,60.0,0.2,0,2025-05-02 19:07:16,751.77,0.58
2,running,122.78,0.19,0,2025-05-02 19:07:16,733.06,0.58
3,idle,60.0,0.2,0,2025-05-02 19:07:16,748.48,0.58
4,running,300,0.87,857,2025-05-02 19:07:16,782.43,0.58
5,running,129.42,0.25,0,2025-05-02 19:07:16,693.03,0.63
6,running,300,0.9,528,2025-05-02 19:07:16,770.07,0.62
7,running,79.88,0.9,736,2025-05-02 19:07:16,679.43,0.61
8,running,60,0.47,228,2025-05-02 19:07:16,675.44,0.61
9,idle,60.0,0.2,0,2025-05-02 19:07:16,704.49,0.57
10,running,127.15,0.9,0,2025-05-02 19:07:16,695.94,0.58
1,running,60,0.49,0,2025-05-02 19:07:26,751.77,0.58
2,running,115.75,0.57,142,2025-05-02 19:07:26,733.06,0.58
3,running,121.83,0.55,84,2025-05-02 19:07:26,748.48,0.58
4,running,300,0.9,376,2025-05-02 19:07:26,782.44,0.59
5,idle,60.0,0.2,0,2025-05-02 19:07:26,693.03,0.63
6,idle,60.0,0.2,0,2025-05-02 19:07:26,770.07,0.62
7,running,102.64,0.9,268,2025-05-02 19:07:26,679.43,0.61
8,running,115.66,0.54,0,2025-05-02 19:07:26,675.44,0.61
9,running,139.06,0.55,183,2025-05-02 19:07:26,704.49,0.57
10,running,113.98,0.9,949,2025-05-02 19:07:26,695.95,0.59
1,running,136.72,0.65,0,2025-05-02 19:07:36,751.77,0.58
2,running,132.76,0.9,0,2025-05-02 19:07:36,733.07,0.59
3,running,102.82,0.84,0,2025-05-02 19:07:36,748.48,0.58
4,running,300,0.87,1070,2025-05-02 19:07:36,782.44,0.59
5,running,93.97,0.65,0,2025-05-02 19:07:36,693.03,0.63
6,running,60,0.54,0,2025-05-02 19:07:36,770.08,0.63
7,idle,60.0,0.2,0,2025-05-02 19:07:36,679.43,0.61
8,running,105.01,0.5,0,2025-05-02 19:07:36,675.44,0.61
9,running,153.05,0.67,0,2025-05-02 19:07:36,704.5,0.58
10,running,183.57,0.9,1634,2025-05-02 19:07:36,695.95,0.59
1,idle,60.0,0.2,0,2025-05-02 19:07:46,751.77,0.58
2,running,125.17,0.9,847,2025-05-02 19:07:46,733.07,0.59
3,running,91.45,0.9,0,2025-05-02 19:07:46,748.49,0.59
4,running,286.11,0.9,1174,2025-05-02 19:07:46,782.44,0.59
5,running,129.34,0.7,0,2025-05-02 19:07:46,693.03,0.63
6,running,83.14,0.85,663,2025-05-02 19:07:46,770.08,0.63
7,idle,60.0,0.2,0,2025-05-02 19:07:46,679.43,0.61
8,running,201.82,0.65,0,2025-05-02 19:07:46,675.44,0.61
9,idle,60.0,0.2,0,2025-05-02 19:07:46,704.5,0.58
10,idle,60.0,0.2,0,2025-05-02 19:07:46,695.95,0.59
1,running,94.98,0.29,585,2025-05-02 19:07:56,751.78,0.59
2,running,102.84,0.9,237,2025-05-02 19:07:56,733.07,0.59
3,running,74.16,0.9,894,2025-05-02 19:07:56,748.49,0.59
4,running,300,0.9,858,2025-05-02 19:07:56,782.44,0.59
5,idle,60.0,0.2,0,2025-05-02 19:07:56,693.03,0.63
6,running,181.05,0.9,180,2025-05-02 19:07:56,770.08,0.63
7,running,149.01,0.23,49,2025-05-02 19:07:56,679.44,0.62
8,running,227.25,0.62,917,2025-05-02 19:07:56,675.45,0.62
9,running,60,0.5,0,2025-05-02 19:07:56,704.5,0.58
10,error,60.0,0.2,0,2025-05-02 19:07:56,695.95,0.59
1,running,149.87,0.36,0,2025-05-02 19:08:06,751.78,0.59
2,running,115.14,0.9,1063,2025-05-02 19:08:06,733.07,0.59
3,idle,60.0,0.2,0,2025-05-02 19:08:06,748.49,0.59
4,running,300,0.9,1645,2025-05-02 19:08:06,782.45,0.6
5,idle,60.0,0.2,0,2025-05-02 19:08:06,693.03,0.63
6,running,242.93,0.9,0,2025-05-02 19:08:06,770.08,0.63
7,running,123.18,0.54,646,2025-05-02 19:08:06,679.44,0.62
8,running,193.21,0.9,111,2025-05-02 19:08:06,675.45,0.62
9,running,74.33,0.81,577,2025-05-02 19:08:06,704.5,0.58
10,running,60,0.61,0,2025-05-02 19:08:06,695.95,0.59
1,running,246.99,0.84,514,2025-05-02 19:08:16,751.78,0.59
2,running,181.48,0.9,1830,2025-05-02 19:08:16,733.08,0.6
3,running,60,0.22,0,2025-05-02 19:08:16,748.49,0.59
4,idle,60.0,0.2,0,2025-05-02 19:08:16,782.45,0.6
5,running,60,0.59,0,2025-05-02 19:08:16,693.04,0.64
6,error,60.0,0.2,0,2025-05-02 19:08:16,770.08,0.63
7,running,98.92,0.76,0,2025-05-02 19:08:16,679.44,0.62
8,running,147.49,0.9,0,2025-05-02 19:08:16,675.45,0.62
9,running,134.12,0.9,321,2025-05-02 19:08:16,704.5,0.58
10,idle,60.0,0.2,0,2025-05-02 19:08:16,695.95,0.59
1,idle,60.0,0.2,0,2025-05-02 19:08:26,751.78,0.59
2,running,132.09,0.88,2147,2025-05-02 19:08:26,733.08,0.6
3,running,77.11,0.71,748,2025-05-02 19:08:26,748.5,0.6
4,running,147.63,0.7,511,2025-05-02 19:08:26,782.45,0.6
5,idle,60.0,0.2,0,2025-05-02 19:08:26,693.04,0.64
6,running,137.36,0.36,747,2025-05-02 19:08:26,770.09,0.64
7,running,97.49,0.9,768,2025-05-02 19:08:26,679.45,0.63
8,running,204.93,0.9,676,2025-05-02 19:08:26,675.46,0.63
9,running,168.57,0.9,0,2025-05-02 19:08:26,704.51,0.59
10,running,136.17,0.48,0,2025-05-02 19:08:26,695.95,0.59
1,running,82.74,0.34,0,2025-05-02 19:08:36,751.79,0.6
2,running,209.8,0.9,2962,2025-05-02 19:08:36,733.08,0.6
3,running,76.04,0.9,1704,2025-05-02 19:08:36,748.5,0.6
4,running,231.64,0.9,411,2025-05-02 19:08:36,782.45,0.6
5,running,149.15,0.2,0,2025-05-02 19:08:36,693.04,0.64
6,idle,60.0,0.2,0,2025-05-02 19:08:36,770.09,0.64
7,running,60,0.9,983,2025-05-02 19:08:36,679.45,0.63
8,running,290.61,0.9,91,2025-05-02 19:08:36,675.46,0.63
9,idle,60.0,0.2,0,2025-05-02 19:08:36,704.51,0.59
10,running,168.45,0.85,0,2025-05-02 19:08:36,695.96,0.6
1,idle,60.0,0.2,0,2025-05-02 19:08:46,751.79,0.6
2,running,203.36,0.9,2087,2025-05-02 19:08:46,733.08,0.6
3,running,114.74,0.9,1351,2025-05-02 19:08:46,748.5,0.6
4,running,264.16,0.9,0,2025-05-02 19:08:46,782.45,0.6
5,running,174.37,0.53,0,2025-05-02 19:08:46,693.04,0.64
6,idle,60.0,0.2,0,2025-05-02 19:08:46,770.09,0.64
7,running,60,0.9,1259,2025-05-02 19:08:46,679.45,0.63
8,running,300,0.9,680,2025-05-02 19:08:46,675.46,0.63
9,running,60,0.41,191,2025-05-02 19:08:46,704.51,0.59
10,running,261.84,0.9,0,2025-05-02 19:08:46,695.96,0.6
1,running,84.22,0.22,356,2025-05-02 19:08:56,751.79,0.6
2,running,290.75,0.9,2291,2025-05-02 19:08:56,733.09,0.61
3,running,171.87,0.9,1029,2025-05-02 19:08:56,748.5,0.6
4,running,276.58,0.9,0,2025-05-02 19:08:56,782.46,0.61
5,running,250.72,0.9,93,2025-05-02 19:08:56,693.04,0.64
6,running,132.5,0.61,865,2025-05-02 19:08:56,770.09,0.64
7,running,60,0.9,1315,2025-05-02 19:08:56,679.45,0.63
8,running,300,0.88,188,2025-05-02 19:08:56,675.46,0.63
9,running,60,0.58,870,2025-05-02 19:08:56,704.51,0.59
10,running,238.22,0.9,0,2025-05-02 19:08:56,695.96,0.6
1,running,60,0.49,1277,2025-05-02 19:09:06,751.79,0.6
2,running,300,0.9,3242,2025-05-02 19:09:06,733.09,0.61
3,running,214.81,0.9,637,2025-05-02 19:09:06,748.51,0.61
4,running,260.64,0.9,0,2025-05-02 19:09:06,782.46,0.61
5,running,235.03,0.9,845,2025-05-02 19:09:06,693.05,0.65
6,idle,60.0,0.2,0,2025-05-02 19:09:06,770.09,0.64
7,running,75.24,0.9,570,2025-05-02 19:09:06,679.46,0.64
8,running,300,0.9,1169,2025-05-02 19:09:06,675.47,0.64
9,running,126.8,0.77,71,2025-05-02 19:09:06,704.52,0.6
10,error,60.0,0.2,0,2025-05-02 19:09:06,695.96,0.6
1,running,141.66,0.89,1448,2025-05-02 19:09:16,751.79,0.6
2,running,255.17,0.9,3097,2025-05-02 19:09:16,733.09,0.61
3,running,217.1,0.9,102,2025-05-02 19:09:16,748.51,0.61
4,running,300,0.9,0,2025-05-02 19:09:16,782.46,0.61
5,error,60.0,0.2,0,2025-05-02 19:09:16,693.05,0.65
6,error,60.0,0.2,0,2025-05-02 19:09:16,770.09,0.64
7,idle,60.0,0.2,0,2025-05-02 19:09:16,679.46,0.64
8,running,264.64,0.9,676,2025-05-02 19:09:16,675.47,0.64
9,running,173.34,0.9,258,2025-05-02 19:09:16,704.52,0.6
10,running,76.99,0.39,767,2025-05-02 19:09:16,695.96,0.6
1,idle,60.0,0.2,0,2025-05-02 19:09:26,751.79,0.6
2,running,300,0.9,3678,2025-05-02 19:09:26,733.1,0.62
3,running,249.53,0.9,500,2025-05-02 19:09:26,748.51,0.61
4,running,294.63,0.9,941,2025-05-02 19:09:26,782.47,0.62
5,idle,60.0,0.2,0,2025-05-02 19:09:26,693.05,0.65
6,running,60,0.41,0,2025-05-02 19:09:26,770.09,0.64
7,running,60,0.18,978,2025-05-02 19:09:26,679.46,0.64
8,running,300,0.9,793,2025-05-02 19:09:26,675.47,0.64
9,running,185.52,0.9,175,2025-05-02 19:09:26,704.52,0.6
10,running,120.79,0.72,1642,2025-05-02 19:09:26,695.97,0.61
1,running,61.61,0.34,0,2025-05-02 19:09:36,751.8,0.61
2,running,300,0.9,3013,2025-05-02 19:09:36,733.1,0.62
3,running,265.56,0.88,1013,2025-05-02 19:09:36,748.51,0.61
4,running,267.87,0.9,965,2025-05-02 19:09:36,782.47,0.62
5,running,148.59,0.63,811,2025-05-02 19:09:36,693.05,0.65
6,running,60,0.69,0,2025-05-02 19:09:36,770.1,0.65
7,running,93.39,0.18,577,2025-05-02 19:09:36,679.46,0.64
8,running,300,0.9,137,2025-05-02 19:09:36,675.48,0.65
9,running,182.69,0.9,0,2025-05-02 19:09:36,704.52,0.6
10,running,187.32,0.74,1032,2025-05-02 19:09:36,695.97,0.61
1,idle,60.0,0.2,0,2025-05-02 19:09:46,751.8,0.61
2,running,267.86,0.9,3201,2025-05-02 19:09:46,733.1,0.62
3,idle,60.0,0.2,0,2025-05-02 19:09:46,748.51,0.61
4,running,300,0.9,542,2025-05-02 19:09:46,782.47,0.62
5,running,221.85,0.72,1036,2025-05-02 19:09:46,693.05,0.65
6,running,60.5,0.71,0,2025-05-02 19:09:46,770.1,0.65
7,running,76.86,0.46,923,2025-05-02 19:09:46,679.47,0.65
8,running,300,0.9,0,2025-05-02 19:09:46,675.48,0.65
9,idle,60.0,0.2,0,2025-05-02 19:09:46,704.52,0.6
10,running,182.33,0.9,940,2025-05-02 19:09:46,695.97,0.61
1,running,60,0.47,123,2025-05-02 19:09:56,751.8,0.61
2,idle,60.0,0.2,0,2025-05-02 19:09:56,733.1,0.62
3,running,70.78,0.16,0,2025-05-02 19:09:56,748.52,0.62
4,running,263.45,0.9,942,2025-05-02 19:09:56,782.47,0.62
5,running,298.08,0.9,289,2025-05-02 19:09:56,693.06,0.66
6,running,120.01,0.9,0,2025-05-02 19:09:56,770.1,0.65
7,error,60.0,0.2,0,2025-05-02 19:09:56,679.47,0.65
8,running,300,0.9,940,2025-05-02 19:09:56,675.48,0.65
9,running,60,0.48,0,2025-05-02 19:09:56,704.53,0.61
10,running,181.0,0.9,38,2025-05-02 19:09:56,695.98,0.62
1,running,154.38,0.72,0,2025-05-02 19:10:06,751.8,0.61
2,idle,60.0,0.2,0,2025-05-02 19:10:06,733.1,0.62
3,idle,60.0,0.2,0,2025-05-02 19:10:06,748.52,0.62
4,running,250.47,0.85,1176,2025-05-02 19:10:06,782.48,0.63
5,running,264.71,0.9,17,2025-05-02 19:10:06,693.06,0.66
6,running,212.88,0.9,670,2025-05-02 19:10:06,770.1,0.65
7,running,60,0.35,0,2025-05-02 19:10:06,679.47,0.65
8,idle,60.0,0.2,0,2025-05-02 19:10:06,675.48,0.65
9,running,60,0.6,101,2025-05-02 19:10:06,704.53,0.61
10,running,154.25,0.9,248,2025-05-02 19:10:06,695.98,0.62
1,running,158.54,0.9,515,2025-05-02 19:10:16,751.8,0.61
2,idle,60.0,0.2,0,2025-05-02 19:10:16,733.1,0.62
3,running,79.84,0.4,327,2025-05-02 19:10:16,748.52,0.62
4,running,270.65,0.9,1721,2025-05-02 19:10:16,782.48,0.63
5,running,300,0.9,67,2025-05-02 19:10:16,693.06,0.66
6,running,227.63,0.9,123,2025-05-02 19:10:16,770.11,0.66
7,running,60,0.69,0,2025-05-02 19:10:16,679.47,0.65
8,idle,60.0,0.2,0,2025-05-02 19:10:16,675.48,0.65
9,running,60,0.9,0,2025-05-02 19:10:16,704.53,0.61
10,running,184.58,0.9,709,2025-05-02 19:10:16,695.98,0.62
1,running,132.05,0.9,0,2025-05-02 19:10:26,751.81,0.62
2,idle,60.0,0.2,0,2025-05-02 19:10:26,733.1,0.62
3,running,136.83,0.6,952,2025-05-02 19:10:26,748.52,0.62
4,idle,60.0,0.2,0,2025-05-02 19:10:26,782.48,0.63
5,error,60.0,0.2,0,2025-05-02 19:10:26,693.06,0.66
6,error,60.0,0.2,0,2025-05-02 19:10:26,770.11,0.66
7,running,60,0.75,69,2025-05-02 19:10:26,679.47,0.65
8,running,74.48,0.33,0,2025-05-02 19:10:26,675.48,0.65
9,idle,60.0,0.2,0,2025-05-02 19:10:26,704.53,0.61
10,running,182.25,0.87,18,2025-05-02 19:10:26,695.98,0.62
1,running,194.22,0.9,643,2025-05-02 19:10:36,751.81,0.62
2,running,60,0.35,0,2025-05-02 19:10:36,733.1,0.62
3,running,104.36,0.82,250,2025-05-02 19:10:36,748.53,0.63
4,running,159.14,0.27,0,2025-05-02 19:10:36,782.48,0.63
5,running,82.7,0.53,513,2025-05-02 19:10:36,693.06,0.66
6,running,60,0.25,0,2025-05-02 19:10:36,770.11,0.66
7,error,60.0,0.2,0,2025-05-02 19:10:36,679.47,0.65
8,idle,60.0,0.2,0,2025-05-02 19:10:36,675.48,0.65
9,idle,60.0,0.2,0,2025-05-02 19:10:36,704.53,0.61
10,running,212.73,0.9,338,2025-05-02 19:10:36,695.99,0.63
1,running,153.91,0.9,1135,2025-05-02 19:10:46,751.81,0.62
2,running,60,0.84,0,2025-05-02 19:10:46,733.11,0.63
3,running,192.84,0.9,705,2025-05-02 19:10:46,748.53,0.63
4,running,195.02,0.75,0,2025-05-02 19:10:46,782.49,0.64
5,running,75.55,0.7,287,2025-05-02 19:10:46,693.07,0.67
6,running,60,0.59,0,2025-05-02 19:10:46,770.11,0.66
7,running,60,0.27,402,2025-05-02 19:10:46,679.48,0.66
8,running,65.41,0.17,581,2025-05-02 19:10:46,675.49,0.66
9,running,118.86,0.2,74,2025-05-02 19:10:46,704.53,0.61
10,running,300,0.9,937,2025-05-02 19:10:46,695.99,0.63
1,running,147.75,0.9,1167,2025-05-02 19:10:56,751.82,0.63
2,running,60,0.9,0,2025-05-02 19:10:56,733.11,0.63
3,running,143.03,0.9,509,2025-05-02 19:10:56,748.53,0.63
4,running,255.72,0.9,339,2025-05-02 19:10:56,782.49,0.64
5,running,115.57,0.9,1054,2025-05-02 19:10:56,693.07,0.67
6,idle,60.0,0.2,0,2025-05-02 19:10:56,770.11,0.66
7,running,104.86,0.59,776,2025-05-02 19:10:56,679.48,0.66
8,running,60,0.23,685,2025-05-02 19:10:56,675.49,0.66
9,running,169.36,0.7,0,2025-05-02 19:10:56,704.54,0.62
10,running,296.95,0.87,35,2025-05-02 19:10:56,695.99,0.63
1,running,136.08,0.9,1676,2025-05-02 19:11:06,751.82,0.63
2,running,60,0.9,0,2025-05-02 19:11:06,733.11,0.63
3,running,146.98,0.9,495,2025-05-02 19:11:06,748.53,0.63
4,idle,60.0,0.2,0,2025-05-02 19:11:06,782.49,0.64
5,idle,60.0,0.2,0,2025-05-02 19:11:06,693.07,0.67
6,running,72.87,0.46,158,2025-05-02 19:11:06,770.12,0.67
7,running,79.38,0.73,1117,2025-05-02 19:11:06,679.48,0.66
8,running,95.5,0.64,1341,2025-05-02 19:11:06,675.49,0.66
9,running,216.75,0.79,0,2025-05-02 19:11:06,704.54,0.62
10,running,271.31,0.9,0,2025-05-02 19:11:06,696.0,0.64
1,running,159.25,0.9,1646,2025-05-02 19:11:16,751.82,0.63
2,idle,60.0,0.2,0,2025-05-02 19:11:16,733.11,0.63
3,running,147.01,0.9,0,2025-05-02 19:11:16,748.54,0.64
4,running,60,0.67,0,2025-05-02 19:11:16,782.49,0.64
5,idle,60.0,0.2,0,2025-05-02 19:11:16,693.07,0.67
6,running,80.49,0.54,0,2025-05-02 19:11:16,770.12,0.67
7,error,60.0,0.2,0,2025-05-02 19:11:16,679.48,0.66
8,idle,60.0,0.2,0,2025-05-02 19:11:16,675.49,0.66
9,running,229.05,0.9,488,2025-05-02 19:11:16,704.54,0.62
10,running,300,0.9,774,2025-05-02 19:11:16,696.0,0.64
1,running,122.78,0.9,1012,2025-05-02 19:11:26,751.82,0.63
2,running,60,0.31,205,2025-05-02 19:11:26,733.12,0.64
3,running,116.1,0.9,0,2025-05-02 19:11:26,748.54,0.64
4,running,157.78,0.9,0,2025-05-02 19:11:26,782.49,0.64
5,running,109.02,0.55,0,2025-05-02 19:11:26,693.07,0.67
6,running,60,0.53,0,2025-05-02 19:11:26,770.12,0.67
7,running,138.07,0.55,247,2025-05-02 19:11:26,679.48,0.66
8,running,73.56,0.37,322,2025-05-02 19:11:26,675.49,0.66
9,running,300,0.9,108,2025-05-02 19:11:26,704.55,0.63
10,idle,60.0,0.2,0,2025-05-02 19:11:26,696.0,0.64
1,running,175.3,0.9,251,2025-05-02 19:11:36,751.83,0.64
2,running,60,0.58,0,2025-05-02 19:11:36,733.12,0.64
3,running,122.7,0.86,0,2025-05-02 19:11:36,748.54,0.64
4,running,174.17,0.9,822,2025-05-02 19:11:36,782.5,0.65
5,running,78.52,0.57,0,2025-05-02 19:11:36,693.08,0.68
6,running,123.21,0.81,0,2025-05-02 19:11:36,770.12,0.67
7,running,169.36,0.69,0,2025-05-02 19:11:36,679.49,0.67
8,running,60,0.45,90,2025-05-02 19:11:36,675.5,0.67
9,running,300,0.9,0,2025-05-02 19:11:36,704.55,0.63
10,running,74.48,0.57,0,2025-05-02 19:11:36,696.0,0.64
1,idle,60.0,0.2,0,2025-05-02 19:11:46,751.83,0.64
2,idle,60.0,0.2,0,2025-05-02 19:11:46,733.12,0.64
3,running,185.51,0.9,102,2025-05-02 19:11:46,748.55,0.65
4,running,136.79,0.9,1095,2025-05-02 19:11:46,782.5,0.65
5,running,94.1,0.65,46,2025-05-02 19:11:46,693.08,0.68
6,running,100.67,0.8,606,2025-05-02 19:11:46,770.13,0.68
7,running,197.62,0.67,0,2025-05-02 19:11:46,679.49,0.67
8,running,60,0.85,831,2025-05-02 19:11:46,675.5,0.67
9,running,272.24,0.9,0,2025-05-02 19:11:46,704.55,0.63
10,running,110.84,0.57,340,2025-05-02 19:11:46,696.0,0.64
1,running,102.58,0.36,0,2025-05-02 19:11:56,751.83,0.64
2,running,151.38,0.26,0,2025-05-02 19:11:56,733.12,0.64
3,idle,60.0,0.2,0,2025-05-02 19:11:56,748.55,0.65
4,running,191.17,0.9,673,2025-05-02 19:11:56,782.5,0.65
5,running,113.55,0.63,1034,2025-05-02 19:11:56,693.08,0.68
6,idle,60.0,0.2,0,2025-05-02 19:11:56,770.13,0.68
7,running,285.58,0.81,150,2025-05-02 19:11:56,679.49,0.67
8,running,60,0.83,0,2025-05-02 19:11:56,675.5,0.67
9,idle,60.0,0.2,0,2025-05-02 19:11:56,704.55,0.63
10,running,76.49,0.74,679,2025-05-02 19:11:56,696.01,0.65
1,idle,60.0,0.2,0,2025-05-02 19:12:06,751.83,0.64
2,running,196.28,0.45,0,2025-05-02 19:12:06,733.12,0.64
3,running,82.5,0.47,0,2025-05-02 19:12:06,748.55,0.65
4,running,157.64,0.89,1013,2025-05-02 19:12:06,782.5,0.65
5,running,195.67,0.9,811,2025-05-02 19:12:06,693.08,0.68
6,running,129.53,0.27,0,2025-05-02 19:12:06,770.13,0.68
7,idle,60.0,0.2,0,2025-05-02 19:12:06,679.49,0.67
8,running,84.7,0.9,0,2025-05-02 19:12:06,675.51,0.68
9,running,72.62,0.69,573,2025-05-02 19:12:06,704.55,0.63
10,running,99.85,0.9,285,2025-05-02 19:12:06,696.01,0.65
1,running,60,0.4,0,2025-05-02 19:12:16,751.83,0.64
2,running,247.48,0.67,0,2025-05-02 19:12:16,733.13,0.65
3,running,60,0.54,417,2025-05-02 19:12:16,748.55,0.65
4,running,184.04,0.9,1952,2025-05-02 19:12:16,782.51,0.66
5,error,60.0,0.2,0,2025-05-02 19:12:16,693.08,0.68
6,error,60.0,0.2,0,2025-05-02 19:12:16,770.13,0.68
7,running,85.11,0.19,825,2025-05-02 19:12:16,679.5,0.68
8,running,60,0.9,471,2025-05-02 19:12:16,675.51,0.68
9,running,168.09,0.9,376,2025-05-02 19:12:16,704.56,0.64
10,running,119.14,0.9,0,2025-05-02 19:12:16,696.01,0.65
1,running,126.77,0.86,0,2025-05-02 19:12:26,751.84,0.65
2,running,282.56,0.8,0,2025-05-02 19:12:26,733.13,0.65
3,running,98.53,0.66,207,2025-05-02 19:12:26,748.55,0.65
4,running,202.71,0.9,1506,2025-05-02 19:12:26,782.51,0.66
5,running,81.22,0.4,0,2025-05-02 19:12:26,693.09,0.69
6,idle,60.0,0.2,0,2025-05-02 19:12:26,770.13,0.68
7,running,90.03,0.2,471,2025-05-02 19:12:26,679.5,0.68
8,running,123.19,0.9,0,2025-05-02 19:12:26,675.51,0.68
9,running,252.92,0.9,1056,2025-05-02 19:12:26,704.56,0.64
10,running,202.76,0.9,0,2025-05-02 19:12:26,696.01,0.65
1,idle,60.0,0.2,0,2025-05-02 19:12:36,751.84,0.65
2,idle,60.0,0.2,0,2025-05-02 19:12:36,733.13,0.65
3,running,122.05,0.71,373,2025-05-02 19:12:36,748.56,0.66
4,idle,60.0,0.2,0,2025-05-02 19:12:36,782.51,0.66
5,running,129.94,0.82,447,2025-05-02 19:12:36,693.09,0.69
6,running,72.47,0.2,225,2025-05-02 19:12:36,770.13,0.68
7,running,72.9,0.64,938,2025-05-02 19:12:36,679.5,0.68
8,running,82.31,0.9,538,2025-05-02 19:12:36,675.51,0.68
9,running,300,0.9,1419,2025-05-02 19:12:36,704.56,0.64
10,running,191.57,0.9,0,2025-05-02 19:12:36,696.02,0.66
1,running,61.83,0.35,0,2025-05-02 19:12:46,751.84,0.65
2,running,60,0.49,642,2025-05-02 19:12:46,733.13,0.65
3,running,177.16,0.9,893,2025-05-02 19:12:46,748.56,0.66
4,idle,60.0,0.2,0,2025-05-02 19:12:46,782.51,0.66
5,idle,60.0,0.2,0,2025-05-02 19:12:46,693.09,0.69
6,running,166.88,0.33,0,2025-05-02 19:12:46,770.13,0.68
7,running,83.13,0.78,271,2025-05-02 19:12:46,679.5,0.68
8,running,105.82,0.9,0,2025-05-02 19:12:46,675.52,0.69
9,running,282.51,0.86,2257,2025-05-02 19:12:46,704.57,0.65
10,running,218.22,0.9,852,2025-05-02 19:12:46,696.02,0.66
1,running,96.51,0.83,0,2025-05-02 19:12:56,751.84,0.65
2,running,136.39,0.88,675,2025-05-02 19:12:56,733.13,0.65
3,running,153.79,0.9,560,2025-05-02 19:12:56,748.56,0.66
4,running,60,0.61,0,2025-05-02 19:12:56,782.51,0.66
5,running,126.58,0.37,0,2025-05-02 19:12:56,693.09,0.69
6,running,127.62,0.48,842,2025-05-02 19:12:56,770.14,0.69
7,running,60,0.9,0,2025-05-02 19:12:56,679.51,0.69
8,running,116.3,0.9,0,2025-05-02 19:12:56,675.52,0.69
9,running,300,0.9,2876,2025-05-02 19:12:56,704.57,0.65
10,running,271.05,0.9,787,2025-05-02 19:12:56,696.02,0.66
1,error,60.0,0.2,0,2025-05-02 19:13:06,751.84,0.65
2,idle,60.0,0.2,0,2025-05-02 19:13:06,733.13,0.65
3,idle,60.0,0.2,0,2025-05-02 19:13:06,748.56,0.66
4,running,60,0.67,0,2025-05-02 19:13:06,782.52,0.67
5,running,205.86,0.48,578,2025-05-02 19:13:06,693.09,0.69
6,running,135.31,0.76,1748,2025-05-02 19:13:06,770.14,0.69
7,running,138.64,0.9,40,2025-05-02 19:13:06,679.51,0.69
8,running,88.62,0.9,0,2025-05-02 19:13:06,675.52,0.69
9,running,300,0.9,3296,2025-05-02 19:13:06,704.57,0.65
10,running,235.38,0.9,816,2025-05-02 19:13:06,696.03,0.67
1,running,149.11,0.57,265,2025-05-02 19:13:16,751.84,0.65
2,running,60,0.54,0,2025-05-02 19:13:16,733.14,0.66
3,running,158.38,0.39,503,2025-05-02 19:13:16,748.56,0.66
4,running,60,0.68,323,2025-05-02 19:13:16,782.52,0.67
5,running,273.86,0.88,470,2025-05-02 19:13:16,693.1,0.7
6,running,138.92,0.9,1984,2025-05-02 19:13:16,770.14,0.69
7,running,206.62,0.9,0,2025-05-02 19:13:16,679.51,0.69
8,idle,60.0,0.2,0,2025-05-02 19:13:16,675.52,0.69
9,running,275.09,0.9,4252,2025-05-02 19:13:16,704.57,0.65
10,running,300,0.9,18,2025-05-02 19:13:16,696.03,0.67
1,running,220.92,0.7,0,2025-05-02 19:13:26,751.85,0.66
2,running,60,0.79,579,2025-05-02 19:13:26,733.14,0.66
3,running,257.58,0.47,482,2025-05-02 19:13:26,748.57,0.67
4,running,103.68,0.9,631,2025-05-02 19:13:26,782.52,0.67
5,running,226.64,0.9,1243,2025-05-02 19:13:26,693.1,0.7
6,running,90.28,0.9,2652,2025-05-02 19:13:26,770.15,0.7
7,running,160.83,0.9,236,2025-05-02 19:13:26,679.52,0.7
8,running,143.26,0.65,345,2025-05-02 19:13:26,675.53,0.7
9,running,275.86,0.9,3499,2025-05-02 19:13:26,704.58,0.66
10,running,300,0.9,93,2025-05-02 19:13:26,696.03,0.67
1,running,197.81,0.9,0,2025-05-02 19:13:36,751.85,0.66
2,running,60,0.88,1015,2025-05-02 19:13:36,733.14,0.66
3,running,300,0.9,307,2025-05-02 19:13:36,748.57,0.67
4,idle,60.0,0.2,0,2025-05-02 19:13:36,782.52,0.67
5,error,60.0,0.2,0,2025-05-02 19:13:36,693.1,0.7
6,running,60,0.9,2434,2025-05-02 19:13:36,770.15,0.7
7,idle,60.0,0.2,0,2025-05-02 19:13:36,679.52,0.7
8,running,152.15,0.9,293,2025-05-02 19:13:36,675.53,0.7
9,running,255.44,0.9,4357,2025-05-02 19:13:36,704.58,0.66
10,running,288.0,0.9,0,2025-05-02 19:13:36,696.03,0.67
1,running,216.4,0.9,0,2025-05-02 19:13:46,751.85,0.66
2,running,116.16,0.9,1667,2025-05-02 19:13:46,733.15,0.67
3,running,300,0.9,1073,2025-05-02 19:13:46,748.57,0.67
4,running,134.53,0.16,0,2025-05-02 19:13:46,782.52,0.67
5,running,60,0.4,0,2025-05-02 19:13:46,693.1,0.7
6,running,124.33,0.9,1712,2025-05-02 19:13:46,770.15,0.7
7,running,113.08,0.31,905,2025-05-02 19:13:46,679.52,0.7
8,running,211.91,0.9,1005,2025-05-02 19:13:46,675.53,0.7
9,running,214.69,0.9,4647,2025-05-02 19:13:46,704.58,0.66
10,running,300,0.9,647,2025-05-02 19:13:46,696.04,0.68
1,error,60.0,0.2,0,2025-05-02 19:13:57,751.85,0.66
2,running,181.9,0.9,1816,2025-05-02 19:13:57,733.15,0.67
3,running,300,0.9,2023,2025-05-02 19:13:57,748.58,0.68
4,idle,60.0,0.2,0,2025-05-02 19:13:57,782.52,0.67
5,running,108.43,0.4,430,2025-05-02 19:13:57,693.11,0.71
6,running,198.83,0.9,1645,2025-05-02 19:13:57,770.15,0.7
7,idle,60.0,0.2,0,2025-05-02 19:13:57,679.52,0.7
8,running,296.6,0.9,1824,2025-05-02 19:13:57,675.53,0.7
9,running,240.01,0.9,5478,2025-05-02 19:13:57,704.58,0.66
10,running,300,0.9,461,2025-05-02 19:13:57,696.04,0.68
1,running,118.85,0.42,0,2025-05-02 19:14:07,751.85,0.66
2,running,233.7,0.9,1398,2025-05-02 19:14:07,733.15,0.67
3,idle,60.0,0.2,0,2025-05-02 19:14:07,748.58,0.68
4,error,60.0,0.2,0,2025-05-02 19:14:07,782.52,0.67
5,running,153.68,0.66,0,2025-05-02 19:14:07,693.11,0.71
6,running,161.73,0.9,761,2025-05-02 19:14:07,770.16,0.71
7,running,83.09,0.34,0,2025-05-02 19:14:07,679.52,0.7
8,running,300,0.87,2616,2025-05-02 19:14:07,675.54,0.71
9,running,230.28,0.9,5849,2025-05-02 19:14:07,704.59,0.67
10,running,289.43,0.9,0,2025-05-02 19:14:07,696.04,0.68
1,idle,60.0,0.2,0,2025-05-02 19:14:17,751.85,0.66
2,idle,60.0,0.2,0,2025-05-02 19:14:17,733.15,0.67
3,running,65.69,0.45,0,2025-05-02 19:14:17,748.58,0.68
4,running,60,0.52,340,2025-05-02 19:14:17,782.53,0.68
5,running,235.0,0.9,324,2025-05-02 19:14:17,693.11,0.71
6,running,235.31,0.9,123,2025-05-02 19:14:17,770.16,0.71
7,running,98.5,0.67,0,2025-05-02 19:14:17,679.52,0.7
8,running,300,0.9,3412,2025-05-02 19:14:17,675.54,0.71
9,idle,60.0,0.2,0,2025-05-02 19:14:17,704.59,0.67
10,running,300,0.9,749,2025-05-02 19:14:17,696.05,0.69
